borrower_id,income_now,credit_limit_now,balance_now,utilization_now,credit_score_now,age_now,late_streak_now,days_late_now,utilization_trend_3m,credit_score_trend_3m,is_late_trend_3m,late_count_9m,max_days_late_9m,utilization_volatility,dti_proxy,headroom,defaulted
0,55375.18,3840.06,2445.11,0.6367,745,49,0,0,0.13656666666666661,4.6666666666667425,0.3333333333333333,1,42,0.10844239254092466,0.5298641014555913,0.36329999999999996,1
1,37966.1,6899.43,1930.01,0.2797,776,27,0,0,-0.0025333333333332764,2.3333333333333712,0.0,0,0,0.003961726615729296,0.610021044897415,0.7202999999999999,0
2,53911.24,5623.4,1411.64,0.251,587,38,0,0,-0.012266666666666648,-6.0,0.3333333333333333,1,25,0.007335529974037311,0.3142142528391005,0.749,0
3,46043.64,7836.95,4331.74,0.5527,625,43,1,52,0.07316666666666666,-11.666666666666629,0.6666666666666666,2,52,0.0625414662444046,1.1289481019843919,0.44730000000000003,0
4,31768.95,8361.96,2866.31,0.3428,698,68,0,0,0.03653333333333342,3.3333333333333712,0.0,0,0,0.02335208770110287,1.0826835632593397,0.6572,0
5,31414.83,12764.57,9049.9,0.709,699,43,1,14,0.15626666666666666,2.6666666666666288,0.3333333333333333,1,14,0.12652082612931534,3.4569278254415785,0.29100000000000004,0
6,49667.84,3133.76,748.11,0.2387,644,41,0,0,0.012966666666666682,3.0,0.0,0,0,0.009347608131376604,0.18074713935276898,0.7613,0
7,19456.93,8217.41,4683.5,0.5699,651,43,0,0,0.12023333333333336,0.0,0.0,0,0,0.0935813431073618,2.8885338008276533,0.43010000000000004,0
8,42739.79,2092.57,470.17,0.2247,746,34,0,0,0.003799999999999998,3.0,0.0,0,0,0.00520891330104254,0.13200907160320374,0.7753,1
9,22107.57,2019.76,367.35,0.1819,761,48,0,0,0.0017333333333333645,-1.0,0.0,0,0,0.004699231615676961,0.19939776273951534,0.8181,0
10,47342.44,6771.67,1421.1,0.2099,625,25,0,0,-0.007766666666666644,-5.333333333333371,0.0,0,0,0.0069720872054213285,0.36020957085603283,0.7901,0
11,66514.19,9792.4,4597.91,0.4695,570,44,0,0,0.06209999999999993,-6.0,0.0,0,0,0.05385212262400721,0.8295210388947943,0.5305,0
12,24914.74,7929.75,1381.62,0.1742,637,33,0,0,-0.004733333333333339,1.6666666666666288,0.0,0,0,0.0033387872049593136,0.665447040266711,0.8258,0
13,48784.41,7157.24,2281.84,0.3188,603,21,0,0,0.008000000000000007,-2.0,0.0,0,0,0.008003592943172455,0.5612875095397187,0.6812,0
14,96059.84,14915.98,1917.59,0.1286,750,41,1,59,-0.0015000000000000013,1.6666666666666288,0.3333333333333333,2,59,0.0014660983747499484,0.23954943082484215,0.8714,0
15,23277.95,8116.44,2568.55,0.3165,692,36,0,0,0.006999999999999951,-6.0,0.0,0,0,0.005270910737244556,1.3241114438389405,0.6835,0
16,53649.31,11790.6,3005.19,0.2549,614,23,0,0,0.03086666666666668,2.3333333333332575,0.0,0,0,0.024402766236638007,0.6721853457562413,0.7451,1
17,62057.63,3396.54,1181.56,0.3479,666,49,0,0,0.06376666666666664,-0.33333333333337123,0.0,0,0,0.05155877983212732,0.22847665947375492,0.6521,0
18,40412.08,11482.22,2739.49,0.2386,760,59,0,0,-0.002999999999999947,-4.6666666666667425,-0.3333333333333333,1,53,0.00419374534276941,0.8134666661611676,0.7614,0
19,39534.74,10170.38,3400.03,0.3343,635,43,0,0,0.01426666666666665,5.0,0.0,0,0,0.010654042008135276,1.032012857239376,0.6657,0
20,62670.1,10393.39,3527.08,0.3394,707,24,0,0,0.004566666666666663,4.333333333333371,-0.3333333333333333,1,22,0.008151533598041553,0.6753612965655976,0.6606000000000001,0
21,88360.6,500.0,124.66,0.2493,604,23,0,0,-0.0055333333333333345,9.0,0.0,0,0,0.009278334979941176,0.016929717541492962,0.7507,0
22,36848.8,500.0,150.83,0.3017,594,21,0,0,0.006566666666666665,-2.6666666666667425,0.0,0,0,0.005472608559402401,0.04911856015421336,0.6982999999999999,0
23,63884.54,10601.0,3369.47,0.3178,678,56,0,0,-0.005266666666666642,-13.666666666666629,0.0,2,38,0.0035093130065267353,0.6329174475139836,0.6821999999999999,0
24,26234.91,8915.08,1262.67,0.1416,756,41,0,0,-0.00033333333333335213,3.0,0.0,0,0,0.0035434603301167434,0.5775525813913359,0.8584,0
25,88383.85,12904.14,2549.31,0.1976,519,34,0,0,0.0019333333333333425,8.333333333333314,0.0,0,0,0.004282652345347566,0.34612341503392885,0.8024,0
26,47411.52,6240.05,739.82,0.1186,486,23,0,0,-0.003699999999999995,-10.333333333333314,0.0,0,0,0.0032287768581925865,0.187250693454945,0.8814,0
27,48577.99,5509.84,1635.95,0.2969,614,33,0,0,0.0041999999999999815,-1.0,0.3333333333333333,1,36,0.005930031853015438,0.4041212902211587,0.7031000000000001,0
28,61112.8,9582.04,2751.76,0.2872,558,29,0,0,-0.006000000000000005,-14.0,-0.3333333333333333,1,31,0.007586025163270782,0.5403306671190983,0.7128,0
29,43263.21,13432.48,2502.29,0.1863,697,40,0,0,0.007233333333333314,-4.0,0.0,0,0,0.007166259678366231,0.6940650033058393,0.8137,0
30,127360.98,3599.46,593.24,0.1648,671,59,1,23,-0.0131,3.3333333333333712,0.3333333333333333,1,23,0.010855989130429353,0.05589529853907576,0.8351999999999999,0
31,38813.67,5886.3,988.57,0.1679,711,21,0,0,0.014666666666666661,-0.33333333333337123,0.0,0,0,0.013945110652523013,0.3056356174598376,0.8321000000000001,0
32,29198.23,14824.37,3420.13,0.2307,732,41,0,0,-0.006733333333333341,-1.3333333333333712,0.0,0,0,0.007857957749950063,1.4056180796963578,0.7693,0
33,34529.04,7094.18,1606.63,0.2265,715,38,0,0,0.0021333333333333204,-5.666666666666629,-0.3333333333333333,3,57,0.005813943966400465,0.558357834254868,0.7735,0
34,54540.26,3745.76,698.3,0.1864,678,21,0,0,-0.009199999999999986,-7.6666666666667425,0.0,0,0,0.007830779725615513,0.15364063167568895,0.8136,0
35,50915.91,3088.34,956.81,0.3098,541,33,0,0,0.04573333333333332,-1.6666666666666288,0.3333333333333333,1,29,0.0406904814149179,0.2255035802619251,0.6901999999999999,0
36,39643.06,16856.61,2845.75,0.1688,653,30,0,0,-0.009599999999999997,1.6666666666667425,0.0,1,18,0.00864956646312404,0.861411808010357,0.8311999999999999,0
37,56759.62,10332.43,4006.9,0.3878,642,21,0,0,0.016699999999999993,-2.0,-0.3333333333333333,1,17,0.009660414644885148,0.847130406965981,0.6122000000000001,0
38,57307.22,9985.37,3257.49,0.3262,733,40,0,0,-0.002066666666666661,-3.0,0.0,0,0,0.004913869260685655,0.6821109101403744,0.6738,0
39,62442.25,12988.85,2104.74,0.162,849,21,0,0,-0.0121,2.0,0.0,0,0,0.009233965080674231,0.40448382297476776,0.838,0
40,50872.19,4926.58,1031.25,0.2093,674,28,0,0,-0.00993333333333335,-1.0,-0.3333333333333333,1,16,0.010027462291128308,0.2432566790830298,0.7907,0
41,29400.43,15544.76,5099.26,0.328,665,21,0,0,-0.002933333333333288,8.0,0.0,0,0,0.007249846741675133,2.0813001706105796,0.6719999999999999,0
42,54409.92,7865.59,2067.89,0.2629,646,39,0,0,-0.005100000000000049,2.3333333333332575,0.0,0,0,0.009320467322570844,0.45606904025088013,0.7371,0
43,76821.35,7820.02,1577.78,0.2018,542,46,0,0,-0.006033333333333335,-7.333333333333371,0.0,0,0,0.007977799055991424,0.24645961047342285,0.7982,0
44,33234.79,10958.77,6506.86,0.5938,732,69,0,0,0.10579999999999995,-0.6666666666666288,0.0,0,0,0.07933883734408458,2.349415175236763,0.4062,0
45,39370.45,12927.5,3081.89,0.2384,724,40,0,0,-0.0052666666666666695,0.6666666666667425,0.0,1,41,0.00538619634910491,0.9393512136317413,0.7616,0
46,57274.74,6479.85,2327.98,0.3593,563,48,0,0,0.01990000000000003,4.3333333333332575,0.0,0,0,0.012310970717209916,0.48775009706106043,0.6407,0
47,25154.35,11294.88,2539.16,0.2248,643,33,0,0,-0.00163333333333332,2.6666666666667425,0.0,0,0,0.0025739075352467465,1.21131812133743,0.7752,0
48,41397.49,8475.19,3173.66,0.3745,658,34,0,0,0.046466666666666656,7.0,0.0,0,0,0.038111572316613294,0.9199572241930735,0.6255,1
49,52589.94,13159.72,4185.73,0.3181,578,40,0,0,-0.005966666666666676,-2.0,0.3333333333333333,1,31,0.006639088792899208,0.9551020592253722,0.6819,0
50,61228.3,6144.8,1364.82,0.2221,722,25,0,0,-0.01943333333333333,-2.6666666666666288,0.3333333333333333,1,35,0.011686863470485911,0.2674880732731456,0.7779,0
51,72567.27,11881.99,1684.12,0.1417,622,43,0,0,-0.0007666666666666933,-1.6666666666667425,0.0,0,0,0.0013992061241210265,0.27849249388406216,0.8583000000000001,0
52,51878.65,6411.22,1318.8,0.2057,675,28,0,0,0.019100000000000006,8.666666666666629,0.0,0,0,0.013989500030777056,0.30505034337515324,0.7943,1
53,81313.23,8097.79,1496.21,0.1848,652,36,0,0,0.006233333333333341,-8.333333333333371,-0.3333333333333333,1,21,0.004543248959842628,0.22080687235460106,0.8152,0
54,68035.1,6663.52,2339.36,0.3511,755,46,0,0,0.006266666666666754,2.3333333333333712,0.0,0,0,0.007617578355356784,0.4126152529363316,0.6489,0
55,33735.45,4385.86,1498.03,0.3416,674,32,0,0,-0.005466666666666675,0.6666666666667425,0.0,0,0,0.008276086702730398,0.5328626116920228,0.6584,0
56,51674.48,2825.98,1736.22,0.6144,645,40,0,0,0.11370000000000008,9.333333333333371,0.3333333333333333,1,15,0.09345196329903638,0.40319012392890485,0.38560000000000005,1
57,37875.35,9361.76,2087.23,0.223,630,30,0,0,-0.003700000000000009,3.3333333333332575,0.0,0,0,0.006558222150688226,0.6612944828777679,0.777,0
58,86750.71,8341.49,3302.78,0.3959,581,21,0,0,0.08560000000000001,-1.6666666666667425,0.0,1,12,0.06797769446255472,0.4568649639238413,0.6041000000000001,1
59,22771.7,3472.05,827.7,0.2384,744,21,0,0,0.00823333333333337,4.333333333333371,0.0,0,0,0.006445562642452383,0.4361729688501923,0.7616,0
60,49394.6,7861.28,1387.74,0.1765,564,33,0,0,0.01683333333333331,1.0,0.0,0,0,0.017603771691821552,0.3371396872523378,0.8235,0
61,40124.91,1802.97,355.59,0.1972,659,25,0,0,-0.008766666666666673,3.0,0.0,0,0,0.006981940990870667,0.10634491139603455,0.8028,0
62,105874.01,15929.04,1949.77,0.1224,694,38,0,0,-0.007133333333333339,7.333333333333371,0.0,0,0,0.0052080333246928324,0.22099134619863842,0.8776,0
63,48208.04,12013.91,3545.88,0.2951,757,35,0,0,0.006166666666666654,4.666666666666629,0.0,0,0,0.004551098768429412,0.882644471532306,0.7049000000000001,0
64,30519.65,12135.24,1245.46,0.1026,603,49,0,0,-0.0023666666666666697,12.0,0.0,0,0,0.0017861348711051368,0.48970155274138405,0.8974,0
65,88188.58,11146.07,1084.33,0.0973,690,45,0,0,-0.0011333333333333473,6.0,0.0,0,0,0.0019843134832984504,0.1475469952938287,0.9027000000000001,0
66,55597.78,7324.63,1119.93,0.1529,585,38,0,0,-0.0002999999999999947,-1.6666666666667425,0.0,0,0,0.004126068885082321,0.24172116219567302,0.8471,0
67,54849.14,8184.81,1625.69,0.1986,729,49,0,0,-0.01570000000000002,5.0,0.0,0,0,0.015101986624282237,0.3556715747180711,0.8014,0
68,75825.41,4254.71,860.44,0.2022,639,43,0,0,0.001233333333333364,1.3333333333332575,0.0,0,0,0.00304484993244515,0.13617176614496299,0.7978000000000001,0
69,53858.52,3499.11,891.35,0.2547,624,63,0,0,-0.0019333333333333425,-1.6666666666667425,0.0,0,0,0.006964553108419809,0.19859810476813738,0.7453000000000001,0
70,36233.57,8224.57,3255.02,0.3958,614,33,0,0,0.06496666666666667,-2.3333333333333712,0.0,0,0,0.05065441189515921,1.0780124615671007,0.6042000000000001,0
71,51332.14,6782.64,1916.33,0.2825,616,46,1,6,-0.0031333333333333213,-6.0,0.3333333333333333,1,6,0.009299596765451744,0.44798366081414476,0.7175,0
72,73472.33,7017.12,1737.87,0.2477,632,22,0,0,-0.006100000000000022,-7.0,0.0,0,0,0.005352128340929218,0.2838407329207323,0.7523,0
73,57505.81,5833.6,1224.63,0.2099,716,42,0,0,-0.0012333333333333085,2.6666666666666288,-0.3333333333333333,1,59,0.006487295276153224,0.2555491348949508,0.7901,0
74,81681.95,13875.05,3297.57,0.2377,687,44,0,0,0.030133333333333345,6.666666666666629,0.0,0,0,0.028021098201969956,0.4844502364865995,0.7623,1
75,28618.58,7097.73,1391.74,0.1961,696,24,0,0,0.003433333333333344,-7.0,0.0,0,0,0.006194352266379439,0.5835677379170171,0.8039000000000001,0
76,41999.87,14491.89,5214.84,0.3598,727,75,0,0,0.0368,2.3333333333333712,0.0,0,0,0.034781065251081655,1.4899588970661217,0.6402,1
77,41992.29,11064.74,3519.13,0.318,661,33,1,42,0.0033666666666666845,-8.666666666666742,0.0,2,42,0.004012618984044117,1.0056503226647606,0.6819999999999999,0
78,30431.92,14114.24,2134.55,0.1512,758,44,0,0,-0.008433333333333348,8.0,0.0,0,0,0.008763291492229283,0.8417017391574236,0.8488,0
79,62592.5,1484.01,310.58,0.2093,773,40,0,0,-0.0010000000000000009,3.6666666666666288,0.0,0,0,0.003331958049622538,0.05954323599928874,0.7907,0
80,32594.36,8405.23,2576.15,0.3065,618,43,0,0,0.053299999999999986,0.0,0.0,0,0,0.0456851483282891,0.9484401592367121,0.6935,0
81,40131.39,2047.77,1428.51,0.6976,739,22,0,0,0.15089999999999998,-9.666666666666629,0.6666666666666666,2,33,0.11849053759688997,0.4271499191748455,0.3024,0
82,99949.0,14494.35,4383.81,0.3024,685,43,0,0,-0.006566666666666665,-4.333333333333371,0.0,0,0,0.006379459224730541,0.526325626006104,0.6976,0
83,46804.32,8758.56,1597.85,0.1824,622,53,0,0,-0.0055666666666666365,0.0,0.0,0,0,0.00509127794479058,0.4096673126558401,0.8176,0
84,25613.97,6565.57,1710.02,0.2605,705,29,0,0,0.0029000000000000137,2.6666666666666288,0.0,0,0,0.0037302814907189015,0.8011346929189963,0.7395,0
85,69385.47,6567.96,2781.16,0.4234,702,39,0,0,0.035166666666666624,6.0,-0.3333333333333333,1,36,0.03319446490004022,0.48099292249844355,0.5766,0
86,102277.52,6637.98,943.76,0.1422,724,35,0,0,-0.0010000000000000009,0.6666666666667425,0.0,0,0,0.004417578522222335,0.11072931763178503,0.8578,0
87,40902.74,7017.8,2143.07,0.3054,754,21,0,0,-0.013833333333333309,-3.3333333333333712,0.0,0,0,0.0118848643240047,0.6287314735505549,0.6946,0
88,38126.77,6886.53,1504.49,0.2185,697,33,0,0,0.00040000000000001146,-6.0,0.0,0,0,0.005119353257763882,0.47352240943352225,0.7815,0
89,64852.41,4185.72,1906.48,0.4555,707,31,0,0,0.0855333333333334,4.0,0.0,0,0,0.06758845027895753,0.3527665355191395,0.5445,1
90,58191.76,12309.91,2050.29,0.1666,659,47,0,0,-0.010666666666666685,5.3333333333332575,0.0,0,0,0.005232855604522045,0.4228000664514425,0.8334,0
91,73703.3,9676.8,1929.77,0.1994,691,51,0,0,-0.006666666666666654,-1.6666666666666288,0.0,0,0,0.006586686909550555,0.31419542946149837,0.8006,1
92,35361.63,11560.11,3114.02,0.2694,671,34,0,0,-0.0025333333333333874,4.333333333333371,0.0,0,0,0.0037549226948692823,1.0567454041942936,0.7306,0
93,27116.97,14465.13,2789.52,0.1928,686,27,0,0,0.001899999999999985,3.3333333333333712,-0.3333333333333333,1,24,0.0027606359975757668,1.2344388029041127,0.8072,0
94,79110.38,11536.75,3413.05,0.2958,714,49,0,0,0.018699999999999994,1.6666666666666288,0.0,0,0,0.011000467161797152,0.5177146158795777,0.7041999999999999,0
95,38264.32,10361.24,2450.45,0.2365,643,21,0,0,0.001466666666666644,2.3333333333332575,0.0,0,0,0.004044165893948698,0.7684809240247371,0.7635000000000001,0
96,60513.57,10235.19,2597.31,0.2538,714,42,0,0,-0.002866666666666684,7.0,0.0,0,0,0.00488879103437422,0.5150534003169761,0.7462,0
97,37517.58,9517.44,1415.4,0.1487,774,51,0,0,0.002700000000000008,3.3333333333333712,0.0,0,0,0.003162672920173689,0.4527157667037003,0.8513,0
98,55786.05,9934.81,3285.09,0.3307,689,22,0,0,0.00019999999999997797,2.3333333333332575,0.0,0,0,0.0036650375168612026,0.7066476294973425,0.6693,0
99,67070.79,9409.68,1726.15,0.1834,643,45,0,0,-0.005566666666666664,0.33333333333337123,0.0,0,0,0.003883619445826284,0.3088348891714856,0.8166,0
100,65345.81,7367.92,1999.41,0.2714,718,30,0,0,0.007099999999999995,2.0,0.0,0,0,0.010660102146685908,0.36716845342637855,0.7286,0
101,44960.12,8405.6,4270.62,0.5081,699,43,0,0,0.04583333333333339,1.0,0.0,0,0,0.047019263191920714,1.1398421531419822,0.4919,0
102,57042.44,8976.97,2309.64,0.2573,677,41,0,0,0.009366666666666662,7.666666666666629,0.0,0,0,0.00782048591840686,0.48587823371807826,0.7427,0
103,48865.93,6149.67,1043.44,0.1697,723,43,0,0,-0.0008666666666666545,-1.6666666666666288,0.0,0,0,0.002567640507893919,0.25623742343438777,0.8303,0
104,47966.63,12441.56,2913.9,0.2342,830,41,0,0,-0.0037666666666666404,4.333333333333371,0.0,1,12,0.004255421378795652,0.7289817940358166,0.7658,0
105,39518.15,3562.32,2338.74,0.6565,717,40,0,0,0.11770000000000003,10.0,0.0,0,0,0.0981805027034956,0.7101769691009795,0.3435,0
106,91256.17,9472.59,3706.57,0.3913,802,48,0,0,0.06696666666666667,1.3333333333333712,-0.3333333333333333,1,46,0.0521678966841145,0.4874063857178219,0.6087,1
107,62593.99,641.38,115.44,0.18,600,45,0,0,0.0030333333333333323,1.3333333333332575,0.0,0,0,0.003678579133910872,0.022131198214627723,0.8200000000000001,0
108,43235.75,4135.26,1740.37,0.4209,594,40,0,0,0.05826666666666658,3.3333333333333712,-0.3333333333333333,1,21,0.050033688650748136,0.48303637601298843,0.5791,1
109,46013.05,5069.98,1183.69,0.2335,641,23,0,0,0.005966666666666676,-10.666666666666629,0.0,0,0,0.005545719069696914,0.30870111840653003,0.7665,0
110,36923.2,5760.26,826.77,0.1435,796,41,0,0,0.005266666666666642,4.6666666666667425,0.0,0,0,0.004743357929193685,0.2686993542481586,0.8565,0
111,113267.95,1356.53,379.48,0.2797,666,25,0,0,0.002266666666666639,1.3333333333333712,0.0,0,0,0.00563325936835073,0.0402034291211023,0.7202999999999999,0
112,35963.48,12104.29,2109.81,0.1743,649,30,0,0,-0.004066666666666663,3.0,0.0,0,0,0.002373288857261161,0.7039841525778981,0.8257,0
113,37821.49,8206.22,1624.87,0.198,634,43,0,0,-0.006666666666666682,0.6666666666666288,0.0,0,0,0.0032155870381627115,0.5155386525970694,0.802,0
114,33928.41,11907.86,1288.79,0.1082,617,34,0,0,0.0017333333333333367,11.0,0.0,0,0,0.0024311062868121983,0.4558268422991256,0.8918,0
115,37636.49,8573.2,2478.18,0.2891,579,46,0,0,-0.010533333333333339,-2.0,0.0,0,0,0.00956936663409746,0.7901416946829606,0.7109,0
116,25401.35,12968.55,1681.31,0.1296,687,27,0,0,-0.004066666666666663,3.6666666666666288,0.0,0,0,0.002384848003542359,0.7942774691293444,0.8704000000000001,0
117,63886.17,5758.8,1830.04,0.3178,689,37,0,0,-0.0010333333333333306,2.0,0.0,0,0,0.00940909725271832,0.34374388065327866,0.6821999999999999,0
118,26281.83,10599.51,2820.8,0.2661,712,50,0,0,0.004733333333333367,-8.0,-0.3333333333333333,1,55,0.003183725979275087,1.287946843296096,0.7339,0
119,44616.01,7425.71,1326.5,0.1786,635,53,0,0,-0.002933333333333288,6.666666666666629,0.0,0,0,0.003011644069275132,0.3567777574847833,0.8214,0
120,35072.99,3624.61,1014.29,0.2798,700,54,0,0,-0.01313333333333333,-3.3333333333333712,0.0,0,0,0.008120806610183518,0.3470328590700595,0.7202,0
121,42723.68,11205.43,3233.41,0.2886,765,52,0,0,0.0010000000000000009,-0.6666666666666288,-0.3333333333333333,1,52,0.004864411577981455,0.908183002707206,0.7114,0
122,43472.02,13529.31,5106.68,0.3775,671,30,0,0,0.03443333333333326,10.0,0.0,0,0,0.031937430147781824,1.4096460202006775,0.6225,1
123,47953.58,8536.02,2490.53,0.2918,633,36,0,0,-0.012766666666666648,-2.0,-0.3333333333333333,1,38,0.00882524787187306,0.6232352202384301,0.7081999999999999,0
124,46421.6,3150.73,639.86,0.2031,713,27,0,0,0.009100000000000052,0.6666666666666288,0.0,1,8,0.0060373835392494345,0.1654040360094256,0.7968999999999999,0
125,27984.88,11252.14,2913.72,0.2589,695,40,0,0,0.01680000000000001,4.333333333333371,0.0,0,0,0.012164337676631266,1.2494118247070225,0.7411,0
126,31415.83,10961.14,1059.87,0.0967,640,23,0,0,-0.0019333333333333425,5.666666666666629,0.0,1,24,0.004131283093664724,0.40484176274005484,0.9033,0
127,20725.11,16073.06,1704.7,0.1061,681,39,0,0,-0.001266666666666652,5.0,0.0,0,0,0.0019480759738778135,0.9870345676406824,0.8939,0
128,45785.48,9518.97,1198.37,0.1259,755,22,0,0,-0.004833333333333328,-4.0,0.0,0,0,0.004395736570814961,0.3140829799366743,0.8741,0
129,100776.15,11401.95,1560.75,0.1369,692,41,0,0,0.00016666666666667607,1.0,0.0,0,0,0.0024801433650317767,0.1858475442629018,0.8631,0
130,43475.55,3487.16,1118.79,0.3208,692,33,0,0,-0.0018999999999999573,2.6666666666667425,0.0,0,0,0.0038906226294058133,0.30880529392484596,0.6792,0
131,62716.51,15449.97,3852.31,0.2493,703,44,1,15,0.004266666666666641,-0.33333333333337123,0.3333333333333333,2,28,0.007912349700169847,0.7370901217423437,0.7507,0
132,31219.52,13855.71,1526.07,0.1101,743,53,0,0,-0.003600000000000006,0.0,0.0,0,0,0.0020493901531919195,0.5865830093787798,0.8899,0
133,23181.96,2613.88,1510.57,0.5779,634,37,0,0,0.08533333333333326,-6.333333333333371,0.0,2,57,0.08011658345464091,0.781937333625662,0.42210000000000003,0
134,66244.9,4077.52,729.54,0.1789,550,50,0,0,0.026566666666666683,0.6666666666667425,0.0,1,43,0.020725735478170883,0.13215326762383459,0.8210999999999999,1
135,28771.86,7181.91,2051.28,0.2856,600,21,0,0,-0.013933333333333298,0.33333333333337123,0.0,0,0,0.009926661629727837,0.8555359295413495,0.7143999999999999,0
136,92688.59,9195.39,1827.22,0.1987,662,47,0,0,-0.0032999999999999974,-3.0,0.0,2,51,0.0033848929082025622,0.23656245064426215,0.8013,0
137,68912.66,7971.6,1357.04,0.1702,662,46,0,0,0.002433333333333315,5.333333333333371,0.0,0,0,0.0027946377224964147,0.23630607202166226,0.8298,0
138,49684.29,8923.09,2306.55,0.2585,645,48,0,0,0.0,3.3333333333332575,-0.3333333333333333,1,45,0.005479456582950938,0.5570895748598788,0.7415,0
139,88540.27,5196.83,1219.09,0.2346,639,24,0,0,0.008800000000000002,-2.0,0.0,0,0,0.006062590205514476,0.16522515684690475,0.7654,0
140,54079.44,7760.38,3351.19,0.4318,757,31,0,0,0.0732666666666667,2.3333333333332575,0.0,0,0,0.06231035226990775,0.743614948510499,0.5682,1
141,52131.21,14349.72,4424.74,0.3084,616,37,0,0,-0.013199999999999934,1.3333333333333712,0.0,0,0,0.01028761391188454,1.0185238360624607,0.6916,0
142,35415.37,11036.2,5283.75,0.4788,629,48,0,0,0.03286666666666671,-4.0,0.0,0,0,0.04526655620997816,1.790324369857384,0.5212,0
143,75816.14,5066.42,896.01,0.1769,649,42,0,0,0.0012666666666666382,1.3333333333333712,0.0,0,0,0.004010437770507238,0.14181835158448028,0.8230999999999999,0
144,51840.85,5424.34,1594.81,0.294,850,21,0,0,-0.0010666666666666602,3.0,0.0,0,0,0.008708329346091585,0.3691629283773326,0.706,0
145,15385.83,4092.77,1142.77,0.2792,743,50,0,0,0.03216666666666668,-2.6666666666667425,0.0,0,0,0.025513776235159276,0.8912902319409819,0.7208,1
146,80730.1,7364.67,2052.47,0.2787,613,54,0,0,0.0010000000000000564,4.0,0.0,0,0,0.0031929610082179227,0.30508620695798666,0.7213,0
147,24408.34,8141.48,1944.43,0.2388,671,31,0,0,0.0032999999999999696,4.3333333333332575,0.0,0,0,0.004278174584770671,0.9559503017627825,0.7612,0
148,32794.66,2843.39,435.77,0.1533,703,24,0,0,-0.00413333333333335,1.0,0.0,1,7,0.004910448044730739,0.1594540086125775,0.8467,0
149,64000.58,9923.7,1669.66,0.1682,705,71,0,0,-0.0018000000000000238,-1.0,0.0,1,50,0.0014999999999999976,0.3130584128494351,0.8318,0
150,44599.67,7124.8,1167.02,0.1638,683,28,0,0,-0.005699999999999983,-5.0,0.0,1,14,0.00404540205390982,0.31399873578060145,0.8362,0
151,47170.13,13826.76,3950.31,0.2857,644,35,0,0,-0.009799999999999975,7.333333333333371,0.0,0,0,0.012014724762187078,1.0049520742881264,0.7142999999999999,0
152,66150.54,3562.96,697.36,0.1957,738,36,0,0,-0.011966666666666653,-1.0,0.0,0,0,0.007060000786905849,0.12650418270934674,0.8043,0
153,58882.2,10746.99,2140.65,0.1992,651,35,0,0,-6.666666666665932e-05,9.666666666666629,0.0,1,43,0.00920055855792341,0.4362574767037392,0.8008,0
154,101655.49,8827.43,986.18,0.1117,698,34,0,0,-0.007533333333333336,-0.33333333333337123,0.0,0,0,0.006946481923327165,0.1164143717039092,0.8883,0
155,31536.34,15218.81,4835.21,0.3177,601,33,0,0,0.009133333333333382,-2.3333333333332575,0.0,0,0,0.006522077889752596,1.8398622027134937,0.6823,0
156,55130.79,8752.49,2358.95,0.2695,721,45,0,0,-0.010399999999999965,-0.33333333333337123,0.0,0,0,0.011110918053878356,0.513458994399291,0.7304999999999999,0
157,80374.93,5659.15,1351.55,0.2388,776,54,0,0,-0.019766666666666682,3.6666666666667425,0.0,0,0,0.01009225500624671,0.20178680090394555,0.7612,0
158,41067.15,11838.18,2271.53,0.1919,675,21,0,0,0.013299999999999979,7.0,-0.3333333333333333,1,6,0.0087941742079629,0.6637509540358898,0.8081,0
159,64848.17,870.9,347.46,0.399,729,21,0,0,0.06110000000000004,3.3333333333332575,0.0,0,0,0.04995062562170768,0.06429664860594277,0.601,1
160,91974.96,9973.13,2028.65,0.2034,788,36,1,9,0.013200000000000017,1.6666666666666288,0.3333333333333333,1,9,0.008369438451891498,0.2646785603040638,0.7966,0
161,30650.27,500.0,115.49,0.231,692,51,0,0,0.0007333333333333081,4.6666666666667425,0.0,0,0,0.008995832368380363,0.04521591488288387,0.769,0
162,49162.43,11585.27,1680.46,0.1451,591,21,0,0,0.00466666666666668,5.6666666666667425,0.0,1,48,0.005411279372241309,0.41018151452395296,0.8549,0
163,43040.57,4239.0,514.35,0.1213,702,43,1,45,-0.0011999999999999927,-5.0,0.3333333333333333,1,45,0.0027156951228000546,0.1434042346158322,0.8787,0
164,28371.38,8700.6,1864.88,0.2143,643,44,0,0,-0.010033333333333339,-8.333333333333371,-0.3333333333333333,1,37,0.0076421710120736,0.788772347010781,0.7857000000000001,0
165,95261.9,9876.14,2360.64,0.239,639,33,0,0,-0.003166666666666651,2.6666666666667425,0.0,0,0,0.006620192175794036,0.2973663132525344,0.761,0
166,41616.55,7865.95,2242.63,0.2851,687,26,0,0,-0.0009333333333333416,-5.0,0.3333333333333333,1,50,0.00632101872942783,0.6466552367325051,0.7149,0
167,45608.58,4141.41,1872.6,0.4522,579,35,0,0,0.04083333333333333,4.3333333333332575,0.0,0,0,0.03848410205670791,0.49269676876779844,0.5478000000000001,0
168,52152.18,6115.56,770.49,0.126,752,21,0,0,-0.0039333333333333165,12.666666666666629,0.0,0,0,0.0037711993376702384,0.177286548671073,0.874,0
169,57195.1,7731.97,2280.72,0.295,661,70,0,0,0.00996666666666668,2.3333333333333712,0.0,0,0,0.0062007616019682955,0.4785137187321612,0.7050000000000001,0
170,31036.42,2886.36,1012.86,0.3509,764,44,0,0,0.00486666666666663,0.33333333333337123,0.0,1,56,0.005991452244656561,0.3916147543853519,0.6491,0
171,32071.5,500.0,126.32,0.2526,632,23,0,0,0.0011666666666667047,-6.666666666666629,0.0,0,0,0.003136921704119785,0.04726439360281955,0.7474000000000001,0
172,62033.39,5271.13,1409.96,0.2675,674,33,0,0,0.004866666666666686,1.3333333333332575,0.0,0,0,0.005264266330648565,0.2727485955019872,0.7324999999999999,0
173,45803.82,2691.77,408.03,0.1516,729,47,0,0,-0.0030333333333333323,-1.0,0.0,0,0,0.002194184232110971,0.10689850756371887,0.8484,0
174,51673.35,6901.3,1968.33,0.2852,657,31,0,0,0.003333333333333355,6.666666666666629,0.0,0,0,0.002972419515777965,0.45710138774658077,0.7148,0
175,47252.5,9838.98,2717.9,0.2762,689,54,0,0,0.012433333333333296,-5.666666666666629,0.3333333333333333,2,36,0.007623119075840579,0.6902237975073766,0.7238,0
176,44943.46,8967.63,1976.09,0.2204,624,45,0,0,-0.0010333333333333306,4.333333333333371,0.0,0,0,0.0037540348663508516,0.5276202587354991,0.7796,0
177,27736.57,6448.86,2187.27,0.3392,655,48,0,0,0.0022333333333333094,-3.6666666666666288,0.0,0,0,0.003567601123693314,0.946304463336467,0.6608,0
178,59239.03,1748.08,216.09,0.1236,664,55,0,0,-0.004533333333333334,7.333333333333371,0.0,0,0,0.003497181404756951,0.04377316778270545,0.8764,0
179,27389.67,10275.82,2424.48,0.2359,642,22,0,0,0.004766666666666641,-3.3333333333333712,0.0,0,0,0.007733548847571707,1.0622165213108958,0.7641,0
180,47797.47,8341.0,2733.41,0.3277,749,35,0,0,0.0019999999999999463,1.0,0.0,0,0,0.0060273911806389404,0.6862480376422648,0.6723,0
181,47053.82,7236.19,2148.78,0.2969,601,37,0,0,-0.0032999999999999696,-0.6666666666666288,0.0,0,0,0.005867921267365494,0.5479971656588994,0.7031000000000001,1
182,22876.8,8646.68,2416.76,0.2795,582,33,0,0,-0.012799999999999978,-9.0,0.0,2,30,0.010653285878075392,1.2677087697924316,0.7204999999999999,0
183,34144.26,5128.16,1343.19,0.2619,671,21,0,0,-0.006266666666666698,-1.0,0.0,0,0,0.008842668023723256,0.47206411837114737,0.7381,0
184,55393.09,6074.96,1599.6,0.2633,686,21,0,0,-0.015233333333333376,2.3333333333333712,0.0,0,0,0.0070977108985925885,0.3465269764846423,0.7367,0
185,40168.48,6268.47,2127.39,0.3394,655,51,0,0,0.002066666666666661,-1.3333333333333712,0.0,0,0,0.006446920022598199,0.6355401048875515,0.6606000000000001,0
186,30510.05,13219.64,3588.05,0.2714,646,28,0,0,-0.008566666666666722,-2.0,0.0,0,0,0.005855363163611458,1.411226791928079,0.7286,0
187,28479.01,1731.77,272.1,0.1571,649,61,0,0,-0.005466666666666675,4.0,0.0,0,0,0.0040828911325187164,0.11465286183136866,0.8429,0
188,37479.43,4774.96,1724.11,0.3611,648,26,0,0,0.02996666666666664,5.333333333333371,0.0,0,0,0.020057320636393892,0.5520180000970074,0.6389,0
189,41591.92,9694.02,2901.9,0.2993,673,24,0,0,-0.0043333333333333,-5.333333333333371,0.0,0,0,0.002540559868305494,0.8372491577679754,0.7007,0
190,32856.94,12120.74,1704.96,0.1407,740,25,0,0,-0.006900000000000017,6.666666666666629,0.0,0,0,0.005422432828332474,0.6226848876531954,0.8593,0
191,62360.58,12367.56,3883.72,0.314,639,40,0,0,0.013000000000000012,19.666666666666742,0.0,0,0,0.014234904284890701,0.7473413491508882,0.6859999999999999,0
192,85716.8,10137.95,3728.68,0.3678,819,44,0,0,0.006866666666666632,6.666666666666629,0.0,0,0,0.007889726090161682,0.5219998879302074,0.6322,0
193,39761.81,12056.36,2535.9,0.2103,696,45,0,0,0.004266666666666641,-3.3333333333332575,0.0,0,0,0.004332724316177983,0.7653273327048259,0.7897000000000001,0
194,56374.97,11679.96,3449.87,0.2954,718,42,0,0,-0.010299999999999976,-0.6666666666667425,0.0,0,0,0.012510173637661656,0.7343407897367912,0.7046,0
195,48816.03,10824.99,3671.69,0.3392,715,30,0,0,0.0007333333333332526,4.333333333333371,0.0,0,0,0.0036964322137854897,0.9025781078299293,0.6608,0
196,58261.94,3291.13,385.17,0.117,661,56,0,0,-0.0020000000000000018,8.0,0.0,0,0,0.0036637109298875916,0.07933206479303667,0.883,0
197,50701.58,1011.13,464.51,0.4594,661,31,0,0,0.061866666666666625,4.0,0.0,0,0,0.0500986277257172,0.10993976910937926,0.5406,0
198,63388.01,15038.6,4251.42,0.2827,602,43,0,0,0.031866666666666627,10.333333333333371,0.0,0,0,0.026078205033663218,0.8048373815543657,0.7173,1
199,48931.79,8869.29,1488.21,0.1678,764,41,0,0,0.008533333333333337,9.333333333333371,0.0,0,0,0.007018724955431728,0.36496764160110207,0.8322,0
200,38206.94,8071.51,2371.12,0.2938,709,47,0,0,-0.00933333333333336,-5.0,0.0,0,0,0.0063531706869702385,0.7447191528833078,0.7061999999999999,0
201,41346.4,16844.81,5820.69,0.3455,731,36,0,0,0.02153333333333335,-2.0,0.0,0,0,0.024013543632245896,1.6893436908588868,0.6545000000000001,1
202,63248.89,16740.1,2143.96,0.1281,655,25,0,0,-0.000966666666666699,1.6666666666666288,0.0,1,58,0.0012367070972726087,0.40676634791723304,0.8719,0
203,25703.75,500.0,63.27,0.1265,729,46,0,0,0.003066666666666662,5.6666666666667425,0.0,0,0,0.005891472179722528,0.029538102403172412,0.8734999999999999,0
204,99485.7,8808.69,1681.34,0.1909,733,33,0,0,-0.012966666666666682,3.0,0.0,0,0,0.01099944443041456,0.20280382002203684,0.8091,0
205,89241.15,4573.35,1028.75,0.2249,705,50,0,0,-0.015966666666666685,-3.3333333333333712,0.0,0,0,0.010147139717400389,0.13833304477071398,0.7751,0
206,80796.73,10030.45,2737.23,0.2729,677,47,0,0,-0.004000000000000059,-2.3333333333332575,0.0,0,0,0.009753475164154458,0.4065357594932564,0.7271000000000001,0
207,56927.14,8689.98,1061.83,0.1222,663,47,0,0,0.006433333333333333,5.333333333333371,0.0,0,0,0.005356252836120075,0.2238292666259722,0.8778,0
208,65802.04,5033.61,1297.13,0.2577,747,55,0,0,-0.007633333333333325,9.666666666666629,-0.3333333333333333,1,14,0.005387975294837363,0.23655132876064913,0.7423,0
209,38247.35,2378.91,447.36,0.1881,651,25,0,0,0.003799999999999998,4.0,0.0,0,0,0.006206045439730518,0.14035795939629034,0.8119000000000001,0
210,32427.03,5078.48,1270.45,0.2502,651,62,0,0,-0.003599999999999992,0.6666666666666288,0.0,0,0,0.002794389219688455,0.47014481419847154,0.7498,0
211,37757.86,15650.74,5048.44,0.3226,573,41,0,0,-0.01710000000000006,-0.33333333333337123,0.0,0,0,0.007789059278529361,1.6044680493212906,0.6774,0
212,38382.74,5699.14,1273.71,0.2235,631,24,0,0,-0.0057333333333333125,6.0,0.0,0,0,0.004822113414030998,0.39821336348633374,0.7765,0
213,56041.23,11365.67,3589.9,0.3159,709,21,0,0,0.05463333333333331,3.0,0.0,0,0,0.04312010680774239,0.7686983314030691,0.6840999999999999,1
214,116038.73,13123.95,4082.53,0.3111,758,40,0,0,-0.008433333333333348,0.6666666666667425,0.0,0,0,0.006800142972353171,0.422189729195879,0.6889000000000001,0
215,91512.43,11003.83,6481.54,0.589,716,60,0,0,0.09593333333333337,4.333333333333371,0.3333333333333333,1,33,0.09048908467016588,0.8499225732482564,0.41100000000000003,0
216,54888.74,7484.37,1726.6,0.2307,722,26,0,0,-0.003166666666666651,0.33333333333337123,0.0,0,0,0.006563239376337817,0.37747632748484083,0.7693,0
217,23502.37,2895.31,883.25,0.3051,692,69,0,0,-0.004933333333333401,-1.0,0.0,0,0,0.006201702275271797,0.45097579497677426,0.6949000000000001,0
218,52438.67,8126.18,1444.19,0.1777,714,23,0,0,-0.00633333333333333,-2.0,0.3333333333333333,1,58,0.004830315149598869,0.3304866427015437,0.8223,0
219,66722.19,2806.27,622.94,0.222,687,30,0,0,-0.001600000000000018,2.3333333333333712,0.0,0,0,0.005562698186232214,0.11203589088810738,0.778,0
220,35772.43,6081.64,629.8,0.1036,657,37,0,0,0.004666666666666652,0.33333333333325754,0.0,0,0,0.0026163481759463466,0.21126884579730182,0.8964,0
221,44746.14,13360.23,2952.66,0.221,569,53,0,0,0.012800000000000006,1.6666666666666288,0.0,0,0,0.008647109343589905,0.79184305038374,0.779,0
222,56776.69,15713.33,4819.3,0.3067,678,48,0,0,0.007766666666666644,0.33333333333325754,-0.3333333333333333,1,17,0.0049297565862829245,1.0185799839296203,0.6933,0
223,52422.53,5888.41,1728.99,0.2936,642,45,0,0,0.05326666666666671,-7.3333333333332575,0.0,0,0,0.043145734950797224,0.3957817372654585,0.7063999999999999,0
224,54004.64,5742.67,2122.11,0.3695,642,56,0,0,0.011833333333333362,0.33333333333325754,0.0,0,0,0.00832886546895792,0.4715394824285752,0.6305000000000001,0
225,59761.06,9040.54,2018.91,0.2233,654,39,0,0,0.003433333333333316,0.0,0.0,0,0,0.0030631320209513965,0.40539642360987643,0.7767,0
226,31268.17,6654.22,1621.3,0.2437,664,29,0,0,-0.001600000000000018,10.0,0.0,0,0,0.005658057185210394,0.6222174176657409,0.7563,0
227,27562.76,10222.95,2810.1,0.2749,729,33,0,0,0.010299999999999976,-2.6666666666667425,0.0,1,22,0.004782258880487316,1.2234333566492905,0.7251000000000001,0
228,33537.01,6994.98,2060.24,0.2945,770,39,0,0,-0.0019000000000000128,1.3333333333332575,0.0,0,0,0.0026157110781668044,0.7371819965809061,0.7055,0
229,44900.49,17248.27,1964.51,0.1139,653,27,0,0,-0.005266666666666656,1.0,0.0,2,50,0.00439914764471482,0.525030350307973,0.8861,1
230,22813.39,12652.08,2605.35,0.2059,688,62,0,0,0.0035666666666666347,12.0,0.0,0,0,0.0026239812838085904,1.3704320131096173,0.7941,0
231,67094.17,653.06,94.15,0.1442,668,57,0,0,-0.00033333333333335213,2.0,0.0,0,0,0.002607680962081053,0.016839018946026636,0.8558,0
232,91079.15,4085.71,748.09,0.1831,669,43,0,0,-0.002633333333333293,-6.0,0.0,1,43,0.002887088113961502,0.09856350217165223,0.8169,0
233,62115.01,11500.95,2178.46,0.1894,581,38,0,0,0.033866666666666656,0.0,0.3333333333333333,1,29,0.027891844686216086,0.4208567300391599,0.8106,0
234,77472.21,10486.41,3926.36,0.3744,742,30,0,0,0.04156666666666664,0.33333333333337123,0.0,1,59,0.036890412033481,0.6081705942389142,0.6255999999999999,1
235,44466.58,7554.01,1465.16,0.194,735,21,0,0,-0.00019999999999997797,-0.6666666666666288,0.0,0,0,0.002260530911091463,0.3953962727795851,0.806,0
236,49584.46,10190.15,3277.24,0.3216,779,40,0,0,0.006466666666666621,6.666666666666629,0.0,0,0,0.010435156922634182,0.7931291374451279,0.6784,0
237,40336.46,8339.23,1599.31,0.1918,756,29,0,0,0.019800000000000012,4.6666666666667425,0.0,0,0,0.0172700929676453,0.47579088482951926,0.8082,1
238,53254.91,14316.82,4278.8,0.2989,735,50,0,0,-0.010466666666666735,-4.666666666666629,0.0,0,0,0.006540727108748006,0.9641477187442477,0.7011000000000001,0
239,51134.52,9082.93,3692.29,0.4065,644,40,0,0,0.06236666666666668,7.333333333333371,0.0,0,0,0.05525045500064032,0.866488626266603,0.5935,1
240,53532.67,12144.18,1802.08,0.1484,667,21,0,0,-0.011633333333333329,1.0,0.0,0,0,0.007160733978518618,0.40395818096038366,0.8516,0
241,37666.26,18516.95,3461.23,0.1869,674,21,0,0,-0.0096333333333333,-7.0,0.0,0,0,0.010870002044362469,1.1027046483183502,0.8130999999999999,0
242,57715.22,1037.83,296.15,0.2854,703,40,0,0,0.00886666666666669,-2.3333333333333712,-0.3333333333333333,1,19,0.008746824820724646,0.06157474578215422,0.7146,0
243,48518.07,10180.31,1778.63,0.1747,708,33,0,0,-0.002433333333333315,1.0,0.0,0,0,0.0032124756808417985,0.43990950165002624,0.8253,0
244,54990.67,7744.36,3443.09,0.4446,701,33,0,0,0.04716666666666658,-3.6666666666667425,0.0,0,0,0.04192710936852193,0.7513470919882198,0.5554,0
245,36137.77,12403.18,4093.37,0.33,698,49,0,0,0.013266666666666649,-6.0,0.0,0,0,0.010426049107883596,1.3592548733275172,0.6699999999999999,0
246,32340.07,519.6,170.69,0.3285,685,22,0,0,0.05593333333333339,3.3333333333333712,0.0,0,0,0.04707148228433478,0.06333566993639693,0.6715,0
247,55323.09,15716.07,7366.2,0.4687,660,32,0,0,0.06823333333333337,8.0,0.0,0,0,0.05276371859526203,1.5977849389979226,0.5313,0
248,73767.62,7548.91,1832.56,0.2428,735,40,0,0,0.002466666666666645,7.6666666666667425,0.0,1,51,0.008006160822211304,0.29810803163261473,0.7572,0
249,18904.35,12304.45,3019.53,0.2454,636,49,0,0,0.009566666666666696,3.3333333333333712,0.0,0,0,0.005154636532072635,1.9167207535302377,0.7545999999999999,0
250,85825.5,10319.14,4541.99,0.4402,669,21,0,0,0.06479999999999997,3.0,0.0,0,0,0.04877079043854016,0.6350546165461237,0.5598000000000001,1
251,46570.19,14207.88,3452.97,0.243,736,54,0,0,0.005266666666666642,2.6666666666666288,0.0,0,0,0.00445533388198911,0.889745993935671,0.757,0
252,40910.4,10544.6,2141.02,0.203,769,33,0,0,0.0010999999999999899,3.3333333333332575,0.0,0,0,0.002215538560059641,0.6280124367511403,0.7969999999999999,0
253,56314.88,6973.49,938.15,0.1345,637,21,0,0,-0.006566666666666637,-2.0,0.0,0,0,0.005732533858988054,0.19990808819269618,0.8654999999999999,0
254,57307.68,4709.81,730.72,0.1551,702,26,0,0,-0.003933333333333344,1.0,0.0,0,0,0.004311064575922967,0.15300985833249367,0.8449,0
255,46957.53,11356.92,3109.9,0.2738,695,35,0,0,0.002766666666666695,6.666666666666629,0.0,0,0,0.0039357337308308935,0.7947351572892182,0.7262,0
256,60348.41,1864.15,897.57,0.4815,676,34,0,0,0.05179999999999996,3.0,0.0,0,0,0.047090869603353035,0.17847761022797895,0.5185,1
257,74956.65,6903.82,1932.33,0.2799,597,21,0,0,-0.0024333333333332874,-2.6666666666666288,0.0,0,0,0.0048948953002081715,0.3093516051782968,0.7201,0
258,36854.84,5194.8,2011.61,0.3872,675,36,0,0,0.02426666666666666,2.0,0.0,0,0,0.01834761564890651,0.6549837142730832,0.6128,0
259,45143.21,3466.38,642.74,0.1854,637,41,0,0,0.00683333333333333,2.6666666666667425,0.0,0,0,0.003911983015186938,0.17085360119383972,0.8146,0
260,35840.75,7457.85,1663.04,0.223,710,51,0,0,-0.0050000000000000044,12.666666666666742,0.0,0,0,0.003847979267673428,0.5568097763946983,0.777,0
261,91632.72,2150.96,618.1,0.2874,792,41,0,0,0.018366666666666642,5.333333333333371,0.0,0,0,0.009255598906127637,0.08094488517888218,0.7126,0
262,59384.44,2358.65,465.87,0.1975,740,40,0,0,0.0041999999999999815,4.6666666666667425,0.0,0,0,0.004542851527399935,0.09413981168922905,0.8025,0
263,63986.49,12087.87,3571.76,0.2955,685,47,0,0,0.015133333333333387,6.3333333333332575,0.0,0,0,0.009210727441413082,0.6698464002629594,0.7045,0
264,45268.71,7524.95,2960.38,0.3934,802,34,0,0,0.02696666666666675,7.0,-0.3333333333333333,1,31,0.022545010534484135,0.784748670562581,0.6066,0
265,52145.92,5765.46,702.04,0.1218,707,21,0,0,-0.001166666666666677,12.0,0.0,0,0,0.003686386366680037,0.16155588007769983,0.8782,0
266,71227.02,5874.91,1351.66,0.2301,637,43,0,0,-0.004433333333333372,-1.0,0.0,0,0,0.004382287581211944,0.22772144612069048,0.7699,0
267,27024.4,2731.14,490.14,0.1795,665,55,0,0,0.003400000000000014,0.6666666666666288,0.0,0,0,0.0035471036698191422,0.2176433148335682,0.8205,0
268,36194.36,6060.74,1895.82,0.3128,717,26,0,0,-0.010633333333333272,-0.6666666666667425,0.0,0,0,0.01094908671990502,0.628546546822694,0.6872,0
269,100018.12,14517.5,2362.41,0.1627,614,36,0,0,-0.004266666666666696,-8.666666666666629,0.3333333333333333,1,18,0.004176721202091411,0.28343784102919295,0.8372999999999999,0
270,84882.03,15363.06,4797.23,0.3123,645,36,0,0,-0.0008666666666666267,1.3333333333333712,0.0,0,0,0.004447877146584783,0.6781972579103213,0.6877,0
271,26124.64,8114.79,1797.47,0.2215,713,51,0,0,0.0022000000000000353,2.0,0.0,0,0,0.004341018825626594,0.8256435300196396,0.7785,0
272,41036.93,9175.21,1182.69,0.1289,725,61,0,0,-0.009500000000000008,6.6666666666667425,0.0,0,0,0.007529349979321659,0.34584166008153877,0.8711,0
273,35052.56,11585.31,2736.9,0.2362,703,32,0,0,-0.004600000000000021,3.0,0.0,0,0,0.0034123957045519323,0.9369586697449915,0.7638,0
274,50352.41,7135.81,1764.85,0.2473,658,37,0,0,-0.008099999999999996,8.333333333333258,0.0,0,0,0.00546763202858423,0.42059953028966834,0.7527,0
275,48845.47,9673.75,3121.05,0.3226,741,32,0,0,0.007133333333333325,-5.333333333333371,0.3333333333333333,1,5,0.006946541905469532,0.7667568761401808,0.6774,0
276,80388.44,7812.45,693.65,0.0888,766,51,0,0,-0.005199999999999982,1.6666666666666288,0.0,0,0,0.005685752173440003,0.10354473850664925,0.9112,0
277,37750.96,12099.59,1276.68,0.1055,688,36,0,0,-0.001166666666666677,5.0,-0.3333333333333333,1,49,0.0014307146621337352,0.4058217326163398,0.8945,0
278,55833.51,6810.04,1485.2,0.2181,734,35,0,0,-0.013366666666666693,0.33333333333337123,0.0,0,0,0.009115386869342292,0.31920615408505615,0.7819,0
279,39425.39,5860.15,1791.73,0.3057,659,41,0,0,-0.0003333333333332966,-7.0,0.3333333333333333,1,53,0.003999201309150509,0.5453531339437799,0.6942999999999999,0
280,46846.12,12862.35,3819.17,0.2969,576,21,0,0,-0.0003666666666667373,5.333333333333371,0.0,1,36,0.011522152576667258,0.9783102632247938,0.7031000000000001,0
281,67269.1,5747.29,816.3,0.142,727,52,0,0,0.005699999999999983,-6.0,0.0,0,0,0.0062785569821239865,0.14561812181599842,0.858,0
282,42025.59,11810.0,3533.63,0.2992,707,34,0,0,-0.0054333333333333456,7.333333333333371,0.0,0,0,0.005373106901763421,1.0089938056287153,0.7008,0
283,24458.85,5298.72,717.73,0.1355,758,59,0,0,-0.001266666666666666,2.3333333333333712,0.0,0,0,0.0029009098189667617,0.3521326634643251,0.8645,0
284,50404.85,7389.99,1637.05,0.2215,652,21,0,0,-0.014833333333333337,-3.3333333333333712,-0.3333333333333333,1,40,0.011268959332806413,0.38973630504451784,0.7785,0
285,30267.86,8047.31,2087.63,0.2594,760,43,0,0,0.005533333333333279,-1.6666666666666288,0.0,0,0,0.005375872022286265,0.8276620808365064,0.7405999999999999,0
286,63379.7,15002.54,4790.21,0.3193,545,71,0,0,0.06009999999999996,-0.33333333333337123,0.0,0,0,0.04695488378338412,0.9069547503241029,0.6807000000000001,0
287,37498.86,7307.43,2443.27,0.3344,663,53,0,0,-0.006166666666666654,-7.0,-0.3333333333333333,1,55,0.005134226112840933,0.781870168602927,0.6656,0
288,20229.37,12774.89,3177.85,0.2488,634,52,0,0,0.004166666666666652,9.333333333333371,0.0,0,0,0.006407699361792128,1.8850908346319686,0.7512,0
289,48755.65,5858.64,1448.31,0.2472,663,27,0,0,-0.002833333333333299,0.6666666666666288,0.0,0,0,0.004365489663256572,0.356465763367372,0.7528,0
290,49703.07,12250.68,1769.76,0.1445,690,26,0,0,0.0011333333333333473,-0.6666666666666288,0.0,0,0,0.0027246304540453,0.42727984397890595,0.8555,0
291,55478.87,1643.96,281.14,0.171,596,21,0,0,0.006833333333333358,-2.6666666666666288,0.0,0,0,0.004115823125451324,0.06081017870894409,0.829,0
292,42171.85,2187.61,810.5,0.3705,766,31,0,0,0.07319999999999993,1.0,-0.3333333333333333,2,39,0.05482761621664761,0.23062777651994085,0.6295,0
293,79134.6,1182.92,371.84,0.3143,650,62,0,0,-0.015166666666666662,2.0,0.0,0,0,0.008961600179531432,0.05638595506040806,0.6857,0
294,55256.51,9977.1,3140.0,0.3147,668,27,0,0,-0.0017000000000000348,-0.6666666666666288,0.0,0,0,0.005906352512337885,0.681910601878712,0.6853,0
295,35308.62,13382.45,5264.16,0.3934,720,37,0,0,0.058566666666666656,2.0,0.0,1,12,0.05043354813789901,1.7890792667210174,0.6066,0
296,57799.52,4989.0,1269.85,0.2545,744,36,0,0,0.0013666666666666827,-1.3333333333332575,0.0,0,0,0.005441149796790272,0.26363886753447663,0.7455,0
297,33341.33,16304.13,3880.11,0.238,684,40,0,0,0.013866666666666666,3.6666666666666288,0.0,1,35,0.012565373496681716,1.3965045780489844,0.762,0
298,63159.26,15503.06,2264.28,0.1461,625,58,0,0,0.002799999999999997,-3.6666666666667425,0.0,0,0,0.004809365862564414,0.43020390034394884,0.8539,0
299,33600.52,10316.78,1334.91,0.1294,604,35,0,0,-0.005666666666666653,-5.666666666666629,0.0,0,0,0.004185225335762844,0.4767461930434127,0.8706,0
300,74896.94,3161.59,309.44,0.0979,678,33,0,0,0.0016333333333333339,3.6666666666667425,0.0,0,0,0.002984543516184676,0.04957852749932183,0.9021,0
301,54542.32,10645.26,2440.72,0.2293,620,42,0,0,0.023333333333333317,1.3333333333333712,0.0,0,0,0.018299347286477474,0.536989258864605,0.7706999999999999,0
302,33776.7,10525.28,1336.89,0.127,709,21,0,0,0.0009333333333333277,2.3333333333332575,0.0,0,0,0.0019085334683992322,0.4749629180559512,0.873,0
303,75848.07,2418.17,1059.33,0.4381,682,44,0,0,0.06826666666666664,1.0,0.0,0,0,0.057870785183698495,0.16759767253126975,0.5619000000000001,1
304,74748.04,10240.6,2989.44,0.2919,705,41,0,0,0.03326666666666667,-3.0,0.0,0,0,0.02904091940693338,0.47992268418330336,0.7081,1
305,56388.03,9607.98,3105.35,0.3232,685,56,1,17,-0.0003666666666666818,1.6666666666666288,0.3333333333333333,1,17,0.004155652108206906,0.660853021325089,0.6768000000000001,0
306,83193.91,11819.38,1654.21,0.14,697,50,0,0,0.007266666666666699,0.0,0.0,0,0,0.005050990001969917,0.23860544596517622,0.86,0
307,46409.19,15829.72,4149.07,0.2621,686,44,0,0,0.004166666666666707,-1.0,0.0,0,0,0.005449872577511445,1.0728228608843662,0.7379,0
308,48843.39,6297.21,934.4,0.1484,772,50,0,0,-0.0015000000000000013,3.3333333333332575,0.0,0,0,0.004080066720587346,0.22956637525047308,0.8516,0
309,17423.54,12297.57,4727.1,0.3844,650,52,0,0,0.06436666666666668,3.0,0.0,0,0,0.05166277942366028,3.255664460892105,0.6155999999999999,0
310,47039.87,7200.24,2340.37,0.325,728,39,0,0,0.014133333333333387,-2.6666666666667425,0.0,0,0,0.009922449294403083,0.59703481308166,0.675,0
311,68690.67,6838.2,2038.91,0.2982,648,35,0,0,0.007633333333333381,14.666666666666629,0.0,0,0,0.006549385043226909,0.35618985803640757,0.7018,0
312,41384.57,8232.45,1382.52,0.1679,696,44,0,0,-0.0018666666666666831,2.6666666666667425,0.0,0,0,0.005642128243057856,0.40087984471481625,0.8321000000000001,0
313,150062.39,9900.3,2754.34,0.2782,601,43,0,0,-0.02033333333333337,-2.6666666666667425,0.0,0,0,0.011181619342077023,0.22025558834133543,0.7218,0
314,36375.56,8857.9,1466.77,0.1656,653,32,0,0,-0.0019333333333333425,-1.3333333333332575,-0.3333333333333333,2,58,0.004578057569658901,0.4838754370845011,0.8344,0
315,32354.84,3583.68,485.47,0.1355,673,42,0,0,-0.0007999999999999952,4.0,0.0,0,0,0.0021633949657373667,0.18005466872465895,0.8645,0
316,38870.78,10297.4,3890.36,0.3778,707,48,0,0,0.009533333333333338,8.333333333333258,0.0,0,0,0.0189549465839395,1.2010132028631235,0.6222,0
317,73597.04,8812.39,1558.86,0.1769,576,33,0,0,0.021699999999999997,2.3333333333333712,0.0,0,0,0.018056854654119586,0.2541721786222643,0.8230999999999999,0
318,86614.95,12532.76,3716.58,0.2965,781,54,0,0,0.01200000000000001,3.3333333333333712,0.0,0,0,0.008384062261219218,0.5149106475708994,0.7035,0
319,67593.91,8758.15,2696.74,0.3079,649,39,0,0,0.004933333333333401,-0.6666666666666288,0.0,0,0,0.00391918358845308,0.4787543729051174,0.6920999999999999,0
320,50364.58,15076.6,6628.16,0.4396,621,30,0,0,0.08350000000000002,-3.3333333333333712,0.0,0,0,0.07037741114874856,1.5792431899769457,0.5604,1
321,89922.07,6839.64,791.05,0.1157,678,55,0,0,-0.0076333333333332976,9.333333333333258,0.0,0,0,0.004281354925721517,0.10556474065524984,0.8843,0
322,31384.95,6305.17,1148.7,0.1822,774,21,0,0,0.004966666666666675,0.0,-0.3333333333333333,1,59,0.003275710270731793,0.43920414067027513,0.8178,0
323,26546.63,16092.26,4052.33,0.2518,702,49,0,0,0.007700000000000012,-0.33333333333325754,-0.3333333333333333,1,18,0.014063872155277865,1.8317940913034336,0.7482,0
324,32210.23,11012.66,5807.6,0.5274,730,23,0,0,0.11010000000000003,2.3333333333333712,0.0,0,0,0.08581046620961286,2.163635589501732,0.4726,0
325,22533.35,4679.77,1741.73,0.3722,704,37,0,0,0.014966666666666684,10.666666666666742,0.0,0,0,0.01005982107196745,0.9275478341600085,0.6278,0
326,48440.67,5435.37,2334.63,0.4295,764,57,0,0,0.05726666666666663,-6.333333333333371,0.0,0,0,0.05383772943866701,0.5783479046235287,0.5705,0
327,35506.21,7644.98,2125.88,0.2781,591,41,0,0,-0.009499999999999953,-0.33333333333325754,0.0,0,0,0.00791219171770865,0.7184816400110916,0.7219,0
328,42990.99,8972.74,2194.97,0.2446,653,55,0,0,0.03923333333333334,-1.0,0.0,0,0,0.031857067940690625,0.6126781447146916,0.7554,0
329,28718.4,7607.49,838.02,0.1102,656,39,0,0,0.003600000000000006,5.666666666666629,-0.3333333333333333,2,55,0.002205107707119995,0.35016714008433597,0.8898,0
330,83345.24,7803.89,2154.21,0.276,624,48,0,0,0.00649999999999995,0.6666666666666288,0.0,0,0,0.005192408989198694,0.3101619240196327,0.724,0
331,37634.24,2784.23,1083.85,0.3893,659,45,0,0,0.017033333333333345,4.333333333333371,0.0,0,0,0.011375204515865989,0.34559486244050264,0.6107,0
332,66334.35,5157.84,1119.23,0.217,609,37,0,0,0.012233333333333318,-3.6666666666667425,-0.3333333333333333,1,58,0.008661408661412991,0.20247066561397453,0.783,0
333,38239.62,4248.63,540.78,0.1273,687,27,0,0,-0.00416666666666668,0.33333333333325754,0.0,0,0,0.004103690750748377,0.16970252314127518,0.8727,0
334,45041.82,4787.0,685.67,0.1432,594,64,0,0,-0.006500000000000006,4.0,0.0,0,0,0.0057537186043269154,0.1826755667912152,0.8568,0
335,50984.56,4847.61,468.14,0.0966,660,29,0,0,-0.0024666666666666726,2.6666666666666288,0.0,0,0,0.0019024837566834639,0.11018394585885986,0.9034,0
336,31240.41,8284.08,2832.88,0.342,695,35,0,0,0.0077666666666666995,1.0,0.0,0,0,0.008057777471348896,1.0881598540781663,0.6579999999999999,0
337,19734.19,8163.69,1884.0,0.2308,685,46,0,0,-0.00466666666666668,-1.6666666666666288,0.0,0,0,0.003485605319660326,1.1456259408798886,0.7692,0
338,118079.69,3840.54,377.55,0.0983,653,44,0,0,-0.004166666666666666,2.6666666666666288,0.3333333333333333,1,42,0.002038654240206299,0.038369003166756045,0.9017,0
339,52037.75,6934.98,2476.56,0.3571,705,37,0,0,0.013433333333333353,3.0,0.0,0,0,0.014138992577659508,0.571099249931959,0.6429,0
340,76091.08,9975.44,2754.25,0.2761,575,36,0,0,-0.006166666666666654,3.6666666666666288,0.0,0,0,0.006857072585618772,0.4343610314742236,0.7239,0
341,49369.28,11861.55,2513.93,0.2119,639,39,0,0,-0.013366666666666693,1.6666666666666288,0.0,0,0,0.007693828695779506,0.6110512446741654,0.7881,0
342,67926.03,14551.52,3164.11,0.2174,638,56,0,0,-0.0032333333333333103,2.0,0.0,0,0,0.0030963688410782023,0.5589804084427168,0.7826,0
343,53404.39,10402.6,3012.05,0.2895,738,32,1,17,0.012466666666666681,-4.3333333333332575,0.3333333333333333,1,17,0.012707084638106424,0.6768095280533732,0.7105,0
344,41323.61,10826.55,1804.46,0.1667,654,33,0,0,0.0053666666666666585,1.6666666666667425,0.0,0,0,0.003313021447426961,0.5239987501990271,0.8333,0
345,79667.75,500.0,64.81,0.1296,612,37,0,0,-0.004266666666666669,-4.333333333333371,0.0,1,30,0.003503926369089392,0.009762042983300714,0.8704000000000001,0
346,48651.47,8864.63,2695.5,0.3041,701,25,0,0,0.018433333333333413,1.0,0.0,0,0,0.014095931249044102,0.6648514421459779,0.6959,1
347,49603.18,10001.35,2613.04,0.2613,706,63,0,0,0.002599999999999991,-2.0,-0.6666666666666666,2,23,0.004547465716687063,0.6321465678695245,0.7387,0
348,44751.5,9837.44,2797.27,0.2843,824,50,0,0,0.014433333333333298,-2.0,0.0,0,0,0.009160528247747402,0.7500807792140829,0.7157,0
349,62150.26,17450.47,3372.32,0.1933,564,23,0,0,-0.009700000000000014,6.666666666666629,0.0,0,0,0.005619830958311832,0.6511290538798462,0.8067,0
350,26484.52,2608.9,1263.27,0.4842,763,46,0,0,0.08633333333333332,-6.6666666666667425,0.0,0,0,0.06955787358579749,0.5723811491819155,0.5158,0
351,32278.6,5240.66,1347.08,0.257,729,49,0,0,-0.005466666666666675,-1.3333333333332575,0.0,0,0,0.006061032181989389,0.5007949537461495,0.743,0
352,48858.39,8235.26,1185.9,0.144,527,21,0,0,0.00019999999999997797,-8.333333333333258,0.0,0,0,0.003611593984809335,0.29126624918473176,0.856,0
353,50519.2,13469.28,6075.6,0.4511,654,37,0,0,0.05053333333333332,8.0,0.0,0,0,0.04182932583726396,1.4431582444433424,0.5488999999999999,0
354,35065.65,6191.83,2127.66,0.3436,750,21,0,0,0.006166666666666654,2.3333333333332575,0.0,0,0,0.00876113577112009,0.7281176875735252,0.6564,0
355,40788.57,11465.79,3502.3,0.3055,622,59,0,0,0.019199999999999995,6.6666666666667425,0.0,0,0,0.011586786056155167,1.0303768920468523,0.6945,0
356,29863.46,6809.48,1793.17,0.2633,730,43,0,0,-0.0009666666666666157,4.3333333333332575,0.0,0,0,0.008049551402269418,0.7205474513453376,0.7367,0
357,107413.16,6975.29,1669.37,0.2393,709,35,0,0,0.013466666666666655,5.3333333333332575,0.0,0,0,0.009475817173790924,0.18649893549134958,0.7606999999999999,0
358,88898.16,5208.83,1253.36,0.2406,712,36,0,0,0.0026333333333333486,-1.6666666666666288,0.3333333333333333,1,17,0.005667916528829426,0.16918595388216995,0.7594,0
359,49786.68,6605.6,1404.26,0.2126,702,37,0,0,6.666666666665932e-05,6.333333333333371,0.0,0,0,0.007269017203935564,0.33846643310898417,0.7874,0
360,60622.24,12699.92,4476.9,0.3525,576,48,0,0,0.0029666666666667285,-3.0,0.0,0,0,0.007295222942294348,0.8861896226428736,0.6475,0
361,41054.27,3979.87,1535.65,0.3859,752,21,0,0,0.06313333333333332,0.6666666666666288,0.0,0,0,0.050512624934542644,0.4488643932680725,0.6141,0
362,48850.1,9383.6,1167.4,0.1244,794,24,0,0,-0.000533333333333344,-3.3333333333332575,0.0,0,0,0.002489477856900922,0.2867711631410938,0.8756,0
363,64102.95,5304.74,1814.53,0.3421,599,46,0,0,0.005299999999999916,4.666666666666629,0.0,1,10,0.005587883717870685,0.3396779710750264,0.6578999999999999,0
364,53334.65,17878.27,2014.59,0.1127,665,40,0,0,0.0008666666666666684,0.0,0.0,0,0,0.0028182441342083963,0.45327155975638234,0.8873,0
365,51855.33,9265.91,2548.74,0.2751,605,34,0,0,0.0050000000000000044,4.6666666666667425,0.0,0,0,0.0035495696139735762,0.5898116932805606,0.7249,0
366,69232.78,15275.31,8486.25,0.5556,692,54,0,0,0.10133333333333328,-1.3333333333332575,0.3333333333333333,1,11,0.08189038065880784,1.470907278060322,0.4444,0
367,75218.25,15827.91,3623.01,0.2289,703,54,0,0,0.0020333333333333314,-4.0,-0.3333333333333333,1,20,0.0038095639878833573,0.5779996210103798,0.7711,0
368,44819.69,7605.88,2869.77,0.3773,670,50,0,0,0.01830000000000004,4.666666666666629,0.0,0,0,0.01501494625735012,0.7683506956603179,0.6227,0
369,42313.8,5528.92,1244.61,0.2251,760,49,0,0,-0.0030000000000000027,2.6666666666667425,0.0,0,0,0.0076210417777215714,0.3529656990335165,0.7749,0
370,37120.19,13752.29,1652.12,0.1201,606,21,0,0,-0.0029666666666666452,-2.6666666666667425,0.0,0,0,0.006229254458690144,0.5340877833219858,0.8799,1
371,44877.96,6851.49,1615.72,0.2358,664,31,0,0,-0.00010000000000001674,-1.6666666666667425,-0.3333333333333333,1,39,0.005158245825859797,0.4320303328140503,0.7642,0
372,44064.1,11282.52,2249.0,0.1993,610,40,0,0,-0.006199999999999983,-8.0,0.0,0,0,0.009564387068704409,0.6124713767590929,0.8007,0
373,20861.7,8605.23,1035.06,0.1203,719,21,0,0,0.0008666666666666822,0.0,0.0,0,0,0.002249444375840396,0.5953838849592982,0.8797,0
374,26032.83,7696.61,1290.29,0.1676,718,39,0,0,0.003966666666666674,4.0,0.0,0,0,0.005043312403569685,0.5947674529762147,0.8324,0
375,65851.35,1794.69,196.02,0.1092,784,65,0,0,0.001433333333333342,6.6666666666667425,0.0,0,0,0.001491457154746476,0.035720452193787285,0.8908,0
376,44887.82,6464.42,2081.14,0.3219,690,28,0,0,-0.027099999999999957,-0.33333333333325754,0.0,0,0,0.015043751009786199,0.5563576042080838,0.6780999999999999,0
377,105380.82,9332.29,3773.56,0.4044,571,29,0,0,0.046599999999999975,-6.6666666666667425,0.0,0,0,0.03809048802231048,0.42970551941846274,0.5956,0
378,64991.9,7317.9,2196.77,0.3002,665,55,0,0,0.009433333333333294,0.6666666666666288,-0.3333333333333333,1,33,0.005736166935429186,0.4056080833939722,0.6998,0
379,45770.18,9434.27,1776.38,0.1883,745,56,0,0,-0.004133333333333322,-6.6666666666667425,0.0,0,0,0.005682649030161916,0.46573030725269676,0.8117,0
380,49686.72,9049.41,3557.67,0.3931,596,25,0,0,0.03883333333333333,4.333333333333371,0.0,0,0,0.03431322631289574,0.8592243559182272,0.6069,0
381,60535.29,11091.55,3491.12,0.3148,754,40,0,0,0.012933333333333352,2.0,0.0,0,0,0.0063651394328796875,0.6920498768849608,0.6852,1
382,58996.58,2339.37,512.07,0.2189,664,40,0,0,-0.007833333333333359,5.666666666666629,0.0,0,0,0.004380924559953063,0.10415586799692676,0.7811,0
383,27901.9,11130.64,5149.55,0.4626,736,36,0,0,0.060733333333333306,-3.0,-0.3333333333333333,1,40,0.04910601060743764,2.21470939159783,0.5374,0
384,42144.93,8735.03,1824.22,0.2088,703,45,0,0,0.007033333333333364,2.0,0.0,0,0,0.006325697150863643,0.5194133670115727,0.7912,0
385,88883.87,8544.86,1343.26,0.1572,668,28,0,0,-0.001799999999999996,-5.333333333333371,0.0,0,0,0.0026693215950457975,0.18135033946905998,0.8428,0
386,33862.74,6292.6,1658.35,0.2635,706,35,0,0,-0.009799999999999975,2.6666666666666288,0.0,0,0,0.009083975512467625,0.5876724681153365,0.7364999999999999,0
387,44384.48,9845.47,3026.96,0.3074,830,49,0,0,0.007099999999999995,5.0,0.0,0,0,0.005125860361387579,0.8183833626118724,0.6926,0
388,31302.64,19012.11,2440.78,0.1284,679,44,0,0,-0.0003999999999999837,6.666666666666629,0.0,0,0,0.0017669024999825021,0.9356833797012586,0.8716,0
389,49778.78,8249.97,1469.78,0.1782,635,43,0,0,0.01206666666666667,-8.666666666666629,0.3333333333333333,1,49,0.007315641537904323,0.35431483045081097,0.8218,0
390,49142.24,9480.1,5804.6,0.6123,767,40,0,0,0.11769999999999997,-1.6666666666666288,0.0,0,0,0.09700304118943899,1.4174201253949956,0.38770000000000004,1
391,92962.91,8905.22,1445.35,0.1623,618,32,0,0,-0.002133333333333348,1.0,0.0,0,0,0.0019570385790780758,0.18657118196666975,0.8377,0
392,62582.5,7627.62,2076.73,0.2723,616,59,0,0,-0.00019999999999997797,-6.666666666666629,0.0,0,0,0.004438311741091549,0.39820652730749845,0.7277,0
393,65816.73,12730.67,3514.06,0.276,685,26,0,0,0.031166666666666704,-0.33333333333337123,0.0,0,0,0.03166318840546542,0.6406991048068114,0.724,1
394,43441.43,5846.42,1862.48,0.3186,575,37,0,0,0.008333333333333304,4.6666666666667425,0.0,0,0,0.006053671980248405,0.5144803012660089,0.6814,0
395,52337.51,7773.97,946.19,0.1217,694,34,0,0,-0.00043333333333331336,4.0,0.0,0,0,0.005049504926227924,0.2169434502596069,0.8783,0
396,42527.67,6706.81,1933.54,0.2883,670,21,0,0,0.011933333333333296,9.0,0.0,0,0,0.011238660952266513,0.5455854974761838,0.7117,0
397,42065.54,6810.18,3654.37,0.5366,676,46,0,0,0.12496666666666673,2.0,0.0,0,0,0.09520354218433494,1.042478950406681,0.46340000000000003,1
398,39765.54,9873.64,3137.97,0.3178,634,44,0,0,0.015900000000000025,6.6666666666667425,0.0,0,0,0.010915521568441448,0.9469414973023552,0.6821999999999999,0
399,41218.37,16297.95,3035.24,0.1862,692,63,0,0,-0.005933333333333346,-0.33333333333337123,0.0,0,0,0.004692843250927701,0.8836564859162582,0.8138,0
400,39195.0,12796.83,1870.13,0.1461,645,46,0,0,0.015699999999999978,6.333333333333371,0.0,1,54,0.013077567731722048,0.5725618061775548,0.8539,0
401,74817.61,500.0,130.43,0.2609,658,46,0,0,-0.01706666666666662,-3.0,0.0,0,0,0.01088620431759591,0.02091967385417636,0.7391,0
402,82377.43,12177.83,3053.5,0.2507,773,21,0,0,0.045366666666666666,1.3333333333332575,0.0,0,0,0.03272510928595619,0.44480630185552433,0.7493000000000001,1
403,65151.79,6261.8,1207.81,0.1929,735,28,0,0,0.015533333333333316,-6.6666666666667425,0.3333333333333333,1,23,0.012890381857976288,0.222460810322026,0.8071,1
404,35333.89,7527.28,1884.34,0.2503,675,37,0,0,-0.011799999999999977,0.6666666666667425,0.0,0,0,0.011098986440211537,0.6399544457833697,0.7497,0
405,16014.79,18030.33,4218.8,0.234,687,21,0,0,0.007533333333333336,-1.0,0.0,0,0,0.008819123791196282,3.161177883822758,0.766,0
406,38364.43,11393.04,1620.16,0.1422,666,21,0,0,0.0,4.333333333333371,0.0,0,0,0.0031276100211574485,0.5067694214124586,0.8578,0
407,44856.11,1896.33,429.16,0.2263,676,38,0,0,0.002700000000000008,4.0,0.0,0,0,0.007173562573784383,0.11480977727721559,0.7737,0
408,43928.56,9343.69,1478.49,0.1582,597,38,0,0,0.006099999999999994,2.6666666666667425,0.0,0,0,0.0038328985260649828,0.4038803000861726,0.8418,0
409,99228.28,5197.36,712.57,0.1371,722,38,0,0,-0.0038000000000000256,5.6666666666667425,0.0,0,0,0.0025489104426096336,0.08617341748709058,0.8629,0
410,80647.93,500.0,64.26,0.1285,723,36,0,0,0.007566666666666652,4.666666666666629,0.0,0,0,0.004866466890876791,0.009561559731108553,0.8714999999999999,0
411,52344.52,7801.15,1944.5,0.2493,673,41,0,0,-0.0015666666666667162,0.0,0.0,0,0,0.0038315938082097295,0.445777322910797,0.7507,0
412,128114.56,12602.58,3720.77,0.2952,597,33,0,0,0.05733333333333329,6.666666666666629,0.0,0,0,0.046998008232028085,0.34851027077498353,0.7048,0
413,56604.12,16569.65,1865.22,0.1126,711,37,0,0,0.0020999999999999908,-6.3333333333332575,-0.3333333333333333,2,41,0.0019168840456439825,0.39542421991994414,0.8874,0
414,45296.54,7913.24,2593.67,0.3278,821,48,0,0,0.0008000000000000229,4.0,0.0,0,0,0.004758676286531775,0.6871173822935392,0.6722,0
415,39017.22,6826.69,1868.89,0.2738,727,33,0,0,0.03213333333333335,6.666666666666629,0.0,0,0,0.029195994778584113,0.5747892851695362,0.7262,0
416,49549.68,7913.67,2283.44,0.2885,710,34,0,0,-0.010666666666666602,-0.33333333333337123,0.0,0,0,0.009805355679423368,0.5530061948606716,0.7115,0
417,39231.88,2819.49,636.47,0.2257,770,60,0,0,0.001166666666666677,-2.6666666666666288,0.0,0,0,0.0033561303775495916,0.19467942901700983,0.7743,1
418,39824.94,6850.46,3047.86,0.4449,763,46,0,0,0.06573333333333337,8.666666666666629,0.0,0,0,0.05262524214776698,0.9183772778811335,0.5550999999999999,1
419,21273.77,10054.91,2000.56,0.199,626,36,0,0,-0.0004999999999999727,1.0,0.0,0,0,0.004598369276167361,1.128465710894609,0.8009999999999999,0
420,66630.03,8080.6,1668.41,0.2065,612,43,0,0,0.003300000000000025,0.33333333333337123,0.0,0,0,0.005455272678794335,0.3004789281408736,0.7935,0
421,82780.6,3071.48,505.39,0.1645,756,24,0,0,0.004966666666666675,0.6666666666666288,0.0,0,0,0.003656766938764963,0.07326209279856456,0.8355,0
422,106995.5,7398.84,2107.12,0.2848,603,67,0,0,0.014566666666666672,-0.6666666666666288,0.3333333333333333,1,5,0.013693834784716485,0.23632246213311897,0.7152000000000001,0
423,30379.08,500.0,57.99,0.116,699,21,0,0,-0.001533333333333331,5.666666666666629,0.0,0,0,0.001570031846810758,0.022906552789785647,0.884,0
424,36674.65,2533.19,744.99,0.2941,710,31,0,0,-0.008000000000000007,6.3333333333332575,0.0,0,0,0.013196874630002346,0.24376183541151336,0.7059,0
425,51090.47,6821.7,1867.14,0.2737,749,24,0,0,-0.002666666666666706,-1.3333333333332575,0.0,0,0,0.006123520229410518,0.43854910700053085,0.7263,0
426,42639.31,6129.03,2001.03,0.3265,732,21,0,0,0.016533333333333344,7.3333333333332575,0.0,0,0,0.01610738271035293,0.5631507637727298,0.6735,0
427,39423.5,14962.68,4817.44,0.322,726,29,0,0,0.010699999999999932,7.333333333333371,0.0,0,0,0.005848670314220533,1.4663659995282916,0.6779999999999999,0
428,16892.15,9089.87,1966.87,0.2164,718,35,0,0,0.032766666666666666,9.333333333333258,0.0,0,0,0.027283557319381944,1.397243097132874,0.7836,0
429,46934.94,13452.88,5389.19,0.4006,660,65,0,0,0.012199999999999989,8.0,0.0,0,0,0.021577013231677846,1.377870728788948,0.5993999999999999,0
430,76887.13,13544.44,3840.42,0.2835,706,41,0,0,-0.003433333333333344,-1.0,0.0,0,0,0.004934008962744638,0.5993856188000172,0.7165,0
431,53190.28,6653.89,2002.08,0.3009,687,49,0,0,-0.020899999999999974,-2.6666666666666288,0.0,0,0,0.012651482126612682,0.451679517283606,0.6991,0
432,50009.93,500.0,104.16,0.2083,683,26,0,0,-0.0038666666666666294,1.0,0.0,0,0,0.00986103442849685,0.02499343629755288,0.7917,0
433,48750.06,7343.46,1714.44,0.2335,756,53,0,0,-0.0026333333333333486,7.0,0.0,0,0,0.002593260495977983,0.422015480492451,0.7665,0
434,53231.55,19044.05,6284.85,0.33,691,54,0,0,0.009533333333333338,-6.0,0.0,0,0,0.006673475689457314,1.416795114607755,0.6699999999999999,0
435,67194.11,500.0,56.98,0.114,664,46,0,0,-0.0012000000000000066,-6.666666666666629,0.0,1,57,0.0019528469246490076,0.010175891902994016,0.886,0
436,63407.85,500.0,102.5,0.205,640,41,0,0,-0.0019333333333333425,-1.0,0.0,0,0,0.007695200524425032,0.01939822907995179,0.795,0
437,97436.69,6917.54,1912.13,0.2764,763,41,0,0,-0.005100000000000049,1.3333333333333712,0.0,0,0,0.0057639203479730615,0.23549198969273377,0.7236,0
438,76048.19,4789.32,873.96,0.1825,815,35,0,0,0.027033333333333354,-1.3333333333333712,0.0,0,0,0.023047601706998582,0.13790624074478466,0.8175,1
439,48870.29,5317.0,1819.62,0.3422,620,36,0,0,-0.0007999999999999674,0.6666666666667425,0.0,0,0,0.00568831648596,0.44680397834018076,0.6577999999999999,0
440,113916.57,15875.55,5690.82,0.3585,742,38,0,0,0.04739999999999994,7.0,0.0,0,0,0.03412532051131537,0.599472403293097,0.6415,1
441,41808.12,5861.13,1096.34,0.1871,766,37,0,0,0.004433333333333345,-4.333333333333371,0.0,0,0,0.004417609962160281,0.3146776271265933,0.8129,0
442,52700.79,1390.93,242.04,0.174,712,34,1,22,0.02673333333333336,-5.666666666666629,0.3333333333333333,1,22,0.019617877334490358,0.05511264630641491,0.8260000000000001,0
443,45341.15,13237.2,1298.08,0.0981,642,32,0,0,-0.005166666666666667,0.6666666666666288,-0.3333333333333333,1,14,0.003645811904698934,0.343550174529702,0.9019,0
444,45121.86,500.0,97.7,0.1954,794,21,0,0,0.0092666666666667,7.0,0.0,0,0,0.007432772774080404,0.02598297143974571,0.8046,0
445,81869.09,13125.04,1857.86,0.1416,803,43,0,0,0.005066666666666664,-0.6666666666666288,0.0,0,0,0.0032303250610426176,0.2723166948201354,0.8584,0
446,54448.13,12933.47,4994.99,0.3862,748,38,0,0,0.02849999999999997,0.6666666666666288,0.0,0,0,0.03945972630416991,1.1008620495651484,0.6138,0
447,97671.18,500.0,96.76,0.1935,834,43,0,0,0.034233333333333366,4.666666666666629,-0.3333333333333333,1,39,0.028107027590978023,0.011888051315212363,0.8065,0
448,20480.05,9164.08,1568.16,0.1711,813,35,0,0,0.015533333333333316,6.666666666666629,0.0,0,0,0.0156977528469665,0.9188415061962203,0.8289,0
449,43540.55,8666.26,3226.74,0.3723,687,43,0,0,0.05720000000000003,3.0,-0.3333333333333333,1,29,0.04060105020535525,0.8893061752625615,0.6276999999999999,0
450,25010.31,9914.92,2709.2,0.2732,604,30,0,0,-0.009766666666666701,-4.6666666666667425,-0.3333333333333333,2,39,0.010751162727816916,1.299879928893382,0.7268,0
451,55672.82,5115.26,1409.0,0.2755,742,44,0,0,6.666666666665932e-05,13.666666666666742,0.0,0,0,0.005356563989889184,0.30370295588324003,0.7244999999999999,0
452,45878.98,7760.38,2499.29,0.3221,703,49,0,0,0.003333333333333355,-3.6666666666666288,0.0,0,0,0.007028710961319857,0.6537085173243934,0.6779,0
453,35324.16,10041.61,3208.4,0.3195,653,39,0,0,0.010033333333333283,1.0,0.0,0,0,0.011679148085369942,1.0899282527007255,0.6805,0
454,38934.59,8304.54,1737.68,0.2092,652,30,0,0,0.00043333333333331336,-6.0,0.0,0,0,0.003172844850358182,0.5355690144309514,0.7908,0
455,31022.05,10191.33,3245.73,0.3185,659,23,0,0,0.011400000000000021,1.0,0.0,0,0,0.010212424350324985,1.2555185742055661,0.6815,0
456,51773.89,11369.6,3557.33,0.3129,661,42,0,0,-0.008799999999999975,-1.6666666666667425,0.0,0,0,0.007251896303726357,0.8245074880428321,0.6871,0
457,22877.63,4101.56,657.33,0.1603,671,39,0,0,0.0,-5.333333333333371,-0.3333333333333333,1,37,0.00418094221172427,0.34478921093935555,0.8397,0
458,40456.86,500.0,96.33,0.1927,618,21,0,0,3.333333333332966e-05,3.0,0.0,0,0,0.0032173142698703077,0.028572657385104235,0.8073,0
459,73672.84,10420.77,2153.36,0.2066,705,26,0,0,0.011099999999999999,4.0,0.0,0,0,0.007189749647936288,0.350744181923638,0.7934,0
460,71824.47,7135.69,1856.5,0.2602,741,57,0,0,0.0011999999999999789,2.0,0.0,0,0,0.004702245326555295,0.31017284215641167,0.7398,0
461,60904.49,2125.28,364.73,0.1716,722,39,0,0,0.00466666666666668,-0.6666666666666288,0.0,0,0,0.0029236107812087584,0.07186268203112198,0.8284,0
462,39160.28,6624.68,1414.78,0.2136,769,53,0,0,0.00626666666666667,12.666666666666742,0.0,0,0,0.006118846114895985,0.43353520441624976,0.7864,0
463,68167.62,6360.22,1382.54,0.2174,636,39,0,0,0.0016666666666666774,-2.6666666666667425,-0.3333333333333333,1,37,0.003828003541157068,0.24337772093377277,0.7826,0
464,51070.5,7136.35,2033.45,0.2849,669,40,1,35,0.008533333333333282,1.6666666666666288,0.3333333333333333,1,35,0.0075252906920596635,0.47779833747988404,0.7151000000000001,0
465,42859.55,5021.96,1448.77,0.2885,745,48,0,0,-0.005299999999999971,-6.3333333333332575,0.0,0,0,0.0026330168586201287,0.40563281684321006,0.7115,0
466,45918.87,500.0,168.36,0.3367,549,33,0,0,0.008866666666666745,-1.0,0.0,0,0,0.005133712107237805,0.04399759836145856,0.6633,0
467,32114.35,14848.36,1606.57,0.1082,652,51,0,0,0.0003333333333333244,5.0,0.0,0,0,0.0014900596557781726,0.6003185489600811,0.8918,0
468,51209.16,10390.59,1175.84,0.1132,770,21,0,0,-0.00043333333333332724,3.6666666666667425,0.0,0,0,0.0027336381943808496,0.2755382044285346,0.8868,0
469,53848.97,4461.29,791.65,0.1774,790,36,0,0,-0.00029999999999996696,5.333333333333371,0.0,0,0,0.0018430801513890916,0.17641563056606305,0.8226,0
470,34292.18,3476.49,1775.77,0.5108,618,67,0,0,0.08073333333333332,1.6666666666667425,0.0,0,0,0.06661048674528992,0.6214023136628576,0.48919999999999997,0
471,37411.67,10866.96,1146.2,0.1055,704,34,0,0,-0.0043666666666666715,7.0,0.0,0,0,0.0023450894320781136,0.3676499871721365,0.8945,0
472,84806.3,6710.17,3047.73,0.4542,772,29,0,0,0.046533333333333315,8.0,0.0,0,0,0.04121626229751769,0.4312505084507282,0.5458000000000001,0
473,34681.1,10089.13,1807.66,0.1792,795,56,0,0,0.0053666666666666585,4.666666666666629,-0.3333333333333333,1,38,0.008223290095819331,0.6254680501049386,0.8208,0
474,71353.83,9536.49,1811.42,0.1899,660,42,0,0,-0.006766666666666671,1.6666666666666288,0.0,0,0,0.005757700158145697,0.30463732635437163,0.8101,0
475,37630.13,9862.44,3597.79,0.3648,733,40,0,0,0.010033333333333394,-0.6666666666666288,0.0,0,0,0.01076809846000881,1.1473114758368432,0.6352,0
476,148503.72,11425.56,1746.52,0.1529,710,48,0,0,-0.0039000000000000146,-1.0,0.0,0,0,0.009493287101947355,0.14112939391892976,0.8471,0
477,41595.87,14338.82,7370.94,0.5141,654,33,1,34,0.08100000000000002,-1.0,0.3333333333333333,1,34,0.06588266295299376,2.1264438025814263,0.4859,1
478,32351.13,11793.19,2492.44,0.2113,745,38,0,0,-0.011899999999999994,-0.6666666666667425,0.0,0,0,0.008312640976248158,0.9245204105360695,0.7887,0
479,82949.18,3754.1,628.12,0.1673,702,27,0,0,0.007266666666666671,-2.3333333333333712,0.0,0,0,0.004939495025922304,0.09086816770111027,0.8327,0
480,66797.19,7755.83,1806.2,0.2329,703,36,0,0,-0.0020333333333333314,-3.3333333333332575,0.0,0,0,0.004490390975306167,0.32448071537300044,0.7671,0
481,91099.54,4587.85,1776.0,0.3871,736,21,0,0,0.009200000000000041,1.0,0.0,0,0,0.019804657140290113,0.23394190571316492,0.6129,0
482,45040.84,6837.22,2022.59,0.2958,656,21,0,0,0.0013999999999999568,5.333333333333371,0.0,0,0,0.0031304951684997116,0.5388682802881469,0.7041999999999999,0
483,44448.77,9839.78,1696.24,0.1724,850,38,0,0,-0.002433333333333315,-0.33333333333337123,0.0,0,0,0.0034943207891917627,0.45794023084338936,0.8276,0
484,30925.02,8704.13,1185.11,0.1362,619,69,0,0,-0.0008000000000000229,5.333333333333371,-0.3333333333333333,1,24,0.005243090691567341,0.45986453669170224,0.8638,0
485,62613.47,11319.53,1676.12,0.1481,731,52,0,0,-0.0020000000000000018,4.0,0.0,0,0,0.0019142738687148316,0.3212318371134073,0.8519,0
486,69340.01,4613.39,1600.02,0.3468,627,27,0,0,0.011366666666666636,5.666666666666629,0.0,0,0,0.008686691609071373,0.2768998734882963,0.6532,0
487,28964.54,12786.12,2113.68,0.1653,788,43,0,0,-0.008199999999999985,5.6666666666667425,-0.3333333333333333,1,25,0.0065680624574104285,0.8756969725564997,0.8347,0
488,29880.72,2808.19,979.77,0.3489,766,22,0,0,0.007566666666666666,6.6666666666667425,0.0,0,0,0.012690788435361724,0.3934724462890563,0.6511,0
489,20947.08,12975.11,3948.55,0.3043,654,36,0,0,0.03753333333333336,9.0,0.0,0,0,0.03393073009005915,2.262014561115717,0.6957,1
490,88517.4,6036.47,1801.36,0.2984,787,54,0,0,-0.0025000000000000022,6.0,0.0,0,0,0.007856225415412765,0.24420419032946683,0.7016,0
491,111187.38,18794.87,3551.19,0.1889,654,35,0,0,0.016033333333333344,-2.0,0.0,0,0,0.014139257799160138,0.3832654388960403,0.8110999999999999,0
492,28145.76,781.09,199.35,0.2552,670,47,0,0,0.016333333333333283,1.3333333333333712,0.0,0,0,0.010654393981410248,0.08499326360276223,0.7448,0
493,43528.87,3971.5,1194.9,0.3009,668,44,0,0,-0.011033333333333284,-2.0,0.0,0,0,0.008941072518315557,0.3294089645802221,0.6991,0
494,45170.06,11332.38,4409.15,0.3891,731,31,0,0,0.01913333333333339,-4.333333333333371,0.0,1,11,0.021509422999647823,1.1713466837534383,0.6109,0
495,33658.67,4699.89,1057.87,0.2251,712,24,0,0,-0.002599999999999991,3.0,0.0,0,0,0.0070303113571005965,0.37715215709575495,0.7749,0
496,121191.07,4680.61,1219.92,0.2606,725,44,0,0,-0.00020000000000003348,3.3333333333332575,0.0,0,0,0.004335255983727397,0.12079305842048,0.7394000000000001,0
497,52875.06,10086.04,2729.6,0.2706,730,48,0,0,-0.005166666666666708,1.3333333333332575,0.0,0,0,0.005619386087465438,0.619482984843255,0.7294,0
498,38315.48,7232.98,2355.74,0.3257,700,38,0,0,0.004366666666666685,0.6666666666666288,0.3333333333333333,1,50,0.003383949040856137,0.7377926621602152,0.6743,0
499,22797.81,500.0,125.45,0.2509,682,23,0,0,-0.016100000000000003,1.3333333333333712,0.0,0,0,0.010101485039339496,0.06603265836532579,0.7491,0
500,28481.96,11848.61,5626.46,0.4749,661,58,0,0,0.0924666666666667,-2.0,0.0,0,0,0.0802063761665977,2.3705362963628054,0.5251,0
501,45103.15,16470.77,6562.1,0.3984,702,33,0,0,0.050433333333333275,-7.333333333333371,0.0,0,0,0.040298728267775384,1.7458913618904515,0.6016,0
502,32837.98,3751.32,1437.79,0.3833,735,21,0,0,0.02839999999999998,4.0,0.0,0,0,0.03173657196358797,0.5254123424673214,0.6167,0
503,79501.77,7425.22,1710.31,0.2303,675,21,0,0,0.008733333333333343,3.0,0.0,0,0,0.0044049530203069225,0.2581542523757917,0.7697,0
504,66957.76,6230.44,1639.0,0.2631,699,22,0,0,-0.006866666666666632,-3.3333333333333712,0.0,0,0,0.006397265040624768,0.29373742485523935,0.7369,0
505,114135.93,9010.89,1885.78,0.2093,543,43,0,0,0.0029000000000000137,-5.0,0.0,0,0,0.006514044655801625,0.19826675086119505,0.7907,0
506,57842.83,11305.82,1075.43,0.0951,633,39,0,0,-0.0025666666666666615,-6.0,0.3333333333333333,1,22,0.0021315747960395596,0.22310734100186164,0.9049,0
507,34642.12,11268.86,4804.28,0.4263,732,28,0,0,0.04026666666666667,-4.0,-0.3333333333333333,1,7,0.03060181548717511,1.6641983798921547,0.5737,1
508,60413.8,10999.52,2714.07,0.2467,780,37,0,0,-0.002066666666666661,0.33333333333337123,0.0,1,52,0.0074596879589192205,0.539096034242687,0.7533,0
509,44677.36,6609.34,1610.88,0.2437,680,21,0,0,0.01736666666666667,-3.0,0.3333333333333333,1,26,0.014027185906105487,0.43267014870189197,0.7563,0
510,30293.61,12136.55,3869.2,0.3188,788,23,0,0,0.00493333333333329,9.0,0.0,0,0,0.003166798242880507,1.5326796635200572,0.6812,0
511,26117.72,6439.34,3300.45,0.5125,658,32,0,0,0.0581666666666667,-3.6666666666666288,-0.3333333333333333,1,22,0.05984762828309159,1.5164187372329196,0.48750000000000004,0
512,76538.85,16111.23,2106.06,0.1307,696,36,0,0,-0.0037333333333333385,0.33333333333337123,0.0,0,0,0.0028963099128220256,0.3301946657943993,0.8693,0
513,54936.39,5395.73,1794.7,0.3326,773,50,0,0,0.0647666666666667,-2.3333333333333712,0.0,0,0,0.05152085607898137,0.39202430293100266,0.6674,0
514,55385.79,3498.1,900.09,0.2573,800,21,0,0,-0.00273333333333331,0.33333333333337123,0.0,0,0,0.005206673068711399,0.19501536400690167,0.7427,0
515,65572.78,5015.31,1069.18,0.2132,732,30,0,0,0.001733333333333309,2.0,-0.6666666666666666,2,30,0.002973820961509137,0.19566289545222948,0.7867999999999999,0
516,43437.28,5746.37,1245.31,0.2167,690,44,0,0,-0.0022666666666666946,3.3333333333332575,0.0,0,0,0.005180250959171777,0.34402982866034987,0.7833,0
517,37730.28,15240.62,5237.88,0.3437,656,24,0,0,0.027800000000000047,-5.3333333333332575,0.0,0,0,0.026026898479158934,1.6658916917661173,0.6563,1
518,84100.92,8347.19,2075.98,0.2487,703,42,0,0,-0.013433333333333297,7.333333333333371,0.0,0,0,0.013793245126188102,0.2962126929936729,0.7513,0
519,43604.33,10932.28,4677.75,0.4279,644,56,0,0,0.07480000000000003,-5.0,0.0,0,0,0.06643226082091273,1.2873262812328978,0.5721,0
520,31075.66,5632.89,751.77,0.1335,753,56,0,0,-0.006466666666666676,-1.3333333333332575,0.0,1,25,0.0030438462510449017,0.2902992244256891,0.8665,1
521,38464.05,16294.87,2839.38,0.1743,650,38,0,0,-0.011900000000000022,9.666666666666629,0.0,0,0,0.013061404127343188,0.8858287151085249,0.8257,0
522,28956.19,9154.56,1722.27,0.1881,717,21,0,0,-0.005666666666666681,4.666666666666629,0.0,1,19,0.006563048918841844,0.7137416901683232,0.8119000000000001,0
523,44690.29,7581.74,2140.36,0.2823,711,52,0,0,0.003999999999999948,10.0,0.0,0,0,0.006796159045944842,0.5747181321290012,0.7177,0
524,77454.87,5846.73,1308.42,0.2238,736,21,0,0,0.007499999999999979,4.333333333333371,0.0,0,0,0.006897060565519522,0.2027121083227879,0.7762,0
525,46677.97,8003.96,1351.7,0.1689,690,35,0,0,0.009033333333333338,0.6666666666666288,0.0,1,20,0.00485689658572677,0.34749583145603913,0.8311,0
526,53039.81,9856.79,2354.6,0.2389,517,24,0,0,-0.004433333333333317,-3.3333333333333712,0.0,0,0,0.003995622604801405,0.5327168403055629,0.7611,0
527,69370.58,8272.39,1523.58,0.1842,703,66,0,0,-0.004966666666666675,0.0,0.0,1,54,0.004364280518532736,0.2635549536538016,0.8158,0
528,58530.56,12630.34,7300.72,0.578,738,21,0,0,0.11693333333333328,2.0,0.0,1,53,0.09695757806610293,1.496801670478437,0.42200000000000004,0
529,35284.4,11698.57,2178.8,0.1862,700,47,0,0,-0.0013333333333333253,-11.0,0.0,0,0,0.0031513665466129347,0.7409960206524144,0.8138,0
530,37024.73,16728.39,3842.22,0.2297,788,43,0,0,-0.0011333333333333195,-15.0,0.0,2,34,0.0065749524713111,1.2452930780334246,0.7703,0
531,102848.83,9200.0,3046.69,0.3312,578,30,0,0,0.010766666666666647,-8.333333333333371,0.0,0,0,0.009833997152734978,0.3554758959896217,0.6688000000000001,0
532,67583.87,10210.64,3108.35,0.3044,623,36,1,15,-0.010833333333333306,-2.0,0.3333333333333333,1,15,0.006524760532004229,0.5519097973137241,0.6956,0
533,62587.2,7588.48,1777.84,0.2343,679,21,0,0,0.002600000000000019,0.0,0.0,1,20,0.00597524987854995,0.34086969853116234,0.7657,1
534,75546.59,12522.68,4244.25,0.3389,705,33,0,0,0.002366666666666628,8.0,0.0,0,0,0.005600545608341306,0.6741667624165432,0.6611,0
535,24802.36,500.0,53.32,0.1066,718,30,0,0,-0.008066666666666653,-5.0,0.0,0,0,0.004242378787635278,0.02579754505984227,0.8934,0
536,38810.22,3762.94,609.06,0.1619,717,39,0,0,-0.0012333333333333085,0.33333333333337123,0.0,0,0,0.0019993749023132132,0.18831946837044897,0.8381000000000001,0
537,24680.96,5093.22,788.82,0.1549,596,27,0,0,-0.0027000000000000357,-8.333333333333258,0.0,0,0,0.0061761863457782664,0.3835280311380783,0.8451,0
538,28758.75,7982.39,1840.8,0.2306,643,30,0,0,-0.0033999999999999864,-12.333333333333258,0.3333333333333333,1,48,0.006796874281609147,0.7681001431141061,0.7694,1
539,45524.87,13153.14,3540.95,0.2692,688,29,0,0,-0.008033333333333337,-1.3333333333333712,0.0,0,0,0.005804619807628331,0.933366750718884,0.7308,0
540,43101.26,16389.06,4860.14,0.2965,786,33,0,0,-0.000933333333333286,-8.0,0.0,0,0,0.006966905897008902,1.3531316714119823,0.7035,0
541,49502.01,14925.05,4099.05,0.2746,703,54,0,0,0.04763333333333333,5.0,-0.3333333333333333,1,17,0.037808975271899546,0.9936687416950537,0.7254,0
542,77255.3,7926.5,2838.35,0.3581,664,21,0,0,0.0026333333333333764,2.6666666666666288,0.0,0,0,0.006577381275587157,0.4408784898215327,0.6419,0
543,58646.6,2856.36,624.89,0.2188,675,59,0,0,-0.0031999999999999806,3.6666666666666288,0.0,1,9,0.0021304016314092297,0.12786214372982668,0.7812,0
544,77628.77,16693.75,5891.45,0.3529,834,46,0,0,0.010366666666666635,-2.0,0.0,0,0,0.007678776667615164,0.9107113250547633,0.6471,0
545,33636.0,8287.83,1144.73,0.1381,754,51,0,0,-0.0014666666666666994,5.0,0.0,0,0,0.005004692242730269,0.4083945770929738,0.8619,0
546,47746.07,6797.63,3682.96,0.5418,716,43,0,0,0.0757666666666667,2.6666666666667425,0.0,0,0,0.06798821180502133,0.9256368113415903,0.45820000000000005,1
547,58237.15,500.0,117.61,0.2352,711,35,0,0,0.01633333333333331,-1.0,0.0,0,0,0.012279397831779492,0.024234015567540505,0.7648,0
548,33036.34,8622.81,1674.55,0.1942,729,44,0,0,0.001433333333333342,-1.0,0.0,1,53,0.003299663282484715,0.6082574520270984,0.8058,0
549,58824.04,2146.42,538.58,0.2509,639,23,0,0,-0.011900000000000022,6.6666666666667425,0.0,1,33,0.00784661993755554,0.10986936631148707,0.7491,0
550,67926.78,12556.51,2368.71,0.1886,609,44,0,0,0.006799999999999973,4.6666666666667425,0.0,0,0,0.0033246971457730006,0.418458228035813,0.8114,0
551,153257.11,1984.55,634.02,0.3195,686,42,0,0,0.003999999999999948,-0.6666666666667425,0.0,0,0,0.004139746369042419,0.04964363480039703,0.6805,0
552,50129.35,17011.37,3895.67,0.229,715,45,0,0,-0.0003333333333333244,6.0,0.0,0,0,0.0021454085340041336,0.9325482973309931,0.771,0
553,32092.26,10894.16,2450.82,0.225,647,45,0,0,0.007033333333333336,2.0,0.3333333333333333,1,10,0.005338304974427737,0.9164153596226323,0.775,0
554,45941.1,15395.91,2452.31,0.1593,660,49,0,0,0.003933333333333344,1.6666666666667425,0.0,0,0,0.004406844424049697,0.6405532299468965,0.8407,0
555,46468.12,12069.95,2599.06,0.2153,767,22,0,0,0.002899999999999986,3.3333333333333712,0.0,0,0,0.004167266623472898,0.6711853199988674,0.7847,0
556,77606.38,9821.13,946.64,0.0964,729,39,0,0,-0.009299999999999989,-2.3333333333333712,0.0,0,0,0.005308431448596135,0.14637559435504519,0.9036,0
557,51513.49,7573.09,1677.79,0.2215,682,24,0,0,-0.012799999999999978,4.0,0.0,0,0,0.006921845450777163,0.3908389820862444,0.7785,0
558,51967.28,6821.97,896.95,0.1315,653,36,0,0,-0.011666666666666659,0.6666666666666288,0.0,0,0,0.007184705978674415,0.20711878700433378,0.8685,0
559,26012.72,12280.81,3127.31,0.2547,734,67,0,0,-0.0017000000000000348,1.3333333333333712,0.0,1,38,0.0042373340675476495,1.4426680478891858,0.7453000000000001,0
560,61960.86,8252.39,1860.23,0.2254,745,27,0,0,-0.013266666666666677,1.6666666666667425,0.0,0,0,0.0138629402044123,0.3602719522562588,0.7746,0
561,81932.63,8119.59,2182.05,0.2687,655,42,0,0,-0.015800000000000036,-2.3333333333333712,0.0,0,0,0.011187132985910413,0.31958695816507976,0.7313000000000001,0
562,53204.4,2442.26,1298.41,0.5316,716,25,0,0,0.0756,5.3333333333332575,0.0,0,0,0.05705847390567368,0.2928502153296682,0.46840000000000004,0
563,29644.82,7933.36,1093.54,0.1378,741,32,0,0,-0.003666666666666679,-0.6666666666666288,0.0,0,0,0.0037292760691587414,0.4426567607658984,0.8622,0
564,78180.07,9970.12,2122.17,0.2129,703,37,0,0,0.00896666666666665,2.0,0.0,0,0,0.0043095823463532865,0.3257357021564597,0.7871,0
565,42351.3,11464.33,3196.38,0.2788,706,21,0,0,0.02116666666666661,-1.0,0.0,0,0,0.015068187607598255,0.9056760946920611,0.7212000000000001,0
566,61469.7,5021.64,1086.69,0.2164,677,35,0,0,-0.00949999999999998,0.6666666666666288,0.0,0,0,0.0048649254876102655,0.21214159166962426,0.7836,0
567,32594.77,11260.74,3983.26,0.3537,776,31,0,0,0.04876666666666668,4.0,0.0,0,0,0.04007957709357719,1.4664659386276513,0.6463,1
568,116713.63,10198.14,987.89,0.0969,652,38,0,0,-0.0025666666666666615,0.0,0.0,0,0,0.002136586061922148,0.10157065630450489,0.9031,0
569,37821.45,2981.64,473.45,0.1588,645,39,0,0,0.006366666666666659,7.666666666666629,0.0,0,0,0.005331744555021362,0.15021634543882914,0.8412,0
570,39588.98,5405.02,1755.62,0.3248,628,49,0,0,0.0026000000000000467,2.3333333333333712,0.0,1,26,0.009777326378469295,0.5321541498066924,0.6752,0
571,59599.49,11311.11,2094.96,0.1852,631,21,0,0,0.004533333333333361,-0.33333333333337123,0.0,0,0,0.005121468973297069,0.42180763618846917,0.8148,0
572,35286.42,984.51,221.3,0.2248,682,36,0,0,0.02146666666666666,-4.666666666666629,0.0,0,0,0.01861136152402015,0.07525841383446945,0.7752,1
573,59612.24,7421.16,2151.71,0.2899,680,25,0,0,-0.002766666666666695,1.3333333333333712,0.0,1,12,0.004729898988820411,0.4331412474149991,0.7101,0
574,39647.13,8209.9,2468.3,0.3006,691,21,0,0,-0.001966666666666672,3.3333333333332575,0.0,0,0,0.006856039511100966,0.7470805576856393,0.6994,0
575,33502.27,6882.97,1911.83,0.2778,586,34,0,0,0.011733333333333318,-9.666666666666629,0.0,0,0,0.007240511031688317,0.6847882245526211,0.7222,0
576,34478.58,11305.74,3464.93,0.3065,707,46,0,0,-0.00649999999999995,-1.3333333333333712,0.0,0,0,0.007169108111272364,1.2059417756047,0.6935,0
577,74002.11,500.0,166.55,0.3331,705,21,0,0,0.01093333333333335,9.666666666666629,0.0,0,0,0.01241878058068148,0.027007338029630668,0.6669,0
578,80106.16,7051.87,1306.27,0.1852,649,52,0,0,0.0026333333333333486,-1.3333333333332575,0.0,0,0,0.005384700548777062,0.19568083150723775,0.8148,0
579,146436.36,10701.67,3279.03,0.3064,763,50,0,0,0.017100000000000004,-1.3333333333333712,0.0,0,0,0.010890566764151663,0.26870621474595197,0.6936,0
580,58574.22,15885.16,3142.82,0.1978,665,34,0,0,-0.009699999999999986,4.333333333333371,-0.3333333333333333,1,45,0.005206486339173468,0.6438641435135394,0.8022,0
581,42341.16,7667.69,3541.66,0.4619,709,53,0,0,0.06700000000000006,-7.0,0.0,2,56,0.05437294312840207,1.0037495427134022,0.5381,0
582,47105.77,7093.79,2001.32,0.2821,752,21,0,0,0.014900000000000024,3.0,0.0,0,0,0.011173405926574039,0.5098279890952226,0.7179,0
583,66095.04,12914.23,2188.92,0.1695,689,48,0,0,0.004133333333333378,9.333333333333371,0.0,0,0,0.00471274866717926,0.39741317949472527,0.8305,0
584,43687.27,13345.02,3725.4,0.2792,700,49,0,0,0.007000000000000006,-5.666666666666629,0.0,0,0,0.007310437743391283,1.0232912239130647,0.7208,0
585,87445.4,9971.12,2913.1,0.2922,715,49,0,0,0.0010666666666667157,-5.0,0.0,0,0,0.0038281849485101967,0.3997603075199253,0.7078,0
586,23148.22,2578.56,1616.22,0.6268,726,27,0,0,0.12250000000000011,1.0,0.0,0,0,0.09812057774889923,0.8378458468921519,0.3732,0
587,45099.19,10500.13,1970.88,0.1877,727,21,0,0,0.003233333333333338,0.33333333333337123,0.3333333333333333,1,22,0.002246107744521614,0.5244120791017989,0.8123,0
588,58983.1,1668.3,172.87,0.1036,629,33,0,0,-0.004066666666666663,-6.6666666666667425,0.3333333333333333,1,44,0.003769652209127228,0.03517007413272546,0.8964,0
589,73859.49,3237.43,493.96,0.1526,782,45,0,0,-0.003766666666666668,0.0,0.0,0,0,0.004272229446605647,0.08025400661495159,0.8473999999999999,0
590,65568.31,6274.69,2632.46,0.4195,728,28,0,0,0.06659999999999999,6.3333333333332575,0.0,0,0,0.0599141144565378,0.4817802989617795,0.5805,0
591,40612.98,6367.9,2017.66,0.3168,647,22,0,0,0.0014333333333333975,-3.3333333333333712,0.0,0,0,0.006209558044749323,0.596162113512627,0.6832,0
592,46271.17,14043.26,2669.52,0.1901,697,48,0,0,0.012733333333333346,-7.0,0.0,0,0,0.008720633259370796,0.692315322731027,0.8099000000000001,0
593,63693.13,1243.75,252.21,0.2028,604,24,0,0,0.002633333333333321,1.3333333333333712,0.0,0,0,0.0055731748382567125,0.0475172126009476,0.7972,0
594,92464.09,6991.34,1158.03,0.1656,804,53,0,0,-0.003200000000000036,0.0,0.0,0,0,0.0030931824675854073,0.15028926362868578,0.8344,0
595,31504.91,3657.02,646.37,0.1767,672,41,0,0,0.008333333333333331,-1.6666666666666288,0.0,1,58,0.004974043738359265,0.2461978147865087,0.8233,0
596,75592.02,14491.78,3794.29,0.2618,588,35,0,0,-0.0023666666666666836,3.6666666666666288,0.0,1,59,0.005510847887979152,0.6023318333439431,0.7382,0
597,60288.73,2442.15,828.31,0.3392,636,53,0,0,0.006866666666666632,-0.6666666666666288,0.0,0,0,0.0069376589070889805,0.1648686246670244,0.6608,0
598,65891.99,8497.22,2060.73,0.2425,684,21,0,0,0.001533333333333331,1.6666666666667425,0.0,1,22,0.007442445834535826,0.3752923533724886,0.7575000000000001,0
599,74933.98,10649.58,3263.11,0.3064,604,36,0,0,0.0024000000000000132,-3.3333333333332575,0.0,0,0,0.007206247289678583,0.5225575899442324,0.6936,0
600,58723.24,10806.33,1746.23,0.1616,630,34,0,0,0.0005000000000000004,4.3333333333332575,0.0,1,7,0.004110792029659389,0.3568393023906366,0.8384,0
601,40710.03,6945.8,733.44,0.1056,627,24,0,0,-0.004966666666666675,6.0,0.0,0,0,0.004934008962744642,0.21619438741277439,0.8944,0
602,61583.06,5124.13,1273.75,0.2486,704,45,0,0,0.006399999999999989,6.333333333333371,0.0,0,0,0.006464131805586885,0.24820137221212432,0.7514000000000001,0
603,39347.31,7801.09,1556.98,0.1996,687,56,0,0,0.00930000000000003,-2.0,0.0,1,14,0.006324357674894741,0.4748421173976543,0.8004,0
604,59615.43,8125.68,1053.11,0.1296,688,39,0,0,0.0014666666666666717,6.0,0.0,0,0,0.003480102169636852,0.2119806901913855,0.8704000000000001,0
605,78085.92,11576.82,1500.36,0.1296,581,31,0,0,-0.001733333333333309,3.6666666666666288,0.0,0,0,0.0029501883179063404,0.23057063292887053,0.8704000000000001,0
606,40554.75,7318.33,1967.85,0.2689,666,56,0,0,0.02256666666666665,-2.6666666666666288,0.0,0,0,0.020093966756218166,0.5822795108590891,0.7311000000000001,0
607,37208.53,5472.93,931.79,0.1703,770,21,0,0,0.0033999999999999864,-1.6666666666666288,0.0,0,0,0.0016650825805346729,0.30050851233289516,0.8297,0
608,78178.47,8985.63,1334.23,0.1485,718,43,0,0,-0.006633333333333324,9.333333333333371,0.0,0,0,0.004143703389213292,0.20479756124086884,0.8515,0
609,59892.94,8124.37,1657.85,0.2041,660,43,0,0,-0.004233333333333339,2.3333333333333712,0.0,0,0,0.005572701319826859,0.332162688891446,0.7959,0
610,70655.4,9940.36,2066.3,0.2079,638,40,0,0,0.031166666666666648,-1.0,0.0,0,0,0.023738102283038544,0.35093708330557544,0.7921,1
611,48664.56,4563.71,1192.45,0.2613,621,37,0,0,-3.333333333338517e-05,0.6666666666667425,0.0,0,0,0.0024500566886865643,0.294041495422367,0.7387,0
612,37641.58,7232.52,2135.92,0.2953,765,30,0,0,0.00830000000000003,2.0,0.0,0,0,0.005257851272145321,0.6809235954449552,0.7047,0
613,46127.31,500.0,121.4,0.2428,676,38,0,0,-0.0058666666666667144,2.3333333333333712,0.0,0,0,0.004183333333333314,0.03158215815361907,0.7572,0
614,51439.42,1974.8,549.81,0.2784,562,21,0,0,0.005699999999999983,2.3333333333333712,0.0,0,0,0.007733045971672499,0.12826194382558856,0.7216,0
615,25633.44,14849.18,4463.43,0.3006,635,32,0,0,-0.0038333333333332997,-8.333333333333371,0.0,0,0,0.009685527576980248,2.0895033977072903,0.6994,0
616,44209.88,3030.2,1002.17,0.3307,708,54,0,0,0.020933333333333304,1.6666666666666288,0.0,0,0,0.012778247575904553,0.2720215480507014,0.6693,0
617,71058.28,4405.24,1331.94,0.3024,782,21,0,0,0.0006000000000000449,2.6666666666666288,0.0,0,0,0.0072930522493062444,0.22493198536892273,0.6976,0
618,39294.11,10711.89,3023.73,0.2823,774,33,0,0,-0.005800000000000027,-3.6666666666666288,0.0,0,0,0.0073294686786363585,0.9234147303226622,0.7177,0
619,40768.2,16135.05,2889.84,0.1791,732,32,0,0,-0.004766666666666669,4.666666666666629,0.0,0,0,0.003939860403618376,0.8506159209823493,0.8209,0
620,86848.1,11815.7,2372.01,0.2008,635,33,0,0,-0.006433333333333374,-3.6666666666667425,0.0,0,0,0.005923892301519321,0.3277460300923917,0.7992,0
621,60483.88,12332.29,3122.15,0.2532,664,21,0,0,0.002400000000000041,-0.33333333333337123,0.0,0,0,0.005544166103011138,0.6194344673748905,0.7468,0
622,45673.53,7694.67,2261.99,0.294,746,47,0,0,-0.0036666666666666514,1.6666666666666288,-0.3333333333333333,1,13,0.006062796384507735,0.5943022138395778,0.706,0
623,39845.9,7955.85,726.65,0.0913,630,35,0,0,-0.005399999999999988,-1.6666666666666288,0.0,0,0,0.0026535092069015116,0.21883807361294244,0.9087,0
624,107154.11,3907.87,999.54,0.2558,533,47,0,0,-0.00013333333333331865,-2.6666666666666288,0.0,0,0,0.002279132388529563,0.1119367236465009,0.7442,0
625,66323.3,9638.99,1158.89,0.1202,739,34,0,0,0.001533333333333331,5.6666666666667425,0.0,0,0,0.0022161026851459558,0.20968015761404873,0.8798,0
626,52556.83,1256.47,223.37,0.1778,639,39,0,0,-0.0018333333333333535,-4.666666666666629,0.0,0,0,0.0016726559053725867,0.05100079284439321,0.8222,0
627,26955.22,4594.16,1936.89,0.4216,641,40,0,0,0.037733333333333396,-3.3333333333332575,0.3333333333333333,1,27,0.033106788494875874,0.8622700905298774,0.5784,1
628,46202.62,5346.67,1259.47,0.2356,620,21,0,0,0.0006999999999999784,-12.0,0.0,0,0,0.0024392621835300763,0.32711651408674663,0.7644,0
629,26284.0,11656.56,3621.23,0.3107,721,21,0,0,-0.005866666666666687,0.33333333333337123,0.0,0,0,0.003888765871070167,1.653278039117359,0.6893,0
630,34537.48,8772.54,3977.98,0.4535,779,46,0,0,0.055933333333333335,3.0,0.0,0,0,0.04502738364348721,1.3821436880575617,0.5465,1
631,76546.49,8638.53,3140.77,0.3636,666,31,0,0,0.009066666666666723,5.0,0.0,0,0,0.006447867864651066,0.49237058412595464,0.6364000000000001,0
632,51541.66,10088.88,1258.9,0.1248,681,30,0,0,0.0009666666666666712,1.6666666666666288,0.0,0,0,0.0016981198753654326,0.2930988252315275,0.8752,0
633,71028.39,10513.08,2055.42,0.1955,621,25,0,0,-0.004466666666666647,-7.6666666666667425,0.0,0,0,0.0077617831570959105,0.347256075997681,0.8045,0
634,47471.99,12295.12,3634.2,0.2956,728,49,0,0,-0.0004333333333332856,-4.333333333333371,0.0,0,0,0.010598362032775518,0.9186554005630717,0.7044,0
635,64284.2,13804.11,2980.37,0.2159,660,40,0,0,0.0053666666666666585,6.333333333333371,0.0,0,0,0.005904659177293802,0.5563488383354512,0.7841,0
636,24985.36,11681.55,1334.84,0.1143,636,39,0,0,-0.0032000000000000084,-2.0,0.0,0,0,0.007737086014773247,0.6410986270482721,0.8857,0
637,82186.32,4624.8,1295.3,0.2801,580,38,0,0,0.00040000000000001146,-5.0,0.0,0,0,0.003246964394288566,0.1891263655281132,0.7199,0
638,45560.7,12575.93,2717.05,0.2161,746,63,0,0,-0.015166666666666717,-3.6666666666666288,0.0,0,0,0.008288311716574804,0.7156299177012743,0.7839,0
639,41174.9,500.0,119.0,0.238,704,39,0,0,0.009099999999999997,1.0,0.0,0,0,0.007059705691064211,0.03468132283463528,0.762,0
640,39945.53,3629.96,1014.63,0.2795,746,24,0,0,0.00550000000000006,-3.3333333333332575,0.0,0,0,0.006052983653629923,0.3048040668465871,0.7204999999999999,0
641,59557.13,6284.01,2058.68,0.3276,786,32,0,0,-0.00019999999999997797,0.33333333333337123,0.0,0,0,0.00890516392013331,0.4147976908058267,0.6724,0
642,43019.26,3132.97,765.96,0.2445,779,33,0,0,0.0003999999999999837,0.33333333333337123,0.0,0,0,0.006303570416835193,0.21366057894617604,0.7555000000000001,0
643,70433.39,5151.75,1165.14,0.2262,538,34,0,0,-0.005399999999999988,2.3333333333332575,0.0,1,43,0.009582985500933994,0.1985092581461419,0.7738,0
644,21562.8,10666.92,2573.57,0.2413,622,29,0,0,0.04009999999999997,6.333333333333371,0.0,0,0,0.03493084040087085,1.4322277247302424,0.7587,0
645,33220.92,5160.27,1657.59,0.3212,603,46,0,0,9.999999999998899e-05,8.333333333333371,0.0,0,0,0.005624080171706083,0.5987516297807219,0.6788000000000001,0
646,42228.22,1154.14,203.9,0.1767,578,47,0,0,0.006066666666666665,-6.666666666666629,-0.3333333333333333,1,42,0.00407526413595214,0.057942295443774154,0.8233,0
647,72290.24,500.0,84.12,0.1682,742,42,0,0,0.018566666666666648,3.3333333333333712,0.0,0,0,0.013040130367446482,0.01396371072820391,0.8318,1
648,46200.66,8838.1,1292.77,0.1463,696,60,0,0,0.004566666666666691,10.333333333333258,-0.3333333333333333,1,48,0.003058776080577182,0.33577961864550515,0.8537,0
649,44377.92,9483.05,2219.65,0.2341,681,63,0,0,-0.012733333333333346,1.3333333333332575,0.0,0,0,0.01201874693043238,0.6002038850130326,0.7659,0
650,25252.05,14229.85,3274.19,0.2301,680,21,0,0,0.005699999999999955,4.3333333333332575,0.0,0,0,0.0072914523778035934,1.5559243697572636,0.7699,0
651,69837.12,3208.76,1175.09,0.3662,636,47,0,0,0.051433333333333386,1.3333333333333712,0.3333333333333333,1,25,0.043400723240261535,0.2019138245903759,0.6337999999999999,1
652,44154.42,8000.89,854.67,0.1068,728,38,0,0,-0.0025000000000000022,2.3333333333333712,0.0,0,0,0.0035100253243784104,0.23227663271791774,0.8932,0
653,47499.2,10689.14,2168.97,0.2029,634,32,0,0,-0.008366666666666633,4.666666666666629,0.0,0,0,0.005365967863406468,0.5479595444433693,0.7971,0
654,74572.97,10486.11,1866.11,0.178,711,48,0,0,0.0032666666666666677,6.6666666666667425,0.0,0,0,0.003600154317680165,0.30028735608085005,0.8220000000000001,0
655,78282.33,6750.84,1316.59,0.195,687,34,0,0,0.0011333333333333473,0.33333333333325754,0.0,0,0,0.0028150389774289877,0.20182179040376208,0.8049999999999999,0
656,40851.87,3115.51,719.35,0.2309,636,23,0,0,0.0031999999999999806,3.0,0.0,0,0,0.0037198043556677073,0.2113048924679419,0.7691,0
657,54022.35,4541.38,949.69,0.2091,720,21,0,0,-0.012166666666666659,-8.333333333333258,0.0,0,0,0.010357176792500516,0.2109549102819211,0.7908999999999999,0
658,45650.27,7208.94,1548.39,0.2148,705,21,0,0,-3.333333333332966e-05,4.333333333333371,0.0,0,0,0.002539083386666237,0.4070223460916164,0.7852,0
659,60772.6,15587.93,4820.35,0.3092,620,26,0,0,-0.01046666666666668,-2.3333333333333712,-0.3333333333333333,1,40,0.00642047506030512,0.9518138106412797,0.6908000000000001,0
660,53255.52,2563.94,560.55,0.2186,747,44,0,0,0.001533333333333331,-0.33333333333325754,0.0,0,0,0.0029857997253667245,0.12630803339230004,0.7814,0
661,25572.92,17229.86,4564.01,0.2649,565,40,0,0,-0.012199999999999989,4.333333333333371,0.0,0,0,0.00694198178556463,2.14164514550158,0.7351,0
662,49605.56,6316.1,2116.56,0.3351,637,34,0,0,-0.004433333333333345,4.333333333333371,0.0,0,0,0.009162074607375293,0.5120135725482353,0.6649,1
663,94070.02,2919.48,682.28,0.2337,649,38,0,0,-0.014033333333333314,0.33333333333337123,-0.3333333333333333,2,36,0.00969174906815071,0.0870347428325792,0.7663,0
664,67524.49,500.0,102.4,0.2048,680,21,0,0,-0.008833333333333304,-3.0,0.0,0,0,0.0083715954937581,0.018197841994535995,0.7952,0
665,25288.55,10248.94,2058.65,0.2009,647,51,0,0,0.02796666666666664,-0.6666666666667425,0.0,0,0,0.024428711477367047,0.976876886507035,0.7991,0
666,70617.26,18809.48,4929.16,0.2621,765,36,0,0,0.006866666666666688,4.333333333333371,0.0,0,0,0.007773995111909966,0.8376127874396238,0.7379,0
667,64752.37,8232.29,1398.88,0.1699,686,21,0,0,0.00899999999999998,-7.333333333333371,0.0,0,0,0.005985607738567581,0.25924240297133666,0.8301000000000001,0
668,88435.33,11201.55,1470.45,0.1313,530,42,0,0,-0.008966666666666678,0.33333333333325754,0.0,0,0,0.00711110243055025,0.1995288534300223,0.8687,0
669,55471.81,10611.73,2874.94,0.2709,715,38,0,0,0.007366666666666688,-1.0,-0.3333333333333333,1,47,0.007703696803771846,0.6219245413577978,0.7291000000000001,0
670,59539.61,12365.15,1749.9,0.1415,685,33,0,0,0.0020333333333333314,8.333333333333371,0.0,0,0,0.002375277761535369,0.3526862200771514,0.8585,0
671,96441.22,4046.08,526.56,0.1301,764,55,0,0,0.00023333333333330764,5.0,0.0,0,0,0.0020855321729583635,0.065518872523738,0.8699,0
672,63193.94,7674.63,1133.44,0.1477,688,26,0,0,0.0010333333333333306,0.0,0.0,0,0,0.004685883054451965,0.21523076417481218,0.8523000000000001,0
673,137554.19,8971.45,1336.57,0.149,640,44,0,0,0.0024666666666666726,-1.3333333333333712,0.0,0,0,0.004147824061413932,0.11660015589929174,0.851,0
674,37396.19,2848.79,431.64,0.1515,560,44,0,0,3.333333333332966e-05,-6.666666666666629,0.3333333333333333,2,50,0.004236776814723386,0.1385082276653825,0.8485,0
675,32763.89,11491.88,3754.02,0.3267,700,30,0,0,0.022099999999999953,-4.3333333333332575,0.0,0,0,0.02182409473749395,1.3749356374807988,0.6733,0
676,77469.42,9572.27,1920.83,0.2007,596,63,0,0,0.02733333333333335,2.3333333333333712,0.0,0,0,0.0263945280524413,0.29753624070542367,0.7993,1
677,136478.07,995.68,176.9,0.1777,693,54,0,0,-0.009700000000000014,2.3333333333332575,0.0,0,0,0.006948101259416925,0.015554147269325762,0.8223,0
678,43573.2,3044.6,822.68,0.2702,560,60,0,0,-0.0013000000000000234,5.666666666666629,0.0,0,0,0.002403874187870716,0.22656495270673763,0.7298,1
679,13237.56,12829.34,2847.98,0.222,692,24,0,0,-0.009600000000000025,4.333333333333371,0.3333333333333333,1,54,0.006457317124351601,2.581726539409021,0.778,0
680,33038.7,500.0,74.63,0.1493,634,31,0,0,-0.001266666666666666,-4.0,0.0,0,0,0.0031102429344202465,0.027106393401517714,0.8507,0
681,74239.56,5535.54,1446.24,0.2613,722,33,0,0,-0.008966666666666623,5.3333333333332575,0.0,0,0,0.01044294019900526,0.23376862682368774,0.7387,0
682,37406.12,9356.67,5843.18,0.6245,695,29,0,0,0.08546666666666669,-4.3333333333332575,0.0,0,0,0.08770448962282376,1.8745103736368776,0.37549999999999994,1
683,71911.84,13541.36,4515.88,0.3335,652,26,0,0,0.00216666666666665,7.666666666666629,0.0,1,53,0.007048758755979676,0.7535693703701251,0.6665,0
684,78969.72,5867.45,1273.65,0.2171,717,21,0,0,0.001833333333333298,-4.0,0.0,0,0,0.0035580113047100326,0.19354000492438772,0.7829,0
685,36796.27,10646.81,1258.98,0.1182,578,35,0,0,-0.00033333333333333826,-7.0,0.0,0,0,0.0018385531751292327,0.4105785720963853,0.8818,0
686,60061.33,10780.07,1432.59,0.1329,713,38,0,0,0.00826666666666663,2.3333333333333712,0.0,0,0,0.006675598183766839,0.2862254298492107,0.8671,0
687,37718.88,11119.17,2314.25,0.2081,784,21,0,0,0.004500000000000032,4.0,0.0,0,0,0.00469302082292892,0.736262582323888,0.7919,0
688,91206.7,7382.79,2349.15,0.3182,687,47,0,0,-0.0015000000000000013,4.333333333333371,0.0,0,0,0.0092170283232239,0.3090759779302517,0.6818,0
689,49990.16,11854.86,4875.91,0.4113,655,30,0,0,0.058066666666666655,-2.6666666666666288,0.0,0,0,0.04449870160402937,1.1704487440319176,0.5887,1
690,37234.3,5655.11,1735.17,0.3068,729,35,0,0,-0.006000000000000005,3.3333333333333712,0.0,0,0,0.00493659801887901,0.5592166360933172,0.6932,0
691,74708.28,5561.46,1095.88,0.197,661,21,0,0,0.0008999999999999841,5.0,0.0,0,0,0.0032484611741561463,0.17602546863463722,0.8029999999999999,0
692,81157.64,8024.64,1070.69,0.1334,711,33,0,0,-0.005133333333333323,5.0,0.0,1,50,0.002785577937241118,0.15831263696307887,0.8666,1
693,36801.29,6095.12,2545.92,0.4177,772,49,0,0,0.0721,-1.0,-0.3333333333333333,1,59,0.06018982472145937,0.8301622032824951,0.5823,1
694,49291.55,7631.17,2159.0,0.2829,565,28,0,0,0.042499999999999954,2.0,-0.3333333333333333,1,53,0.04203425521061496,0.5256073301345303,0.7171000000000001,0
695,46663.95,7060.34,1049.24,0.1486,781,29,0,0,-0.002266666666666667,0.6666666666666288,0.0,1,39,0.005866429919465509,0.269820278753988,0.8513999999999999,0
696,34082.19,14068.39,3971.02,0.2823,649,30,0,0,-0.014133333333333331,-1.3333333333333712,0.0,1,31,0.00916693938988244,1.3981566320480614,0.7177,0
697,44393.31,8661.64,2763.68,0.3191,682,47,0,0,-0.015033333333333343,0.33333333333337123,0.0,0,0,0.01135847701058554,0.747053103069705,0.6809000000000001,0
698,39455.76,8870.46,1847.5,0.2083,682,41,0,0,0.026366666666666677,0.33333333333337123,0.0,0,0,0.025538668937732673,0.5618951451767057,0.7917,1
699,59840.06,9904.18,2623.03,0.2648,661,51,0,0,0.0005666666666666043,1.3333333333332575,0.0,0,0,0.003943701025404655,0.5260081623194881,0.7352000000000001,0
700,43852.07,15684.64,4033.15,0.2571,678,37,0,0,-0.006400000000000017,3.0,0.0,0,0,0.004214591057003971,1.1036605566568711,0.7429,0
701,46114.36,9496.14,3650.24,0.3844,733,62,0,0,0.009800000000000031,0.6666666666666288,-0.3333333333333333,1,40,0.00944669254289563,0.9498750495203988,0.6155999999999999,0
702,42521.83,8767.48,5529.39,0.6307,536,43,1,49,0.11606666666666682,-2.0,0.3333333333333333,1,49,0.10278647770986223,1.5604380145745078,0.36929999999999996,1
703,88013.56,5049.44,1413.9,0.28,707,38,0,0,0.003966666666666674,-0.33333333333325754,0.0,0,0,0.0053812431442723145,0.1927748405778235,0.72,0
704,45096.22,3432.36,517.97,0.1509,663,29,0,0,0.004633333333333323,-3.3333333333332575,0.0,0,0,0.003608015767395961,0.13783062080028066,0.8491,0
705,51567.14,6588.35,1408.54,0.2138,742,30,0,0,0.004399999999999987,2.3333333333333712,0.0,0,0,0.007201388754955543,0.3277761767681257,0.7862,0
706,52805.15,11669.73,1195.35,0.1024,707,38,0,0,-0.0018333333333333257,5.666666666666629,0.0,0,0,0.0023963513932643565,0.2716439589081798,0.8976,0
707,35934.53,9729.31,1528.54,0.1571,786,26,0,0,0.004333333333333328,3.3333333333332575,0.0,0,0,0.00231732604525129,0.5104416279794032,0.8429,0
708,40584.3,12584.66,4448.79,0.3535,590,37,0,0,-0.0024000000000000132,-0.6666666666666288,0.0,0,0,0.005437702742069587,1.3154219731328356,0.6465000000000001,0
709,110191.19,2346.68,335.19,0.1428,725,56,0,0,0.004200000000000009,-4.0,0.0,0,0,0.005848171604109367,0.03650273673931616,0.8572,0
710,16622.88,6276.59,2102.36,0.335,821,55,0,0,0.019266666666666654,3.0,0.0,0,0,0.015415576538034496,1.5176864647875556,0.665,0
711,49960.17,14543.17,3079.39,0.2117,663,36,0,0,-0.0020333333333333314,8.0,0.0,0,0,0.0032126486130778704,0.7396427992763892,0.7883,0
712,34637.39,8048.36,1526.92,0.1897,657,26,0,0,-0.006900000000000017,1.0,0.0,0,0,0.004792384004276428,0.5289959778624211,0.8103,0
713,34148.4,4535.62,1361.39,0.3002,757,43,0,0,0.005066666666666664,14.666666666666742,0.0,0,0,0.005994372360806426,0.4784025018524783,0.6998,0
714,70658.44,9719.36,2371.73,0.244,570,27,0,0,0.0006333333333333191,-5.0,-0.3333333333333333,1,54,0.009061564127922115,0.4027934949478997,0.756,0
715,23498.45,500.0,122.82,0.2456,705,22,0,0,0.009766666666666673,-1.6666666666666288,0.0,0,0,0.004971921157862431,0.06272073261203828,0.7544,0
716,40313.23,6358.69,1852.11,0.2913,610,35,0,0,-0.016666666666666663,-1.0,0.0,0,0,0.008853216615696474,0.5513157837609194,0.7087,0
717,28640.25,12469.3,4568.24,0.3664,818,46,0,0,0.026966666666666694,-7.666666666666629,0.3333333333333333,1,50,0.015580757362849843,1.914050330462597,0.6335999999999999,0
718,35743.48,6821.42,1057.42,0.155,737,42,0,0,0.00020000000000000573,-7.6666666666667425,0.3333333333333333,2,23,0.00161666666666667,0.35500292628865365,0.845,0
719,68675.81,12214.61,3739.79,0.3062,689,54,0,0,-0.012900000000000023,4.0,0.0,0,0,0.008283685438525812,0.6534685210434122,0.6938,0
720,40522.84,9800.1,2831.26,0.2889,663,51,0,0,0.05973333333333333,-5.3333333333332575,0.0,0,0,0.04740991457490722,0.8384190246769224,0.7111000000000001,0
721,110434.4,625.32,180.25,0.2883,758,25,0,0,-0.006400000000000017,8.333333333333258,0.0,0,0,0.0043387786299833005,0.019586288328319476,0.7117,0
722,35295.46,13524.94,3081.63,0.2278,712,45,0,0,0.015599999999999975,-3.0,0.0,0,0,0.012435634282174764,1.0477143515746057,0.7722,1
723,57017.02,10817.29,2455.46,0.227,612,45,0,0,0.004166666666666652,4.0,0.0,0,0,0.0048476798574163295,0.5167846371802417,0.773,0
724,38472.2,8801.88,2545.31,0.2892,635,47,0,0,-0.003866666666666685,3.0,0.0,0,0,0.006626273462512688,0.7939166460580108,0.7108,0
725,51443.79,12012.07,1667.24,0.1388,678,28,0,0,-0.00930000000000003,-4.0,0.0,0,0,0.006236607874299769,0.3889075823405139,0.8612,0
726,84190.41,7544.87,970.35,0.1286,665,35,0,0,-0.003966666666666674,-4.333333333333371,0.0,0,0,0.003420201423568176,0.1383079141477076,0.8714,0
727,55683.38,4272.37,865.26,0.2025,621,47,0,0,-0.003066666666666662,-1.6666666666666288,0.0,0,0,0.0022615137506644587,0.18646712893079395,0.7975,0
728,58245.6,10101.93,3724.41,0.3687,643,21,0,0,0.012233333333333318,0.6666666666666288,0.0,0,0,0.013546955377500872,0.7673183895571885,0.6313,0
729,60563.88,6880.4,2242.77,0.326,769,49,0,0,-0.0036999999999999256,4.0,0.0,0,0,0.003836665218650168,0.44437773793005775,0.6739999999999999,0
730,39060.52,3344.99,918.89,0.2747,734,38,0,0,-0.0013666666666667382,9.333333333333258,0.0,0,0,0.0032035570508073923,0.28229731699968236,0.7253000000000001,0
731,43508.73,5881.25,1707.23,0.2903,668,48,0,0,-0.0031333333333333213,6.666666666666629,0.0,0,0,0.005444747723979281,0.4708655020348701,0.7097,0
732,40676.29,7983.74,1710.5,0.2142,645,52,0,0,0.015866666666666668,4.333333333333371,0.0,1,27,0.012472068793909056,0.5046182922273535,0.7858,0
733,24563.49,8942.48,5816.81,0.6505,719,28,2,19,0.12806666666666672,-9.666666666666742,0.6666666666666666,2,22,0.1054896795899959,2.841685768834142,0.34950000000000003,1
734,56477.44,12082.36,5620.13,0.4652,715,40,0,0,0.05906666666666671,7.0,0.0,0,0,0.05530065802300888,1.1941327366408676,0.5347999999999999,1
735,23852.37,5566.17,1197.72,0.2152,751,44,0,0,0.003066666666666662,-4.0,0.0,0,0,0.0029480690478872963,0.6025665371101153,0.7847999999999999,0
736,51324.74,6202.4,1017.41,0.164,714,21,0,0,0.0069999999999999785,1.0,0.0,0,0,0.006335767076246135,0.23787592488818235,0.836,0
737,43900.8,11711.0,3716.6,0.3174,590,51,0,0,0.010666666666666658,-10.0,0.3333333333333333,1,38,0.014243985085330289,1.0159085936431476,0.6826,0
738,52688.6,7323.53,1225.17,0.1673,679,71,0,0,-0.003333333333333355,7.0,0.0,0,0,0.002854869134965343,0.2790364518444514,0.8327,0
739,29197.8,6380.1,1618.6,0.2537,751,35,0,0,0.0032999999999999974,4.3333333333332575,0.0,0,0,0.0060514461081628895,0.6652282018514155,0.7463,0
740,63844.69,990.49,362.05,0.3655,535,27,0,0,0.02136666666666659,5.666666666666629,0.0,0,0,0.013149281771682874,0.06804951201397337,0.6345000000000001,0
741,89848.94,500.0,151.87,0.3037,700,28,0,0,-0.004933333333333345,2.6666666666666288,0.0,1,38,0.006240281332689344,0.02028337785350166,0.6962999999999999,0
742,46748.05,1377.92,352.03,0.2555,635,38,0,0,-0.017300000000000038,-0.33333333333337123,0.3333333333333333,1,46,0.011359553003725277,0.09036441089875677,0.7444999999999999,0
743,27464.35,9919.91,1415.65,0.1427,745,21,0,0,0.0032000000000000084,-1.0,0.0,0,0,0.0031192947920964426,0.6185400343564483,0.8573,0
744,41553.47,3380.12,445.68,0.1319,701,44,0,0,0.006133333333333324,-5.3333333333332575,0.0,0,0,0.004302938272596728,0.12870549676009088,0.8681,0
745,32089.76,15168.85,2477.43,0.1633,850,35,0,0,0.01570000000000002,5.0,-0.3333333333333333,1,54,0.014112829073025863,0.9264375922064468,0.8367,1
746,25696.96,12942.33,1291.2,0.0998,606,41,0,0,-0.0001666666666666622,-7.3333333333332575,0.0,0,0,0.0019598752794785495,0.6029662649887149,0.9002,0
747,77380.47,14423.52,1629.13,0.1129,616,21,0,0,-0.0017333333333333228,0.33333333333337123,-0.3333333333333333,1,28,0.0010693975458692163,0.2526420425847542,0.8871,0
748,17792.82,5653.02,1052.31,0.1861,753,42,0,0,-0.002400000000000041,-1.0,0.0,0,0,0.006497520894755004,0.7097087472072159,0.8139000000000001,0
749,42178.85,13746.61,4241.72,0.3086,722,36,0,0,-0.009266666666666645,-3.0,0.3333333333333333,1,52,0.005451554314545946,1.206781123371515,0.6914,0
750,82438.65,5533.43,929.34,0.1679,633,33,0,0,0.004633333333333295,3.0,0.0,0,0,0.004837871432768753,0.13527732439064288,0.8321000000000001,0
751,43646.28,10633.26,1767.63,0.1662,797,40,0,0,-0.0006333333333333468,5.0,0.0,0,0,0.0034752697737010273,0.48598780913672707,0.8338,0
752,53088.01,4630.86,1418.38,0.3063,670,35,0,0,0.006799999999999973,4.0,0.0,1,9,0.004912597185920193,0.32061024694940865,0.6937,0
753,65051.72,4644.73,1113.98,0.2398,708,48,0,0,-0.005533333333333307,-12.0,-0.3333333333333333,1,26,0.006720883705122258,0.2054943358535957,0.7602,0
754,34765.09,2510.1,242.86,0.0968,590,56,0,0,0.002333333333333326,-4.3333333333332575,0.0,0,0,0.0027714817537034422,0.08382892145523148,0.9032,0
755,60836.39,10928.94,2524.19,0.231,734,37,0,0,0.036566666666666664,4.0,0.0,0,0,0.031031413295419065,0.4978973932218074,0.769,0
756,77757.53,12669.46,2057.24,0.1624,739,30,0,0,0.0033666666666666567,-1.0,-0.3333333333333333,1,41,0.0031630681307869292,0.3174853933270536,0.8376,0
757,44982.38,13377.01,2545.62,0.1903,646,29,0,0,-0.0014666666666666994,0.6666666666667425,0.0,1,23,0.0030548231445444466,0.6790979043761319,0.8097,0
758,46686.87,11875.52,1309.04,0.1102,672,39,0,0,-0.0015000000000000013,-1.3333333333332575,0.0,0,0,0.0015006480081766129,0.3364646204802854,0.8898,0
759,53357.09,7664.02,1628.95,0.2125,720,28,0,0,-0.012633333333333358,-6.666666666666629,-0.3333333333333333,1,55,0.008017238371852937,0.3663505636383804,0.7875,0
760,54552.62,2770.33,796.16,0.2874,672,39,0,0,0.008366666666666633,6.0,0.0,0,0,0.005895761189193479,0.17513219342899408,0.7126,0
761,54596.75,5552.75,781.65,0.1408,650,27,0,0,0.0015666666666666607,-7.0,0.0,1,33,0.0013295780450119428,0.1718014350293448,0.8592,0
762,70908.25,10353.47,4297.55,0.4151,677,70,0,0,0.08050000000000002,3.6666666666667425,0.0,0,0,0.0666054385500497,0.7272863170543987,0.5849,0
763,38469.05,9979.28,1824.22,0.1828,796,26,0,0,-0.0015999999999999903,-0.33333333333337123,0.0,0,0,0.0030363538075205377,0.5690455052352853,0.8172,0
764,46166.34,9587.88,1423.13,0.1484,754,21,0,0,0.016033333333333344,3.3333333333333712,0.0,0,0,0.015006498592276624,0.3699136642749033,0.8516,0
765,44506.03,2121.38,598.08,0.2819,673,32,0,0,0.00486666666666663,3.0,0.0,0,0,0.0073839352651550215,0.1612581485714386,0.7181,0
766,44425.94,8210.77,2869.24,0.3494,602,24,0,0,-0.002066666666666772,6.3333333333332575,0.0,1,26,0.007276331493273255,0.7750174783178428,0.6506000000000001,0
767,38536.54,10784.63,2933.27,0.272,777,25,0,0,0.007366666666666688,8.666666666666629,0.0,0,0,0.007410934114161613,0.9133990749828399,0.728,0
768,48107.43,10135.59,2183.94,0.2155,508,56,0,0,-0.005633333333333296,-3.6666666666666856,0.0,0,0,0.005012235030403111,0.5447657460284786,0.7845,0
769,70273.45,5957.4,1795.77,0.3014,763,33,0,0,0.006866666666666688,5.666666666666629,0.0,0,0,0.005059836404909191,0.30664838564664487,0.6986,0
770,50442.92,7840.19,1357.82,0.1732,746,36,0,0,0.009033333333333365,-4.666666666666629,0.0,0,0,0.007254730257639566,0.3230154003004547,0.8268,0
771,77338.77,10790.4,1462.13,0.1355,648,32,1,19,0.0018666666666666554,4.0,0.3333333333333333,1,19,0.0017823985088762954,0.22686629225261282,0.8645,0
772,45555.39,3408.26,911.88,0.2676,627,29,0,0,-0.0035999999999999366,-3.0,0.0,0,0,0.005471517157059815,0.24020340945643445,0.7323999999999999,1
773,39020.32,9553.43,2246.53,0.2352,787,39,0,0,0.0008666666666666822,-2.0,0.0,0,0,0.0046205459032937135,0.6908800335750563,0.7648,0
774,39991.08,6286.49,2772.73,0.4411,629,59,0,0,0.031666666666666676,4.6666666666667425,0.0,1,36,0.034241973917661005,0.8320045367620966,0.5589,1
775,17268.42,11356.98,3305.8,0.2911,678,26,0,0,-0.023333333333333317,0.6666666666667425,0.0,0,0,0.016073356145428323,2.2972339086281894,0.7089,0
776,46903.23,8564.77,2517.95,0.294,596,48,0,0,0.055099999999999955,-6.3333333333332575,0.3333333333333333,1,53,0.04821882700541126,0.6442072324713993,0.706,0
777,50688.61,906.52,314.57,0.347,719,34,0,0,0.014433333333333298,1.3333333333333712,0.0,0,0,0.00846297491692162,0.07447116815999384,0.653,0
778,56132.25,12750.18,2557.3,0.2006,699,26,0,0,-0.003433333333333316,6.333333333333371,0.3333333333333333,1,46,0.0031886953096490348,0.5467017622389906,0.7994,0
779,82092.48,7040.16,1536.43,0.2182,824,41,0,0,0.004599999999999993,0.33333333333325754,0.0,0,0,0.002873344934237989,0.22459012076751633,0.7818,0
780,33279.83,11400.31,6692.2,0.587,714,25,1,9,0.13820000000000005,3.6666666666667425,0.3333333333333333,1,9,0.1081029576119194,2.413065210100028,0.41300000000000003,1
781,67532.26,6981.71,1575.5,0.2257,760,21,0,0,-0.006066666666666665,3.3333333333333712,0.0,0,0,0.004648655719667779,0.2799550910430147,0.7743,0
782,63967.79,13586.85,4266.98,0.3141,654,21,0,0,0.0020999999999999908,3.6666666666666288,0.0,1,15,0.009210561570525683,0.8004616071681459,0.6859,0
783,85537.48,9369.94,955.43,0.102,647,41,0,0,-0.004866666666666672,9.333333333333258,0.0,0,0,0.004553844529625491,0.13403668191290602,0.898,0
784,80175.24,5990.55,1354.56,0.2261,701,52,0,0,0.004166666666666652,9.0,0.0,0,0,0.0031460733903991693,0.20273989822253252,0.7739,0
785,46036.55,17441.56,4508.41,0.2585,658,50,0,0,0.008533333333333365,7.3333333333332575,0.0,0,0,0.005046726111494911,1.1751732044624958,0.7415,0
786,83718.99,7975.61,2214.15,0.2776,763,52,0,0,0.006666666666666654,-3.0,0.0,0,0,0.005436476595900843,0.31736885497772455,0.7223999999999999,0
787,50733.81,8320.91,2951.8,0.3547,716,33,0,0,0.0212666666666666,-4.333333333333371,0.3333333333333333,1,32,0.0151932367994593,0.6981852928376909,0.6453,0
788,92412.89,7126.44,2298.07,0.3225,747,44,0,0,-0.002866666666666684,3.3333333333333712,0.0,0,0,0.004660859482017354,0.2984090206076132,0.6775,0
789,52573.73,8730.03,4051.03,0.464,705,21,0,0,0.051100000000000034,-4.333333333333371,0.0,0,0,0.04705284558640188,0.924651151609448,0.536,0
790,60275.71,9371.53,3084.66,0.3292,655,27,0,0,0.009433333333333349,1.6666666666666288,0.0,0,0,0.005577434695070629,0.6141100617915687,0.6708000000000001,0
791,42705.82,7786.88,1054.3,0.1354,737,32,0,0,-0.005700000000000011,-3.3333333333332575,0.0,0,0,0.002990726407487729,0.29625001923496613,0.8646,0
792,55109.52,8222.49,2879.62,0.3502,671,35,0,0,0.019000000000000017,1.6666666666666288,0.0,0,0,0.010474903871210993,0.6270321351460802,0.6497999999999999,0
793,35907.67,10370.41,3340.22,0.3221,677,35,0,0,0.003400000000000014,-3.0,0.0,0,0,0.004364757852517287,1.116269587712173,0.6779,0
794,40607.79,11150.59,2446.67,0.2194,709,42,0,0,-0.0002333333333333354,2.3333333333333712,0.0,0,0,0.005228235308825,0.7230149680966096,0.7806,0
795,62736.93,8813.01,2354.01,0.2671,737,45,0,0,0.050333333333333286,3.0,0.0,0,0,0.043306613557028195,0.4502630268104742,0.7329,0
796,35629.42,7390.83,2926.8,0.396,771,21,0,0,0.04883333333333334,3.3333333333332575,0.0,0,0,0.04570230057423562,0.9857471715276599,0.604,0
797,44146.27,13703.72,5180.8,0.3781,654,32,0,0,0.033433333333333315,1.6666666666666288,0.0,0,0,0.031177707491803222,1.4082639367516405,0.6219,1
798,55715.89,7748.9,2346.45,0.3028,721,54,0,0,0.004766666666666641,2.0,0.3333333333333333,2,35,0.009614182232514625,0.5053746784613061,0.6972,0
799,35565.43,4294.81,1212.56,0.2823,710,34,0,0,0.01376666666666665,0.6666666666667425,-0.3333333333333333,1,32,0.00844348861549539,0.4091253780733284,0.7177,0
800,88031.29,13760.75,2194.8,0.1595,640,32,0,0,0.001366666666666655,10.666666666666629,0.0,0,0,0.006116780198764706,0.2991845285512661,0.8405,0
801,62373.66,13580.41,3705.77,0.2729,715,42,0,0,0.030933333333333396,1.3333333333332575,0.0,0,0,0.025689432544228074,0.7129490235372529,0.7271000000000001,0
802,43369.39,6809.94,1589.03,0.2333,670,55,0,0,-0.000666666666666621,1.3333333333333712,0.0,0,0,0.006613013265104222,0.4396732348489089,0.7666999999999999,0
803,39159.82,5063.3,1480.91,0.2925,701,45,0,0,0.006766666666666643,3.6666666666667425,0.0,0,0,0.006831727453580073,0.4538049458489427,0.7075,0
804,64234.45,10045.79,4284.14,0.4265,724,21,1,56,0.03533333333333338,-10.0,0.3333333333333333,1,56,0.03646732936631238,0.8003443633501317,0.5735,0
805,58698.99,13212.78,1695.99,0.1284,683,41,0,0,-0.0007666666666666655,4.3333333333332575,0.0,0,0,0.0017828659823753174,0.34671601667830076,0.8716,0
806,43900.62,4420.76,571.74,0.1293,635,24,0,0,0.0039000000000000007,2.3333333333333712,0.0,0,0,0.0029617468569147565,0.15628207524460053,0.8707,0
807,56895.35,13744.45,3929.39,0.2859,629,23,0,0,0.00660000000000005,9.333333333333371,0.0,0,0,0.009476388787108962,0.8287615770015452,0.7141,0
808,53980.92,8773.82,1834.83,0.2091,706,31,0,0,-0.004466666666666674,7.0,0.0,0,0,0.0040759797731479445,0.4078841189647266,0.7908999999999999,0
809,38101.95,12454.78,3458.38,0.2777,660,54,0,0,0.01429999999999998,0.33333333333337123,0.0,0,0,0.015367091461952058,1.0891977966201107,0.7222999999999999,0
810,71294.7,7567.92,2651.03,0.3503,581,47,0,0,0.015266666666666706,6.6666666666667425,0.0,0,0,0.009213034245024817,0.44620932544278175,0.6496999999999999,0
811,25675.56,9827.84,1124.32,0.1144,688,35,0,0,0.0056333333333333235,-8.333333333333258,0.0,0,0,0.0031044323152550806,0.525474030311094,0.8855999999999999,0
812,46133.76,5568.13,1709.75,0.3071,640,32,0,0,-0.005066666666666664,7.6666666666667425,0.0,0,0,0.00549363267792815,0.4447285457474799,0.6929000000000001,1
813,54273.54,16802.72,3938.7,0.2344,674,46,0,0,-0.0040000000000000036,0.6666666666666288,0.0,0,0,0.0035445184596939435,0.8708553005672696,0.7656000000000001,0
814,69801.87,9879.02,1140.3,0.1154,702,47,0,0,6.66666666666732e-05,5.0,0.0,1,42,0.0010851267207105358,0.19603486264261374,0.8846,0
815,30172.9,7824.94,2516.31,0.3216,607,62,0,0,0.005566666666666664,-4.0,0.3333333333333333,1,5,0.008846044313703142,1.0007563074146313,0.6784,0
816,21663.51,7125.71,918.03,0.1288,762,37,0,0,0.006000000000000005,4.3333333333332575,0.0,1,5,0.003953163290328401,0.5085214720005088,0.8712,0
817,77851.66,8234.86,1282.92,0.1558,624,39,0,0,-0.012433333333333296,9.333333333333371,0.0,0,0,0.006357082664241528,0.19774838452548116,0.8442000000000001,0
818,44263.83,2518.43,497.27,0.1975,565,35,0,0,-0.01093333333333335,-2.6666666666666288,0.0,0,0,0.0059019064716411725,0.1348107472485384,0.8025,0
819,59389.04,6133.84,1130.92,0.1844,625,21,0,0,-0.005699999999999983,-3.0,0.0,0,0,0.004129904491766248,0.22851084976719388,0.8156,0
820,25838.88,10808.51,2223.02,0.2057,723,40,0,0,-0.0025666666666666893,-3.6666666666667425,0.3333333333333333,1,34,0.0037533688571439097,1.0324069769127422,0.7943,0
821,66447.71,7564.04,3098.19,0.4096,783,34,0,0,0.03823333333333334,16.0,0.0,0,0,0.03935670562658638,0.5595118325866437,0.5904,0
822,25057.34,13067.92,1854.91,0.1419,668,34,0,0,0.0035666666666666347,-10.666666666666742,0.3333333333333333,1,39,0.0022056745000112845,0.8883193503117318,0.8581,0
823,19286.79,8043.27,1369.51,0.1703,716,21,0,0,0.0011666666666667047,1.6666666666666288,0.0,0,0,0.004120005393739711,0.852092027225624,0.8297,0
824,53750.9,15413.75,5002.82,0.3246,701,47,0,0,-0.00493333333333329,-4.333333333333371,0.0,0,0,0.008573505700703754,1.1168899495003304,0.6754,0
825,31571.32,6377.78,1935.71,0.3035,589,45,0,0,-0.005966666666666676,0.6666666666666288,0.0,0,0,0.0057184156702514526,0.7357475072683383,0.6965,0
826,65184.26,12205.08,2127.61,0.1743,669,45,0,0,0.0023000000000000242,5.333333333333371,0.3333333333333333,1,26,0.004396336858997243,0.39167921819316276,0.8257,0
827,39923.67,9245.86,4261.98,0.461,671,26,0,0,0.0783666666666667,3.3333333333333712,0.0,0,0,0.06491061375289699,1.2810385414123384,0.5389999999999999,1
828,37563.37,4110.6,575.35,0.14,600,27,0,0,0.004500000000000032,4.0,0.0,1,44,0.0025139610179953174,0.1838014000818985,0.86,0
829,53640.79,5709.88,909.84,0.1593,674,30,0,0,0.0007333333333333358,0.6666666666666288,0.0,0,0,0.0036160905839194854,0.2035406264068354,0.8407,0
830,53672.27,6484.95,1242.98,0.1917,698,29,0,0,-0.0010666666666666325,-2.0,0.0,0,0,0.00443840561963916,0.27790440010577433,0.8083,0
831,41305.71,1844.61,203.64,0.1104,775,35,0,0,-0.0030999999999999917,11.666666666666629,0.0,0,0,0.0030103986446980723,0.0591608278683521,0.8896,0
832,79722.85,11817.93,5216.28,0.4414,624,27,0,0,0.08646666666666669,-4.666666666666629,0.0,0,0,0.06937889528603862,0.7851620958179247,0.5586,1
833,57885.81,1404.98,333.79,0.2376,687,38,0,0,0.010200000000000015,5.0,-0.3333333333333333,1,39,0.007334337052522194,0.06919623305210111,0.7624,0
834,34854.57,4947.01,1087.17,0.2198,756,37,0,0,0.005633333333333351,-3.0,0.0,0,0,0.0026296915746485917,0.37429926679653225,0.7802,0
835,17647.87,10632.32,3371.49,0.3171,775,31,0,0,0.055400000000000005,0.6666666666667425,0.0,0,0,0.0398456117756746,2.292507819498325,0.6829000000000001,0
836,48388.37,13827.87,2086.12,0.1509,593,42,0,0,0.006099999999999994,-7.6666666666667425,0.0,0,0,0.007212335112692543,0.5173441468227152,0.8491,0
837,35997.29,500.0,132.56,0.2651,605,29,0,0,0.006666666666666654,3.0,0.0,1,25,0.004972619475130234,0.04418999317642301,0.7349,0
838,54764.67,8752.02,1681.36,0.1921,580,31,0,0,0.004799999999999999,0.0,0.0,0,0,0.005938855108520482,0.3684185442106923,0.8079000000000001,0
839,44299.89,7464.03,1073.54,0.1438,749,32,0,0,0.0020000000000000018,2.3333333333332575,0.0,0,0,0.0020587887485390833,0.2908016249365491,0.8562,1
840,41511.82,9773.47,2040.84,0.2088,764,32,0,0,0.005600000000000022,2.0,0.3333333333333333,1,52,0.004114000486144849,0.5899543790881862,0.7912,0
841,61421.09,6872.67,4196.85,0.6107,712,50,0,0,0.1267999999999999,4.6666666666667425,0.0,2,56,0.09837179191437168,0.8199496295191213,0.3893,1
842,29638.93,4471.42,927.96,0.2075,740,43,0,0,0.0179,-6.666666666666629,0.0,0,0,0.016870569377205713,0.37570587047142157,0.7925,1
843,36487.47,8766.46,1785.79,0.2037,589,28,0,0,0.0010000000000000009,3.0,0.0,0,0,0.0020365411854416245,0.5873106574106748,0.7963,0
844,46171.41,7053.51,2627.16,0.3725,684,30,0,0,0.03283333333333327,8.333333333333371,0.0,0,0,0.03488593715397525,0.6828017596128508,0.6275,0
845,26890.45,8890.43,1521.46,0.1711,611,42,0,0,0.019733333333333353,-6.0,0.0,1,46,0.019638800879890814,0.678959258467318,0.8289,0
846,99464.9,8010.63,2771.85,0.346,698,44,0,0,0.025366666666666593,0.0,0.0,0,0,0.01994931772712482,0.3344114355515067,0.654,0
847,43056.3,1158.2,273.23,0.2359,600,53,0,0,0.0012333333333333085,0.0,0.0,0,0,0.0059310622994536155,0.07615052847286445,0.7641,0
848,29787.98,9675.6,2290.13,0.2367,677,48,0,0,0.0042999999999999705,-2.0,0.0,0,0,0.005571081083994782,0.9225721243578496,0.7633,0
849,49254.93,9000.21,2616.16,0.2907,796,45,0,0,0.0037333333333333107,3.3333333333333712,0.0,0,0,0.007595557912359047,0.637376197516705,0.7093,0
850,72712.63,12294.79,4189.42,0.3407,627,45,0,0,0.021399999999999975,3.3333333333333712,0.0,0,0,0.01634144356468478,0.6913935033253957,0.6593,0
851,62532.14,4870.95,1468.3,0.3014,685,34,0,0,-0.01423333333333332,7.6666666666667425,0.0,0,0,0.012871577214933698,0.2817687032079627,0.6986,0
852,33325.24,7854.29,2018.55,0.257,547,31,0,0,0.031066666666666687,2.6666666666666288,0.0,0,0,0.02698507818118088,0.726854480006078,0.743,1
853,73818.25,5194.15,1876.84,0.3613,615,36,0,0,0.012299999999999978,2.3333333333333712,0.0,0,0,0.00657712787705325,0.30510178711008157,0.6387,0
854,31210.36,8938.89,887.44,0.0993,689,34,0,0,-0.004199999999999995,2.3333333333333712,0.0,0,0,0.0047561655891181,0.3412097776477261,0.9007000000000001,0
855,65936.75,12086.69,1963.91,0.1625,599,42,0,0,0.00986666666666669,2.0,0.0,1,36,0.010880831769676438,0.35741707008172213,0.8375,0
856,31752.66,6145.49,3880.27,0.6314,745,21,1,17,0.13789999999999997,-3.3333333333333712,0.3333333333333333,1,17,0.10581246907199128,1.4664358822978225,0.36860000000000004,1
857,41622.26,6005.96,1464.65,0.2439,685,52,0,0,0.00463333333333335,-5.333333333333371,0.0,0,0,0.0033041640395113595,0.42226923754098816,0.7561,0
858,37212.09,13150.29,3433.13,0.2611,611,46,0,0,-0.0035666666666666624,-5.0,0.0,0,0,0.0035936672695791568,1.1071014819838065,0.7389,0
859,72557.15,1037.12,132.47,0.1277,676,36,0,0,0.0004333333333333411,0.0,0.0,0,0,0.0029193796905811723,0.021908798784642098,0.8723,0
860,32441.24,9477.72,2720.87,0.2871,648,38,0,0,0.0026666666666666505,1.0,0.0,0,0,0.006212375641500699,1.006448581741099,0.7129,0
861,39031.61,8859.04,2104.33,0.2375,729,29,0,0,0.04786666666666667,-0.33333333333337123,0.0,0,0,0.03749352536698095,0.646961782827725,0.7625,1
862,58085.76,4570.26,473.97,0.1037,759,50,0,0,-0.0014000000000000123,-6.0,0.0,0,0,0.0014009917122445022,0.09791797505662289,0.8963,0
863,39934.98,5174.52,2031.62,0.3926,645,49,0,0,0.04880000000000001,2.3333333333332575,0.0,0,0,0.04305795835589255,0.610478332346085,0.6073999999999999,1
864,44520.22,9608.07,4941.27,0.5143,556,41,0,0,0.0637666666666667,-0.33333333333337123,0.0,0,0,0.05700587689001897,1.3318721242621339,0.4857,0
865,46081.46,12448.55,1053.81,0.0847,793,23,0,0,-0.007733333333333328,-0.6666666666666288,0.0,0,0,0.006526761150150281,0.27442099266618175,0.9153,0
866,92225.18,500.0,85.73,0.1715,761,27,0,0,-0.004366666666666658,-1.3333333333333712,0.0,0,0,0.00338185517792298,0.011154871151958083,0.8285,0
867,75995.9,6889.35,899.5,0.1306,645,37,0,0,0.0006333333333333468,5.0,0.0,0,0,0.0031775689519575262,0.14203397812639357,0.8694,0
868,31845.51,8488.05,1155.34,0.1361,648,38,0,0,-0.002666666666666706,8.333333333333371,0.0,0,0,0.0029552683653284507,0.4353543088107475,0.8639,0
869,69723.55,8774.05,1411.94,0.1609,679,55,0,0,-0.0017666666666666664,-3.3333333333333712,0.0,0,0,0.00316069612585583,0.24300655943485264,0.8391,0
870,41163.91,5273.73,2242.76,0.4253,652,26,0,0,0.07226666666666665,8.333333333333258,0.0,0,0,0.05997433015697446,0.653803780839924,0.5747,0
871,61877.62,6010.15,1127.61,0.1876,769,40,0,0,-0.002466666666666645,0.6666666666666288,0.0,0,0,0.007549337719296979,0.2186787403487053,0.8124,0
872,34232.89,2878.05,548.78,0.1907,680,35,0,0,-0.001233333333333364,-3.6666666666666288,0.0,0,0,0.005866524619492471,0.19236938504729129,0.8093,0
873,49164.23,6843.55,677.34,0.099,644,38,0,0,-0.002433333333333315,3.0,0.0,0,0,0.003125877654533382,0.1653250747141997,0.901,0
874,36838.37,7276.98,3025.64,0.4158,632,47,0,0,0.07319999999999999,-2.3333333333333712,-0.3333333333333333,1,41,0.052287341786622775,0.9855940962689953,0.5842,0
875,23896.39,5703.95,1576.63,0.2764,629,22,0,0,0.0040999999999999925,5.0,0.0,0,0,0.009406838529022946,0.7917329768429124,0.7236,0
876,30201.15,11598.84,3286.99,0.2834,794,27,0,0,0.055400000000000005,7.0,0.0,1,26,0.044658830158336105,1.3060390079294175,0.7166,0
877,41968.31,13029.73,2848.13,0.2186,598,61,0,0,0.006233333333333313,-2.3333333333333712,0.0,0,0,0.006857983992722965,0.8143658867899997,0.7814,0
878,66875.09,2184.98,239.05,0.1094,695,49,0,0,-0.007133333333333325,0.0,0.0,0,0,0.004611790445272971,0.042894895535621126,0.8906000000000001,0
879,41328.32,7072.29,2010.37,0.2843,697,31,0,0,-0.0022000000000000353,-0.33333333333325754,-0.3333333333333333,2,42,0.005314837720946887,0.5837266066705659,0.7157,0
880,95873.62,9806.67,3435.41,0.3503,630,21,0,0,-0.004466666666666619,2.3333333333332575,0.0,0,0,0.00414065212255268,0.42999231691512313,0.6496999999999999,0
881,32758.47,7637.0,892.13,0.1168,693,35,0,0,-0.0030333333333333323,4.0,0.0,0,0,0.002164486082191337,0.32680280843636367,0.8832,0
882,56814.01,4419.24,1012.47,0.2291,639,47,1,52,-0.0032999999999999974,-2.0,0.3333333333333333,1,52,0.006643605948579442,0.21384936563065707,0.7709,0
883,40710.22,10683.62,1845.89,0.1728,619,39,0,0,-0.013933333333333298,-5.0,0.0,0,0,0.010868928701169728,0.5441061235599004,0.8271999999999999,0
884,58931.03,7173.2,4017.76,0.5601,658,57,0,0,0.11203333333333326,-6.333333333333371,0.0,0,0,0.08742574150545006,0.8181279029092562,0.43989999999999996,0
885,45608.18,1129.11,347.57,0.3078,634,29,0,0,0.0431333333333333,1.0,0.0,0,0,0.036836082099545336,0.09144938471350111,0.6921999999999999,0
886,50819.62,8195.63,1969.91,0.2404,751,21,0,0,0.004666666666666652,0.33333333333337123,0.0,0,0,0.006482112138630266,0.4651534189830258,0.7596,0
887,37384.56,9497.89,1730.56,0.1822,601,51,0,0,0.025800000000000017,1.0,0.0,0,0,0.023138033864421387,0.5554892178304126,0.8178,0
888,60555.06,6022.93,1013.26,0.1682,688,43,0,0,0.005833333333333329,-3.6666666666666288,0.0,0,0,0.004113088863615755,0.20079445049828148,0.8318,0
889,40004.81,500.0,227.71,0.4554,689,45,0,0,0.05879999999999996,-3.6666666666667425,0.0,0,0,0.04089734098936021,0.06830478632895251,0.5446,0
890,50392.26,11694.74,2818.19,0.241,693,39,0,0,-0.010866666666666663,10.666666666666629,0.0,0,0,0.013949532051092051,0.6711006807780954,0.759,0
891,60309.06,15216.42,1884.96,0.1239,660,46,0,0,-0.0006666666666666765,4.333333333333371,0.0,0,0,0.002335118364832451,0.375060065527456,0.8761,0
892,69413.04,500.0,150.05,0.3001,606,21,0,0,-0.0017999999999999683,6.0,0.0,0,0,0.003835289356025741,0.02594037085378649,0.6999,0
893,48627.06,1986.15,300.74,0.1514,646,21,0,0,-0.0038333333333332997,-1.6666666666666288,0.0,0,0,0.006272758563821822,0.074215467665728,0.8486,0
894,43175.93,13655.55,4181.2,0.3062,626,30,0,0,0.00660000000000005,-4.0,-0.3333333333333333,2,14,0.010820697759386889,1.1620919337708508,0.6938,1
895,32526.1,500.0,155.39,0.3108,718,48,0,0,-0.0009000000000000119,7.0,0.0,0,0,0.007517608957936308,0.0573287298296462,0.6892,0
896,88101.93,8494.18,1365.34,0.1607,721,31,0,0,0.01943333333333333,1.3333333333333712,0.0,0,0,0.017799859550007686,0.18596732214343537,0.8392999999999999,0
897,34020.63,1453.43,813.1,0.5594,617,33,1,39,0.0908666666666666,2.0,0.3333333333333333,1,39,0.07242775902772208,0.28680244888346784,0.4406,0
898,55959.07,5152.62,1342.24,0.2605,623,56,0,0,0.004166666666666652,-4.666666666666629,0.0,0,0,0.0054764901574315406,0.28783323233474034,0.7395,0
899,47521.78,6419.0,1583.84,0.2467,698,33,0,0,-0.0006333333333333746,-5.666666666666629,0.0,0,0,0.006216599642176674,0.39994461476823184,0.7533,0
900,19620.73,9428.29,2010.87,0.2133,741,21,0,0,0.0022333333333333094,5.333333333333371,0.0,0,0,0.004400599706605656,1.2298441487774343,0.7867,0
901,31431.01,5905.31,1270.53,0.2152,711,37,0,0,0.0049000000000000155,3.0,0.0,1,42,0.0039060138817526664,0.48507381704180413,0.7847999999999999,0
902,41761.04,1110.55,273.21,0.246,685,30,0,0,-0.00216666666666665,-3.0,0.0,0,0,0.004369496538504176,0.07850666552025333,0.754,0
903,55896.6,13854.75,3589.76,0.2591,603,37,0,0,-0.00326666666666664,-6.666666666666629,0.0,0,0,0.0025927784324928206,0.7706572491126851,0.7409,0
904,54711.66,14734.24,3288.02,0.2232,690,34,0,0,-0.00273333333333331,-2.6666666666666288,0.0,0,0,0.002542035492365216,0.7211669320825943,0.7767999999999999,0
905,53039.18,500.0,131.7,0.2634,672,21,0,0,0.005033333333333334,-0.33333333333337123,0.0,0,0,0.009333675588962777,0.029796840743813117,0.7365999999999999,0
906,37838.12,988.65,141.93,0.1436,747,45,0,0,-0.0039000000000000146,4.333333333333371,0.0,0,0,0.0020555480480343386,0.04501175004096026,0.8564,0
907,38598.13,11757.52,2005.73,0.1706,736,23,0,0,0.004399999999999987,13.333333333333371,0.0,0,0,0.002344023132233225,0.6235732143634193,0.8294,0
908,55714.41,19853.21,5313.03,0.2676,681,40,0,0,0.006199999999999983,1.3333333333333712,0.0,0,0,0.009857244938509844,1.1443423700667006,0.7323999999999999,0
909,55123.25,2588.4,349.12,0.1349,663,28,0,0,-0.008966666666666678,6.0,0.0,0,0,0.005912016952313696,0.07600132428853494,0.8651,0
910,34669.17,11471.53,3154.58,0.275,558,24,0,0,0.0013666666666666827,-2.6666666666666288,0.0,0,0,0.005710297715531158,1.0918911524820845,0.725,0
911,48521.7,8757.87,2124.26,0.2426,758,47,0,0,-0.013633333333333358,6.3333333333332575,0.0,0,0,0.010447181969847674,0.5253550471994127,0.7574,0
912,71676.68,15144.35,4199.57,0.2773,730,37,0,0,0.0031333333333333213,5.0,0.0,0,0,0.010076829858641034,0.703085578064762,0.7227,1
913,42802.64,4420.33,635.4,0.1437,535,51,0,0,0.0007333333333333358,-4.6666666666667425,0.0,0,0,0.0016521030368728353,0.17813854467533632,0.8563000000000001,0
914,75244.15,8751.14,2553.97,0.2918,705,40,0,0,-0.01629999999999998,-1.0,0.0,0,0,0.01482548481500688,0.40730927248314036,0.7081999999999999,0
915,42255.82,500.0,138.23,0.2765,681,57,0,0,0.003300000000000025,8.333333333333371,0.0,0,0,0.0038651577515600257,0.03925518424512736,0.7235,0
916,36453.22,6643.14,1334.92,0.2009,619,42,0,0,0.0030999999999999917,6.666666666666629,0.0,0,0,0.002722794724379915,0.4394410149426226,0.7991,0
917,43741.26,9381.15,2593.57,0.2765,692,39,0,0,-0.01213333333333333,8.666666666666629,0.0,1,26,0.009144807269702277,0.7115213414396784,0.7235,0
918,41422.1,5274.57,2655.52,0.5035,670,21,0,0,0.10339999999999994,-3.0,0.0,1,21,0.07983326548361762,0.7693052740147973,0.49650000000000005,0
919,48978.02,6283.36,1222.59,0.1946,638,21,0,0,0.007466666666666677,-2.6666666666667425,-0.3333333333333333,1,37,0.007333731049821166,0.29954416279803614,0.8054,0
920,54307.51,5335.62,1675.72,0.3141,768,56,0,0,0.022966666666666635,1.6666666666666288,-0.3333333333333333,1,40,0.02177562347621253,0.3702736508368127,0.6859,0
921,50384.72,13310.49,3588.52,0.2696,810,33,0,0,0.0131,-2.6666666666666288,0.0,0,0,0.006342405782596324,0.8546686374310302,0.7303999999999999,0
922,60120.18,9673.59,2289.78,0.2367,748,25,0,0,0.04390000000000002,-2.0,0.0,0,0,0.0360490291131398,0.45704054769156566,0.7633,0
923,45145.82,8866.1,1246.38,0.1406,599,44,0,0,0.00020000000000003348,3.3333333333333712,0.0,0,0,0.0018559214542766705,0.33129445862373236,0.8593999999999999,0
924,28556.09,9650.83,4408.49,0.4568,683,48,0,0,0.05120000000000002,1.0,0.0,0,0,0.038954250231664225,1.8525603462438056,0.5432,0
925,118287.18,2332.43,833.67,0.3574,644,50,0,0,0.008700000000000041,-4.666666666666629,0.0,0,0,0.00685597873716397,0.08457416939845137,0.6426000000000001,0
926,32336.34,5698.73,1023.04,0.1795,709,21,0,0,0.0020999999999999908,-4.0,0.0,0,0,0.004972675336275245,0.3796496448096539,0.8205,0
927,49465.58,8448.0,2044.1,0.242,604,27,0,0,-0.001266666666666666,8.333333333333371,0.0,0,0,0.004824964018288392,0.49588420865679494,0.758,0
928,47485.69,14775.08,4536.65,0.307,664,65,0,0,-0.021600000000000008,4.6666666666667425,0.0,0,0,0.01425351808424073,1.1464464344151393,0.6930000000000001,0
929,71103.07,9367.07,3963.21,0.4231,691,44,0,0,0.04150000000000004,0.6666666666667425,0.0,0,0,0.034749316540041444,0.6688673216497345,0.5769,0
930,62634.61,10551.47,1790.66,0.1697,700,21,0,0,-0.0001666666666666483,9.0,-0.3333333333333333,1,35,0.0011035296904831219,0.3430678341556399,0.8303,0
931,51610.97,7927.24,1375.08,0.1735,694,44,0,0,0.0012999999999999956,1.0,0.0,0,0,0.0021160103969498877,0.3197180753658259,0.8265,0
932,69356.42,10244.22,1973.96,0.1927,784,36,0,0,0.02406666666666668,-7.333333333333371,0.0,0,0,0.020943800461658748,0.3415331990304805,0.8073,0
933,63447.53,6700.28,841.75,0.1256,687,30,0,0,-0.00020000000000000573,-0.6666666666666288,0.3333333333333333,1,14,0.0016844880527922997,0.1592024149417569,0.8744000000000001,0
934,23191.56,2891.85,735.67,0.2544,727,29,0,0,0.028233333333333333,-1.0,0.0,0,0,0.027661254490713175,0.3806574458739347,0.7456,0
935,98900.85,5507.54,1379.45,0.2505,773,21,0,0,0.009733333333333344,-1.3333333333333712,0.0,0,0,0.007284915922644552,0.1673736878701398,0.7495,0
936,52849.94,9250.95,996.58,0.1077,619,47,1,25,-0.006566666666666665,-6.6666666666667425,0.3333333333333333,1,25,0.0043800684926151535,0.22628142997484238,0.8923,0
937,87288.57,6747.94,1386.62,0.2055,687,43,0,0,-0.0010000000000000009,4.333333333333371,0.0,0,0,0.0022051706913020887,0.19062564546208616,0.7945,0
938,39014.2,8357.12,1374.95,0.1645,717,37,0,0,0.0009333333333333416,7.666666666666629,0.0,0,0,0.003100851137635893,0.42290755660567464,0.8355,0
939,46890.85,11217.93,2574.24,0.2295,765,32,0,0,-0.002333333333333326,-11.0,0.0,2,43,0.0038098556403097393,0.6587826834466555,0.7705,0
940,25953.42,7661.47,1968.98,0.257,660,44,0,0,-0.0020999999999999908,0.6666666666666288,0.0,0,0,0.004354148724045971,0.9103910000714862,0.743,0
941,111417.78,9566.71,3685.6,0.3853,721,21,0,0,0.04503333333333337,-3.6666666666666288,0.0,0,0,0.03460382926787151,0.3969492121924939,0.6147,0
942,76004.78,6581.52,1260.66,0.1915,700,25,0,0,0.006733333333333341,-1.3333333333333712,0.0,0,0,0.003514651871491379,0.19903906040661562,0.8085,0
943,49498.54,8263.0,2413.7,0.2921,655,33,0,0,0.004266666666666641,6.666666666666629,0.0,0,0,0.008581585582578023,0.5851566529634635,0.7079,0
944,98586.35,6042.01,1856.87,0.3073,665,34,0,0,0.002633333333333321,-3.6666666666666288,0.0,2,21,0.005504568809432549,0.22601952498786862,0.6927,0
945,41893.89,6055.84,1211.76,0.2001,624,50,0,0,-0.014733333333333348,3.3333333333333712,0.0,0,0,0.009166484846681656,0.3470940510856087,0.7999,0
946,38196.33,6959.55,2715.41,0.3902,587,40,0,0,0.05206666666666665,0.33333333333325754,0.0,2,32,0.04367920303505752,0.8530903358977922,0.6098,0
947,64649.5,13162.85,5626.38,0.4274,786,46,0,0,0.04413333333333336,6.333333333333371,0.0,0,0,0.03522403693187053,1.0443477519156037,0.5726,0
948,28748.3,4774.77,1586.72,0.3323,672,54,0,0,0.022199999999999998,-2.3333333333332575,0.0,0,0,0.01489214931133551,0.6623222935635197,0.6677,0
949,80821.48,8372.48,1159.36,0.1385,639,38,0,0,0.001799999999999996,1.3333333333332575,-0.3333333333333333,1,38,0.006357825449353297,0.17213641717442396,0.8614999999999999,0
950,49613.84,7918.89,3698.21,0.467,732,47,0,0,0.07390000000000002,4.6666666666667425,0.0,0,0,0.057373667982601385,0.8944786371961181,0.5329999999999999,0
951,54249.68,8362.53,1600.02,0.1913,687,37,0,0,-0.001500000000000029,-3.6666666666666288,0.3333333333333333,1,32,0.0029047375096555713,0.35392356223581256,0.8087,0
952,77195.96,7161.49,1243.39,0.1736,721,43,0,0,-0.008733333333333343,1.6666666666666288,0.0,0,0,0.008291226956515222,0.1932831717836089,0.8264,0
953,40719.06,14145.12,1283.91,0.0908,692,59,0,0,-0.001166666666666663,-7.0,0.3333333333333333,1,22,0.004406529246470512,0.3783712098329271,0.9092,0
954,32486.96,15488.66,2755.15,0.1779,723,33,0,0,-0.002133333333333348,9.333333333333371,0.0,0,0,0.003125344425463829,1.0176944838109714,0.8221,0
955,54530.66,9084.92,967.81,0.1065,680,48,1,51,-0.0018666666666666692,4.0,0.3333333333333333,1,51,0.0018275666882497064,0.21297596613435973,0.8935,0
956,52499.57,3495.38,1076.54,0.308,707,40,0,0,0.002333333333333354,4.0,0.0,0,0,0.00430642285171555,0.24606830107460267,0.692,0
957,55171.99,6641.8,2190.26,0.3298,752,45,0,0,0.026599999999999957,2.6666666666667425,0.0,0,0,0.029912905984615497,0.4763852091302738,0.6702,1
958,54722.72,8401.36,1978.42,0.2355,659,39,0,0,0.0275333333333333,-3.0,0.0,0,0,0.02558437022871583,0.43384246972361556,0.7645,1
959,40928.75,782.64,280.7,0.3587,672,48,0,0,0.0008666666666666267,-6.666666666666629,-0.3333333333333333,1,52,0.003113278015211623,0.08229911734446839,0.6413,0
960,25271.04,6739.85,1570.29,0.233,720,38,0,0,-0.005600000000000022,-0.33333333333337123,0.0,0,0,0.007690542532516442,0.7456551052529748,0.767,0
961,67857.15,4159.39,674.81,0.1622,656,28,0,0,-0.004599999999999993,6.0,0.0,0,0,0.006492388706101248,0.11933480846996936,0.8378,0
962,22238.48,19518.91,5503.18,0.2819,664,58,0,0,-0.010533333333333339,-5.3333333333332575,0.0,1,12,0.011946489489013558,2.969544679508917,0.7181,0
963,48512.96,9070.77,5382.52,0.5934,718,45,0,0,0.09749999999999998,-2.6666666666667425,0.3333333333333333,1,41,0.07967494552520539,1.331401752934127,0.40659999999999996,0
964,28257.74,9721.27,1495.13,0.1538,592,68,0,0,-0.00410000000000002,5.0,0.0,0,0,0.002436242553149767,0.6349255104046146,0.8462000000000001,0
965,71536.1,5309.37,1304.18,0.2456,649,35,0,0,0.0007000000000000062,-0.6666666666667425,0.0,0,0,0.002648112535373069,0.21877289924072915,0.7544,0
966,56152.79,15624.41,8131.41,0.5204,748,44,0,0,0.10019999999999996,1.6666666666666288,0.0,0,0,0.07766744992451972,1.7377038608259276,0.4796,0
967,83928.21,7037.64,1759.93,0.2501,751,39,0,0,-0.0010999999999999899,2.3333333333332575,0.0,0,0,0.0038113135676707526,0.25163362827564645,0.7499,1
968,45586.32,3916.5,1085.63,0.2772,621,44,1,44,0.04070000000000004,-3.6666666666667425,0.3333333333333333,2,44,0.037345314297780374,0.2857778385395151,0.7228,0
969,34797.2,7262.95,1423.54,0.196,649,56,0,0,-0.011966666666666681,2.3333333333332575,0.0,1,17,0.00947687243298711,0.49091536083676324,0.804,0
970,50618.24,4021.66,2200.43,0.5471,669,31,0,0,0.10603333333333331,-0.33333333333337123,0.0,1,52,0.08694256405492332,0.5216530640682125,0.45289999999999997,0
971,22216.19,2978.72,316.19,0.1062,643,44,0,0,-0.001999999999999974,-5.333333333333371,-0.3333333333333333,2,18,0.0016941894161450158,0.17078896057112097,0.8938,0
972,89276.95,11970.59,1664.07,0.139,657,43,0,0,-0.005033333333333334,4.6666666666667425,0.0,0,0,0.005835547198944687,0.22367296370805592,0.861,0
973,29873.27,17112.82,9136.69,0.5339,624,24,0,0,0.12163333333333343,7.3333333333332575,0.0,0,0,0.09132835600792952,3.670180062509322,0.46609999999999996,1
974,82416.7,1877.8,321.01,0.1709,672,32,0,0,0.012300000000000005,0.0,0.0,0,0,0.0067703602398822135,0.04673955641804543,0.8291,0
975,61849.05,500.0,161.78,0.3236,609,47,0,0,0.004133333333333322,-0.33333333333325754,0.0,0,0,0.005234049844793014,0.03138867936731988,0.6764,0
976,31603.38,14027.84,1241.03,0.0885,618,36,0,0,-0.010499999999999995,4.0,-0.3333333333333333,1,26,0.008126653677867659,0.47122681163677044,0.9115,0
977,57098.41,12070.03,3288.25,0.2724,669,21,0,0,0.010033333333333339,2.6666666666667425,0.0,0,0,0.009984752264216539,0.6910700314020506,0.7276,0
978,48546.29,9077.48,3479.18,0.3833,680,39,0,0,0.029866666666666708,5.0,0.0,0,0,0.01708265039285308,0.8600072217605076,0.6167,0
979,25737.87,8779.65,1803.31,0.2054,635,49,0,0,-0.001966666666666672,-3.0,0.0,0,0,0.004059282914232239,0.8407735368121263,0.7946,0
980,54687.92,2858.16,479.19,0.1677,695,26,0,0,-0.00739999999999999,-0.33333333333337123,0.0,0,0,0.004222591358132806,0.10514716958952239,0.8323,0
981,40156.19,4818.02,1267.49,0.2631,811,50,0,0,0.010766666666666674,-1.0,0.0,1,56,0.006954854419756031,0.37876800551682777,0.7369,0
982,48106.25,9959.1,1349.9,0.1355,758,23,0,0,0.0007000000000000062,4.666666666666629,0.0,0,0,0.0011875511684882507,0.3367296348387007,0.8645,0
983,61473.01,11423.33,3231.47,0.2829,636,54,0,0,-0.025800000000000045,2.6666666666666288,0.0,0,0,0.02070439432691633,0.6308075689222035,0.7171000000000001,0
984,41784.68,4460.36,411.69,0.0923,677,43,0,0,-0.006500000000000006,2.3333333333332575,0.0,0,0,0.004360077726116563,0.11823184953387743,0.9077,0
985,52564.79,7211.2,3392.37,0.4704,714,29,0,0,0.09266666666666667,7.333333333333371,0.0,0,0,0.08043645007084786,0.7744431203987817,0.5296000000000001,0
986,47722.96,3344.63,999.53,0.2988,648,66,0,0,0.0007000000000000339,7.666666666666629,0.0,0,0,0.005190134873006674,0.2513331108754361,0.7012,0
987,68570.55,12501.98,2245.72,0.1796,538,43,0,0,0.003899999999999987,-3.6666666666666288,0.0,0,0,0.002409587332119569,0.3930060353210514,0.8204,0
988,45573.54,500.0,148.5,0.297,603,42,0,0,0.013066666666666671,-1.3333333333333712,0.0,0,0,0.011491168106178095,0.03910163659726193,0.7030000000000001,0
989,55320.32,7068.76,891.76,0.1262,671,48,0,0,0.0017666666666666803,-2.3333333333332575,0.0,0,0,0.0022039736840534217,0.19343922807530267,0.8738,0
990,77290.54,5655.59,701.16,0.124,695,36,0,0,0.0017666666666666525,-1.0,0.0,0,0,0.003972125095937655,0.10886092914726263,0.876,0
991,39481.04,11576.59,2816.67,0.2433,783,21,0,0,0.005700000000000011,0.0,0.0,0,0,0.004051885706406057,0.8561081468402734,0.7567,0
992,63330.33,7777.29,2237.57,0.2877,666,30,0,0,0.013533333333333342,-7.666666666666629,-0.6666666666666666,2,29,0.007404071702636188,0.4239807371114635,0.7122999999999999,0
993,50095.79,8233.11,1864.24,0.2264,648,21,0,0,-0.001166666666666677,-2.3333333333333712,0.3333333333333333,1,11,0.0032881521321928655,0.4465620762671125,0.7736000000000001,0
994,29063.18,6249.96,1258.48,0.2014,754,34,0,0,0.033299999999999996,2.0,0.3333333333333333,1,59,0.025046545559107437,0.5196182934477431,0.7986,1
995,68396.14,11040.22,1687.74,0.1529,712,21,0,0,0.0010333333333333306,3.6666666666666288,0.0,0,0,0.0037761679576582027,0.2961114471729934,0.8471,0
996,61864.49,11291.94,6665.01,0.5902,697,49,0,0,0.11876666666666674,3.6666666666667425,0.0,0,0,0.09345470976776811,1.29282759761676,0.40980000000000005,1
997,59752.31,11584.11,1598.75,0.138,730,49,0,0,-0.010499999999999982,3.0,0.0,0,0,0.007927028306861138,0.32107545291800593,0.862,0
998,92033.82,15116.03,5409.65,0.3579,680,48,0,0,0.0014666666666666717,6.666666666666629,0.0,0,0,0.006371115374179867,0.7053472298719734,0.6421,0
999,84176.94,12293.59,3520.33,0.2864,707,37,0,0,0.0011000000000000454,1.6666666666666288,0.0,0,0,0.005480901182996984,0.5018471804033009,0.7136,0
1000,56182.19,7821.2,1648.92,0.2108,676,29,0,0,-0.0053666666666666585,3.0,0.0,0,0,0.0038198312935404707,0.3521941739147881,0.7892,0
1001,35860.4,7343.04,1949.47,0.2655,729,48,0,0,-0.005966666666666676,-4.333333333333371,0.0,0,0,0.00928773085551278,0.6523530131334777,0.7344999999999999,0
1002,28998.26,3840.57,853.28,0.2222,630,37,0,0,0.005700000000000011,0.0,0.0,0,0,0.0050440559076996815,0.35310256531815254,0.7778,0
1003,62711.23,6452.25,966.57,0.1498,699,35,0,0,0.004133333333333322,-0.33333333333337123,0.0,0,0,0.0025038858688934723,0.18495634669867778,0.8502000000000001,0
1004,37173.52,10987.15,2581.72,0.235,684,45,0,0,3.333333333332966e-05,-0.33333333333337123,0.0,0,0,0.008705138967554997,0.8334061447503257,0.765,0
1005,51569.57,3520.77,2741.03,0.7785,704,37,0,0,0.1751666666666667,-7.666666666666629,-0.6666666666666666,2,32,0.1429938635046973,0.6378249807463219,0.22150000000000003,0
1006,47077.04,15135.68,2558.51,0.169,661,50,0,0,-0.00046666666666669854,-1.3333333333332575,0.0,0,0,0.0015370426148939424,0.6521675957573797,0.831,0
1007,35966.78,8487.12,1006.35,0.1186,616,34,0,0,-0.005400000000000002,-0.6666666666666288,-0.3333333333333333,1,49,0.0031436885624657293,0.33575983159935036,0.8814,0
1008,88779.48,12717.75,1490.13,0.1172,676,39,0,0,0.0025666666666666615,-3.6666666666666288,0.0,1,36,0.0019281539818639401,0.20141546219445097,0.8828,0
1009,22745.91,6813.62,1473.48,0.2163,604,21,0,0,0.006833333333333358,3.0,0.0,1,18,0.005277494144425396,0.777359973317035,0.7837000000000001,0
1010,42687.37,9772.47,1032.54,0.1057,631,56,0,0,-0.005233333333333326,4.0,0.0,0,0,0.002674000332419156,0.29026103028874506,0.8943,0
1011,80990.56,8791.27,2364.24,0.2689,716,22,0,0,0.019033333333333347,-6.666666666666629,0.0,0,0,0.019572862448922576,0.3502986026494497,0.7311000000000001,0
1012,17144.59,13005.56,3612.73,0.2778,644,59,0,0,0.0012000000000000344,0.33333333333337123,0.0,0,0,0.007705751819979107,2.5286553933139335,0.7222,0
1013,46618.5,11109.4,2725.59,0.2453,508,42,0,0,-0.00163333333333332,-8.999999999999943,0.3333333333333333,1,40,0.008816036524425242,0.7015901410723409,0.7547,0
1014,49616.29,8850.48,3434.3,0.388,669,22,0,0,0.029899999999999927,-8.333333333333371,0.0,0,0,0.034435971180019176,0.8306062381938014,0.612,1
1015,47763.09,13212.95,3249.43,0.2459,709,41,0,0,-0.005566666666666692,-4.333333333333371,-0.3333333333333333,1,50,0.005919623674224946,0.8163868792869842,0.7541,0
1016,29388.96,1824.78,399.99,0.2192,679,49,0,0,0.007900000000000018,1.0,0.0,0,0,0.005550550523246432,0.16332255370860793,0.7807999999999999,0
1017,43957.56,7089.81,1541.05,0.2174,589,28,0,0,-0.0042999999999999705,3.3333333333333712,0.0,0,0,0.006226154511413914,0.42069214021323514,0.7826,0
1018,58094.18,8160.87,1974.14,0.2419,716,30,0,0,-0.004766666666666641,1.6666666666667425,0.0,1,41,0.008877280614642684,0.4077806071986322,0.7581,0
1019,44072.6,12599.87,6769.18,0.5372,748,25,0,0,0.08723333333333333,5.3333333333332575,0.0,0,0,0.08674733425299017,1.8430988863348843,0.4628,1
1020,83053.83,10842.77,3149.91,0.2905,608,39,0,0,0.003566666666666718,-1.0,0.0,0,0,0.0056981965958050685,0.4551135088476791,0.7095,0
1021,86259.1,500.0,219.21,0.4384,725,54,0,0,0.08006666666666673,0.33333333333337123,0.0,0,0,0.06880994558282336,0.030495565101352238,0.5616,0
1022,67542.91,5668.88,1228.32,0.2167,599,48,0,0,0.0005999999999999894,-2.3333333333332575,0.0,0,0,0.003630235682584691,0.21822927080549606,0.7833,0
1023,44288.14,9759.7,2336.45,0.2394,572,38,0,0,0.04119999999999996,-0.6666666666666288,0.0,0,0,0.03105261663692773,0.6330679046896796,0.7605999999999999,0
1024,44612.05,5994.21,2078.09,0.3467,658,41,0,0,0.0077666666666666995,0.33333333333337123,0.0,0,0,0.0060903612372337915,0.5589763302357162,0.6533,0
1025,40208.53,14318.94,4141.62,0.2892,714,38,0,0,-0.006066666666666665,13.0,-0.3333333333333333,1,17,0.008373088504913334,1.2360422026163975,0.7108,0
1026,57787.82,3984.06,2755.81,0.6917,618,48,0,0,0.13113333333333344,-5.0,0.3333333333333333,1,46,0.11334435118012916,0.5722610749658469,0.3083,1
1027,82098.85,11532.53,6576.73,0.5703,648,39,0,0,0.07093333333333335,-2.3333333333332575,0.0,0,0,0.06612511709714483,0.9612894698094372,0.42969999999999997,0
1028,52206.53,12590.45,2928.53,0.2326,700,37,0,0,0.013933333333333353,1.0,0.0,0,0,0.009014078494838578,0.6731410800894506,0.7674,0
1029,18352.59,11394.14,3267.24,0.2867,738,23,0,0,0.006933333333333347,9.0,0.0,1,5,0.005413409276971396,2.136313183826601,0.7133,0
1030,24498.71,7287.27,1590.5,0.2183,791,40,0,0,0.002799999999999997,-3.0,0.3333333333333333,1,44,0.004943795213306379,0.7790614277507372,0.7817000000000001,0
1031,64058.88,10844.89,2190.47,0.202,738,49,0,0,0.007566666666666666,-2.6666666666666288,0.0,0,0,0.005963174024330051,0.41033561615619835,0.798,0
1032,70893.01,10109.36,1740.45,0.1722,686,45,0,0,0.011233333333333345,-0.33333333333337123,0.0,0,0,0.008069713611881017,0.294604503271405,0.8278,0
1033,69450.87,10475.34,4487.89,0.4284,612,40,0,0,0.03666666666666668,-0.6666666666667425,0.0,0,0,0.03911227783928951,0.7754356423568888,0.5716,1
1034,90890.9,10152.68,1942.38,0.1913,744,47,0,0,-0.005966666666666676,-0.6666666666667425,0.0,0,0,0.005953780311701136,0.25644547470563783,0.8087,0
1035,34748.5,5456.55,1026.13,0.1881,731,31,1,53,-0.014466666666666655,-4.0,0.3333333333333333,1,53,0.009582507210769234,0.3543623464537362,0.8119000000000001,0
1036,54002.82,6658.29,1747.74,0.2625,704,46,0,0,-0.0003666666666666818,10.666666666666742,0.0,0,0,0.006934535152249042,0.3883663852246902,0.7375,0
1037,50298.84,9460.63,3190.21,0.3372,771,56,0,0,0.0023666666666666836,1.3333333333333712,0.0,0,0,0.007819047256539643,0.7611014486788718,0.6628000000000001,0
1038,79514.06,10305.58,1829.53,0.1775,609,22,0,0,0.0041999999999999815,-7.0,0.0,0,0,0.002639602242763097,0.27610664072098345,0.8225,0
1039,37551.33,10326.44,1711.95,0.1658,750,47,0,0,-0.005533333333333307,3.6666666666666288,0.0,0,0,0.004195665753025506,0.5470751633413543,0.8342,0
1040,31159.26,6714.42,1544.03,0.23,850,54,0,0,-0.003133333333333377,0.0,0.0,0,0,0.002982355519458476,0.5946341470517718,0.77,0
1041,41045.86,16992.46,3304.73,0.1945,707,52,0,0,0.001899999999999985,0.6666666666666288,0.0,0,0,0.005875963278003393,0.9661573661364657,0.8055,0
1042,66638.87,4297.45,553.22,0.1287,672,58,0,0,-0.002333333333333326,5.0,0.0,0,0,0.0030091527046662066,0.09962113701514666,0.8713,0
1043,147094.14,6797.37,2049.97,0.3016,654,42,0,0,0.007866666666666633,-7.3333333333332575,-0.3333333333333333,1,13,0.005549999999999986,0.1672373895927679,0.6984,0
1044,40966.43,6920.53,1483.06,0.2143,698,37,0,0,0.016433333333333355,3.6666666666667425,0.0,0,0,0.018806980087191037,0.4344220376241458,0.7857000000000001,0
1045,53269.8,10283.69,1328.95,0.1292,720,38,0,0,0.005099999999999993,0.33333333333337123,0.0,0,0,0.0025823654100671136,0.2993703748917314,0.8708,0
1046,47140.09,5300.11,1727.77,0.326,689,22,0,0,0.005133333333333323,2.6666666666666288,0.0,0,0,0.005316509924544269,0.4398218160958568,0.6739999999999999,0
1047,38751.3,500.0,95.76,0.1915,646,33,0,0,0.002433333333333315,0.6666666666667425,0.0,0,0,0.004553844529625488,0.029653714833932164,0.8085,0
1048,66963.29,500.0,161.27,0.3225,671,28,0,0,0.05889999999999998,1.3333333333333712,0.0,0,0,0.04777087094779738,0.028900013718758444,0.6775,0
1049,52325.32,7875.93,2122.42,0.2695,623,55,0,0,-0.0028000000000000247,-4.0,0.0,0,0,0.007491680570991903,0.48674408477882347,0.7304999999999999,0
1050,64573.14,6944.69,1717.31,0.2473,660,35,0,0,0.0009000000000000119,-4.333333333333371,0.0,1,17,0.007626925986267333,0.3191376475756072,0.7527,0
1051,77837.14,5137.51,2373.27,0.4619,695,34,0,0,0.048133333333333306,-4.666666666666629,0.0,0,0,0.052353822952844395,0.3658824051809896,0.5381,0
1052,68144.35,500.0,165.71,0.3314,681,32,0,0,-0.00446666666666673,-3.3333333333333712,0.3333333333333333,1,51,0.007009893801699971,0.029180995924824697,0.6686000000000001,0
1053,75674.27,5784.9,2347.93,0.4059,594,24,0,0,0.07200000000000001,8.0,0.0,0,0,0.06381300807829077,0.37232153009909624,0.5941000000000001,1
1054,53128.3,6895.74,850.35,0.1233,632,53,0,0,-0.008999999999999994,-1.6666666666666288,0.0,0,0,0.007166841083148923,0.19206712802207473,0.8767,0
1055,26566.67,8496.13,835.77,0.0984,750,34,0,0,-0.005433333333333332,13.666666666666629,0.0,0,0,0.005835023564648206,0.3775121231027395,0.9016,0
1056,81666.63,2640.87,683.68,0.2589,658,35,0,0,-0.005233333333333312,0.33333333333337123,0.0,0,0,0.005339709729938471,0.10045914713016184,0.7411,0
1057,84271.28,3647.47,574.46,0.1575,677,64,0,0,-0.001066666666666688,-0.33333333333337123,0.0,0,0,0.00220328038262143,0.08180153427144315,0.8425,0
1058,49477.23,500.0,164.77,0.3295,655,49,0,0,0.005900000000000016,3.6666666666666288,0.0,1,23,0.006586307345124778,0.039962625222156704,0.6705,0
1059,30410.41,7506.06,1678.76,0.2237,752,37,0,0,-0.009666666666666629,0.6666666666666288,0.0,0,0,0.008651733930259295,0.662441578132314,0.7763,0
1060,45431.67,5258.83,542.02,0.1031,683,30,0,0,-0.0017666666666666803,-5.3333333333332575,0.0,0,0,0.0019320397971516448,0.14316532934585094,0.8969,0
1061,80033.76,2775.85,615.05,0.2216,707,21,0,0,0.008000000000000007,-0.33333333333337123,0.0,0,0,0.006863449893781154,0.09221858374382731,0.7784,0
1062,84512.09,9027.6,1813.28,0.2009,702,52,0,0,-0.0030000000000000304,2.3333333333333712,0.0,0,0,0.006379872865330297,0.257470380828475,0.7991,0
1063,80684.02,9714.84,2508.66,0.2582,693,47,0,0,0.012666666666666632,-4.666666666666629,0.0,0,0,0.007519991873518059,0.3731088262027932,0.7418,0
1064,131611.85,8953.38,4216.18,0.4709,678,45,0,0,0.062299999999999967,4.0,-0.3333333333333333,1,42,0.053687283824425724,0.3844194880277647,0.5291,0
1065,53556.65,4588.47,1565.99,0.3413,601,44,0,0,0.013066666666666671,0.6666666666666288,0.0,0,0,0.008717288059431744,0.3508785556189466,0.6587000000000001,0
1066,33273.75,12740.07,5247.86,0.4119,696,40,0,0,0.0512333333333333,-2.0,0.0,0,0,0.035864482585297563,1.892612644420561,0.5881000000000001,0
1067,47213.73,2866.52,622.25,0.2171,685,53,0,0,-0.0004333333333333411,0.6666666666666288,0.0,0,0,0.0016912355772563988,0.15815314735993452,0.7829,0
1068,37645.06,13830.18,4544.54,0.3286,699,55,0,0,-0.0040000000000000036,-2.0,0.3333333333333333,1,6,0.004834970986928902,1.4486490387481443,0.6714,0
1069,81869.78,3667.36,2127.5,0.5801,650,40,1,21,0.10666666666666658,3.3333333333333712,0.3333333333333333,1,21,0.08533014479719991,0.3118366752207953,0.41990000000000005,0
1070,46162.67,4073.45,893.43,0.2193,752,50,0,0,-0.004833333333333328,2.3333333333333712,0.0,0,0,0.009690817532305765,0.23224739810788742,0.7807,0
1071,60070.67,7844.8,2504.3,0.3192,690,35,0,0,0.006000000000000005,-2.3333333333332575,0.0,1,51,0.005641537418509634,0.5002707643180399,0.6808000000000001,0
1072,35536.59,9538.01,2479.83,0.26,670,25,0,0,-0.0001666666666666483,-6.3333333333332575,0.3333333333333333,1,33,0.005803830152963171,0.8373892934001639,0.74,0
1073,51160.69,1379.09,543.23,0.3939,620,52,0,0,0.042166666666666686,3.3333333333333712,0.0,0,0,0.03173921076523484,0.1274173588837639,0.6061000000000001,0
1074,48865.57,7263.66,1855.74,0.2555,733,24,0,0,-0.0019000000000000128,1.6666666666666288,0.0,0,0,0.0033532736906558224,0.4557171848099059,0.7444999999999999,0
1075,55359.17,10316.0,1151.2,0.1116,653,26,0,0,0.0007999999999999952,-0.33333333333325754,0.0,0,0,0.0013395687531606722,0.2495413135169025,0.8884,0
1076,42976.56,7934.87,3136.12,0.3952,732,30,0,0,0.08036666666666659,7.0,0.0,0,0,0.06613386046496908,0.8756736227723186,0.6048,0
1077,59467.5,6808.69,1641.86,0.2411,658,32,1,13,-0.005666666666666681,-0.6666666666666288,0.3333333333333333,1,13,0.005682209077462755,0.33131239746120567,0.7589,0
1078,33208.12,6128.44,1421.54,0.232,555,26,0,0,0.014766666666666678,5.0,0.0,0,0,0.009067218120484607,0.5136840024016954,0.768,0
1079,62444.54,11846.43,4056.02,0.3424,707,40,1,53,0.013633333333333275,-4.666666666666629,0.3333333333333333,1,53,0.009081911203657018,0.7794474903754055,0.6576,0
1080,39119.05,7581.83,2728.43,0.3599,728,21,0,0,0.06153333333333327,5.6666666666667425,0.0,0,0,0.04644171077813563,0.8369620425331508,0.6401,0
1081,19870.27,12177.07,3253.24,0.2672,596,35,0,0,0.03950000000000001,1.6666666666666288,0.0,0,0,0.031203645620343796,1.964687947190639,0.7328,0
1082,48328.29,1566.1,541.77,0.3459,670,38,0,0,0.0736,-6.333333333333371,0.0,0,0,0.05353000975569166,0.13452245048160674,0.6541,0
1083,41049.11,4043.98,816.1,0.2018,688,33,0,0,0.0013666666666667104,-1.6666666666666288,0.0,0,0,0.004233727015815309,0.23857277288440912,0.7982,0
1084,33867.97,13026.25,1775.84,0.1363,625,24,0,0,-0.009466666666666651,-7.333333333333371,0.0,0,0,0.008011467475507291,0.6292104307535844,0.8637,0
1085,53083.23,10105.64,2426.31,0.2401,659,39,0,0,0.007966666666666677,12.333333333333371,0.0,0,0,0.015930160074525305,0.5484918682118268,0.7599,1
1086,54202.85,2468.47,309.62,0.1254,630,28,0,0,0.001799999999999996,1.6666666666667425,0.0,0,0,0.004129400010224794,0.06854694908436432,0.8746,0
1087,42934.91,4874.89,1224.25,0.2511,667,55,0,0,-0.01376666666666665,-1.3333333333333712,0.0,0,0,0.009558562188483749,0.34216911124057253,0.7489,0
1088,48034.92,3298.95,484.96,0.147,660,39,0,0,0.0016999999999999793,1.3333333333333712,0.0,1,15,0.004023679907746142,0.12115186199011423,0.853,0
1089,35679.54,7861.19,998.64,0.127,684,38,0,0,0.00016666666666667607,-6.0,0.0,0,0,0.0018278706494473586,0.3358698008990464,0.873,0
1090,87378.72,6166.41,1577.52,0.2558,620,28,0,0,0.005133333333333323,-2.0,0.0,0,0,0.00778435039750336,0.2166458835446462,0.7442,0
1091,68146.51,5279.59,1373.73,0.2602,629,31,0,0,-0.0031999999999999806,3.6666666666666288,0.0,0,0,0.004671396412684815,0.24190174958478697,0.7398,0
1092,42355.05,4714.23,1787.81,0.3792,653,21,0,0,0.017766666666666597,3.3333333333333712,0.0,0,0,0.016437389627850827,0.5065209460010495,0.6208,0
1093,56319.01,4660.25,824.17,0.1769,692,57,0,0,0.004266666666666669,0.6666666666666288,0.0,0,0,0.0023833333333333384,0.17560749022208857,0.8230999999999999,0
1094,49748.13,7005.53,2313.23,0.3302,619,23,0,0,0.0017666666666666941,1.0,0.0,1,12,0.00620747756965562,0.5579859985351041,0.6698,0
1095,72409.3,13990.36,5246.94,0.375,728,65,0,0,0.01579999999999998,-7.3333333333332575,0.0,2,45,0.014908219209550119,0.8695468674543937,0.625,0
1096,56713.66,10461.34,3712.81,0.3549,686,30,0,0,0.01153333333333334,1.0,0.0,0,0,0.011340524679220082,0.7855906317908756,0.6451,0
1097,23605.84,13341.02,2646.54,0.1984,755,39,0,0,-0.004300000000000054,0.6666666666667425,0.0,0,0,0.005930430001273076,1.3453653834752592,0.8016,0
1098,61285.23,4318.68,1135.52,0.2629,763,24,0,0,-0.007666666666666655,1.6666666666666288,0.0,0,0,0.005017414119289368,0.22234133733906036,0.7371,0
1099,72305.03,13882.88,5219.51,0.376,573,37,0,0,0.04566666666666669,0.6666666666667425,0.0,0,0,0.04968061605003619,0.8662484475783361,0.624,0
1100,43390.93,6465.18,1858.07,0.2874,687,40,0,0,-0.004033333333333333,0.0,0.0,0,0,0.009065747502427906,0.5138594631143809,0.7126,1
1101,56040.47,5501.33,1660.09,0.3018,577,33,0,0,0.0012333333333333085,-4.333333333333371,0.0,0,0,0.006139512286094962,0.3554766759760273,0.6981999999999999,0
1102,36312.74,8136.47,1764.29,0.2168,727,36,1,25,-0.011266666666666647,2.6666666666666288,0.3333333333333333,2,25,0.012553330677995835,0.5830317401827464,0.7832,0
1103,45386.29,4412.98,1111.58,0.2519,686,36,0,0,0.01613333333333336,-5.3333333333332575,0.0,0,0,0.019392653248073113,0.29389844370344476,0.7481,0
1104,28707.9,13070.49,4041.26,0.3092,704,26,0,0,0.009166666666666656,2.0,0.0,0,0,0.00948060886464809,1.6892604467665302,0.6908000000000001,0
1105,63459.48,3851.26,1112.71,0.2889,724,24,0,0,-0.011466666666666625,-3.6666666666666288,0.0,0,0,0.005966945989737507,0.21041017035555723,0.7111000000000001,0
1106,40363.46,3120.96,972.02,0.3114,709,28,0,0,0.006633333333333324,-2.3333333333333712,0.0,0,0,0.0036793341788970597,0.28898018149415927,0.6886,0
1107,48065.63,10667.39,1376.97,0.1291,566,39,0,0,-0.0049000000000000155,5.333333333333371,0.0,0,0,0.0029469381473733827,0.3437724626905906,0.8709,0
1108,31500.14,9840.44,3262.68,0.3316,700,45,0,0,-0.002233333333333365,1.3333333333333712,0.0,0,0,0.002742717630380476,1.2429201897224886,0.6684,0
1109,38626.1,13140.46,4165.55,0.317,771,36,0,0,-0.0074666666666666215,1.6666666666666288,0.0,0,0,0.010856961412435405,1.2941146008649755,0.683,0
1110,109613.53,7993.41,1657.41,0.2073,727,42,0,0,-0.006266666666666643,6.666666666666629,0.0,0,0,0.0037942207514997262,0.18144584886393725,0.7927,0
1111,63668.79,7963.0,882.98,0.1109,777,31,0,0,0.0015000000000000013,10.333333333333258,0.0,0,0,0.0032437546831479737,0.16641999946917413,0.8891,0
1112,38162.14,12357.38,2821.37,0.2283,601,35,0,0,-0.0008666666666666822,11.0,0.0,0,0,0.0036038174204584762,0.8871735177679742,0.7717,0
1113,13915.21,12378.13,2745.11,0.2218,701,21,0,0,-0.002366666666666656,0.0,0.0,0,0,0.0045584475914991545,2.367288741714465,0.7782,0
1114,44517.09,6454.71,1899.95,0.2944,635,49,0,0,-0.003933333333333344,0.33333333333325754,0.0,0,0,0.006325741063306334,0.5121493788981762,0.7056,0
1115,59427.11,10105.36,3110.56,0.3078,724,46,0,0,-0.004866666666666686,3.0,0.0,1,55,0.009015280238449492,0.6281092920800403,0.6921999999999999,0
1116,34382.13,7630.26,2033.46,0.2665,601,32,0,0,0.028466666666666668,-2.6666666666666288,0.0,0,0,0.026776316234895188,0.7097151919175287,0.7335,0
1117,61077.86,4687.25,1399.24,0.2985,639,21,0,0,-0.0028000000000000247,-6.333333333333371,0.3333333333333333,1,31,0.0055142492185649445,0.27490943521434913,0.7015,0
1118,34033.28,6436.78,847.79,0.1317,624,34,0,0,-0.0006000000000000172,-3.3333333333332575,0.0,0,0,0.002420456798026168,0.29892740271912877,0.8683,0
1119,83414.0,5163.54,793.88,0.1537,627,42,0,0,0.02146666666666666,11.0,0.0,0,0,0.016723561223615024,0.11420816647840291,0.8463,0
1120,40552.26,10768.5,3320.85,0.3084,767,55,0,0,0.0017333333333333645,-3.0,0.0,0,0,0.004900283438514317,0.9826875243995711,0.6916,0
1121,47145.56,500.0,123.51,0.247,727,34,0,0,0.036333333333333356,5.3333333333332575,0.0,0,0,0.029894346362555665,0.031437106688790094,0.753,0
1122,49155.98,9491.04,1685.53,0.1776,621,39,0,0,0.0021333333333333204,0.33333333333337123,0.0,0,0,0.0035227829907617135,0.41147302922375506,0.8224,0
1123,66782.41,12893.74,1559.8,0.121,642,40,0,0,0.002333333333333326,9.0,0.0,0,0,0.001519959794789907,0.2802773963478807,0.879,0
1124,45455.39,8268.55,1230.16,0.1488,703,47,0,0,0.001700000000000007,1.0,0.0,1,34,0.003300420848585493,0.32475620594395793,0.8512,0
1125,33390.13,9532.02,2863.67,0.3004,629,21,0,0,0.004699999999999982,-9.0,0.0,0,0,0.00660965203320113,1.0291676009542339,0.6996,0
1126,71875.37,14331.78,4434.37,0.3094,520,22,0,0,-0.0059333333333332905,4.0,0.0,0,0,0.008106598820988034,0.7403431800228073,0.6906,0
1127,22296.28,500.0,179.82,0.3596,610,42,0,0,0.06126666666666669,3.0,0.0,1,54,0.04976597733391758,0.09678027001987043,0.6404000000000001,0
1128,21613.82,14086.34,3866.4,0.2745,686,45,0,0,-0.006733333333333313,-2.3333333333332575,0.0,0,0,0.0074289972405433054,2.1466265553354513,0.7255,0
1129,33037.34,15270.98,2007.68,0.1315,716,21,0,0,0.004199999999999995,6.333333333333371,0.0,0,0,0.002559839404684949,0.7292403078228793,0.8685,0
1130,24580.33,10054.64,1839.42,0.1829,759,29,0,0,0.008600000000000024,-4.0,-0.3333333333333333,1,55,0.007151592674207465,0.897996080167518,0.8170999999999999,0
1131,66487.33,13284.69,2432.67,0.1831,701,37,0,0,0.007266666666666671,2.6666666666667425,0.0,0,0,0.004272131916398539,0.4390616978412467,0.8169,0
1132,25124.25,18733.91,6647.23,0.3548,541,34,0,0,0.07310000000000005,5.666666666666629,0.0,0,0,0.05860972852503053,3.174891189265403,0.6452,0
1133,57681.83,7200.11,2104.02,0.2922,632,40,0,0,-0.010799999999999976,-6.666666666666629,0.0,0,0,0.0059943723608064355,0.4377156549080951,0.7078,0
1134,59996.33,8986.19,2766.6,0.3079,665,24,0,0,0.015199999999999991,2.0,0.0,0,0,0.007176717757985027,0.553353846699619,0.6920999999999999,1
1135,76634.21,5097.5,1742.19,0.3418,676,40,0,0,0.06443333333333334,-1.6666666666666288,0.0,0,0,0.05106104462090233,0.27280610052255155,0.6582,1
1136,29010.53,11630.04,1534.24,0.1319,657,45,0,0,0.006466666666666662,-2.3333333333332575,0.0,0,0,0.005580795443104664,0.6346274953399498,0.8681,0
1137,62475.09,7485.67,2204.57,0.2945,743,51,0,0,0.013633333333333275,-4.6666666666667425,0.0,0,0,0.007205688339391623,0.42344620863961374,0.7055,0
1138,22657.48,13043.75,7152.85,0.5484,583,54,0,0,0.12430000000000002,4.333333333333371,0.0,0,0,0.08835343796366957,3.7883383304118525,0.4516,0
1139,29198.1,12117.01,3603.07,0.2974,604,21,0,0,-0.00029999999999996696,-5.6666666666667425,-0.3333333333333333,1,48,0.0041260688850823105,1.4808100521003178,0.7026,0
1140,45587.98,14500.09,3687.3,0.2543,647,39,0,0,-0.01043333333333335,-2.0,0.0,0,0,0.006247555077343814,0.9705979512220727,0.7457,0
1141,77723.48,8358.57,2860.83,0.3423,752,47,0,0,-0.0036333333333333773,0.33333333333325754,0.0,0,0,0.004736237372054363,0.44169355251076864,0.6577,0
1142,42244.6,11136.62,2499.28,0.2244,685,35,0,0,-0.0064333333333333464,-6.333333333333371,0.0,2,47,0.004259140497539118,0.7099454129398943,0.7756000000000001,0
1143,72916.2,12856.66,1635.59,0.1272,627,52,0,0,-0.0018666666666666554,11.333333333333258,0.0,0,0,0.0016384274303259383,0.26917310552072,0.8728,0
1144,42944.44,7945.62,1329.04,0.1673,635,27,0,0,0.004833333333333356,2.0,0.0,0,0,0.0032556787993357917,0.3713747343205198,0.8327,0
1145,48488.79,11683.51,4545.16,0.389,693,24,0,0,0.036233333333333395,-1.3333333333333712,-0.3333333333333333,1,26,0.023996324950106656,1.1248356576128622,0.611,0
1146,33159.23,3592.75,762.42,0.2122,567,50,0,0,-0.015333333333333338,1.6666666666667425,0.0,0,0,0.009714179212768195,0.2759123175263434,0.7878000000000001,0
1147,83207.38,12842.25,3214.34,0.2503,665,31,0,0,-0.0017666666666666386,4.666666666666629,0.0,0,0,0.005200186962450905,0.4635656115411543,0.7497,0
1148,52171.88,13593.34,4996.69,0.3676,732,55,0,0,0.0,2.0,0.0,0,0,0.009719582181234839,1.1492834834820709,0.6324000000000001,0
1149,28884.65,8923.2,1967.02,0.2204,697,57,0,0,0.0019000000000000128,-4.0,0.0,0,0,0.008281673207215507,0.8171897526954186,0.7796,0
1150,68560.24,3072.63,401.43,0.1306,631,32,0,0,0.004566666666666663,1.0,0.0,1,43,0.004075673086879165,0.07026171435743019,0.8694,0
1151,111022.25,13193.89,2705.1,0.205,651,37,0,0,0.004466666666666647,3.6666666666667425,0.0,0,0,0.004378387577382547,0.29238463457992775,0.795,0
1152,30960.34,500.0,55.72,0.1114,687,25,0,0,0.0015666666666666607,0.33333333333337123,0.3333333333333333,1,40,0.001376589989793619,0.02159666204379022,0.8886000000000001,0
1153,30832.55,10297.92,5389.82,0.5234,585,30,0,0,0.08869999999999995,-2.6666666666666288,0.0,0,0,0.07785752122377843,2.0977129681076474,0.4766,1
1154,42681.19,11666.55,3028.82,0.2596,725,34,0,0,-0.0044000000000000705,-5.0,-0.3333333333333333,2,15,0.00622751510993305,0.8515657597593042,0.7404,0
1155,44443.93,6315.26,5204.67,0.8241,590,45,0,0,0.18833333333333324,-3.3333333333333712,0.0,0,0,0.15054101600560563,1.4052771657037681,0.17589999999999995,1
1156,42516.37,13732.92,2662.03,0.1938,619,57,0,0,0.005899999999999989,9.333333333333258,0.0,0,0,0.005991452244656548,0.7513426002968713,0.8062,0
1157,54549.29,9352.35,2409.39,0.2576,641,51,0,0,0.005399999999999988,0.0,0.0,0,0,0.005723513877952163,0.5300285300439227,0.7424,0
1158,67540.71,4728.03,1358.78,0.2874,713,21,0,0,-0.007500000000000007,-0.6666666666666288,-0.3333333333333333,1,9,0.005217704902008582,0.24141528860302197,0.7126,0
1159,30702.11,2993.74,685.14,0.2289,691,38,0,0,-0.008099999999999996,10.0,0.0,0,0,0.006441855322808803,0.2677887609935127,0.7711,0
1160,31576.02,11177.64,1848.09,0.1653,649,23,0,0,-0.004333333333333328,0.6666666666666288,0.0,1,24,0.004543248959842633,0.7023393065868316,0.8347,0
1161,40429.71,12278.63,3027.48,0.2466,625,37,0,0,0.004366666666666713,-10.0,0.3333333333333333,1,54,0.0055199134453761565,0.8985906648654397,0.7534,0
1162,51457.44,6058.69,1590.07,0.2624,724,43,0,0,-0.0025666666666666615,-0.6666666666666288,0.0,0,0,0.003772745831766432,0.3708081862515955,0.7376,0
1163,35786.38,6443.52,750.79,0.1165,785,24,0,0,0.0004666666666666708,4.0,0.0,0,0,0.0013405015645065218,0.2517572326952017,0.8835,0
1164,108863.86,13966.86,6380.47,0.4568,656,28,0,0,0.05680000000000007,-0.6666666666666288,0.0,0,0,0.04516050388460156,0.703315498748255,0.5432,0
1165,49411.56,12583.51,4265.67,0.339,688,21,0,0,0.0029333333333333433,0.33333333333337123,0.0,0,0,0.007889303588474146,1.0359527201239662,0.661,0
1166,35501.03,5808.29,834.93,0.1437,765,56,0,0,-0.0037333333333333107,2.6666666666666288,0.0,0,0,0.006110032733136541,0.2822216706561286,0.8563000000000001,0
1167,43540.63,4735.57,1145.61,0.2419,727,59,0,0,-0.001433333333333342,3.3333333333333712,0.0,0,0,0.0032180912216888927,0.3157354405806984,0.7581,0
1168,65432.22,7682.94,1697.66,0.221,686,21,0,0,0.003933333333333344,-8.666666666666629,-0.3333333333333333,1,38,0.003941763564700455,0.3113438608114454,0.779,0
1169,36520.49,3121.53,755.74,0.2421,735,21,0,0,-0.015266666666666678,3.0,0.0,0,0,0.012377847596052852,0.24832306458703385,0.7579,0
1170,15698.84,4073.88,1372.97,0.337,740,39,0,0,0.02583333333333332,-6.333333333333371,0.0,0,0,0.01796127779418828,1.0494813621519947,0.663,0
1171,53293.69,3661.06,1210.53,0.3306,723,41,0,0,0.05336666666666667,-8.666666666666742,0.0,0,0,0.04661379743285362,0.272571856006389,0.6694,1
1172,43076.31,4141.69,833.84,0.2013,663,41,0,0,-0.011100000000000054,2.3333333333332575,0.0,0,0,0.012653853168106551,0.23228730588141264,0.7987,0
1173,30536.53,10484.4,2111.33,0.2014,850,38,0,0,0.028100000000000014,8.666666666666742,0.0,0,0,0.02405665766015258,0.8296934848210874,0.7986,0
1174,47170.44,16367.61,1648.69,0.1007,631,31,0,0,-0.0023000000000000104,-0.33333333333325754,0.0,0,0,0.001757681553764636,0.4194211458482674,0.8993,1
1175,48015.53,10022.64,3318.25,0.3311,649,32,0,0,-0.005033333333333334,5.0,0.0,0,0,0.007251168488212401,0.82929418856875,0.6689,0
1176,87728.0,500.0,136.85,0.2737,753,45,0,0,-0.0021999999999999797,4.6666666666667425,0.0,0,0,0.0039971865105346205,0.018719223050512598,0.7263,0
1177,35121.98,6124.24,1227.68,0.2005,624,46,0,0,-0.0049000000000000155,-5.0,0.0,0,0,0.004436433752964706,0.41945698946831916,0.7995,0
1178,64539.96,9788.63,2258.01,0.2307,808,32,1,36,0.008966666666666678,-3.3333333333332575,0.3333333333333333,1,36,0.010791560488538151,0.41983478135037555,0.7693,0
1179,41132.14,800.73,147.66,0.1844,681,30,0,0,-0.0017666666666666941,3.3333333333333712,0.0,0,0,0.002781686139336668,0.04307872139604347,0.8156,0
1180,24578.8,12550.96,4287.38,0.3416,641,59,0,0,0.005633333333333379,-3.6666666666667425,0.0,0,0,0.004401073101465643,2.0932087805296233,0.6584,0
1181,45125.05,3552.09,1128.54,0.3177,557,46,0,0,-0.006300000000000028,1.3333333333332575,0.0,0,0,0.0042453242252833805,0.3001100274991092,0.6823,0
1182,32799.17,9615.71,2505.39,0.2606,697,43,0,0,-0.004633333333333323,1.0,0.0,0,0,0.0037965261899677604,0.9166292924180841,0.7394000000000001,0
1183,39737.12,11000.02,1320.05,0.12,695,30,0,0,-0.000733333333333322,7.333333333333371,0.0,0,0,0.0022394195676558627,0.39863482796982724,0.88,0
1184,30258.37,8207.03,1104.25,0.1345,729,46,0,0,0.0011999999999999789,-2.3333333333333712,0.0,0,0,0.005671517531588089,0.437928414344357,0.8654999999999999,0
1185,49388.11,2998.03,798.86,0.2665,636,55,0,0,0.003766666666666696,8.666666666666629,0.0,0,0,0.01086482601998046,0.1941017787008002,0.7335,0
1186,31611.92,14665.09,4694.96,0.3201,652,34,0,0,-0.0016666666666666496,-9.0,0.3333333333333333,1,56,0.006361232410294225,1.782223919920502,0.6799,0
1187,38029.52,3193.21,832.77,0.2608,675,21,0,0,0.02946666666666664,1.0,0.0,0,0,0.031804694796698035,0.26277586456118013,0.7392000000000001,0
1188,39906.53,9957.03,1081.01,0.1086,679,35,0,0,-0.002166666666666664,-9.666666666666629,-0.3333333333333333,1,15,0.0016510939134740663,0.32506258990945214,0.8914,0
1189,45477.0,14326.36,4403.41,0.3074,650,21,0,0,0.006300000000000028,-6.666666666666629,0.0,0,0,0.004562619861439291,1.161926248126677,0.6926,0
1190,45936.9,5289.85,1613.25,0.305,646,43,0,0,-0.012733333333333319,7.333333333333371,0.0,1,49,0.00878322264319882,0.4214259123916261,0.6950000000000001,0
1191,47696.85,9172.15,2376.48,0.2591,616,33,0,0,0.0003333333333332966,-2.3333333333333712,0.0,0,0,0.005105878964487878,0.5978960873270509,0.7409,0
1192,59552.77,13183.32,4436.91,0.3366,614,43,0,0,0.004466666666666674,5.666666666666629,0.0,0,0,0.00526737864385861,0.8940460702209393,0.6634,0
1193,33297.36,6947.03,1736.13,0.2499,597,44,0,0,-0.018500000000000016,-4.6666666666667425,0.0,1,51,0.00958176798809999,0.6256820358278199,0.7501,0
1194,55025.17,12249.26,5586.17,0.456,702,35,0,0,0.04136666666666672,-1.0,0.0,1,29,0.036862089076870205,1.2182432146121691,0.544,0
1195,104139.71,17340.52,3287.29,0.1896,754,45,0,0,-0.0031999999999999806,1.3333333333333712,0.0,1,8,0.003678314831549906,0.3787938337398334,0.8104,0
1196,123707.63,15524.7,2534.34,0.1632,571,23,0,0,0.005900000000000016,2.0,0.0,1,49,0.00626917059905059,0.24583835287322162,0.8368,0
1197,73509.17,3336.48,889.86,0.2667,723,42,0,0,0.0004333333333333411,8.333333333333258,0.0,0,0,0.010322063747138944,0.14526514172662836,0.7333000000000001,0
1198,65947.34,8732.62,1485.96,0.1702,639,40,0,0,-0.010433333333333322,-5.333333333333371,0.0,0,0,0.005230944252979361,0.27039028407749754,0.8298,0
1199,31198.82,12670.32,1475.89,0.1165,754,34,0,0,0.0036333333333333218,-1.0,0.0,1,44,0.0035014679461302777,0.5676714694077515,0.8835,0
1200,49177.78,9052.0,1977.19,0.2184,628,30,1,12,0.003500000000000003,-2.6666666666666288,0.3333333333333333,1,12,0.0030327380368241567,0.4824593544932383,0.7816,0
1201,81436.17,9602.48,1454.52,0.1515,701,31,0,0,-0.005399999999999988,4.0,0.0,0,0,0.00428868019066214,0.21433031535530264,0.8485,0
1202,44717.93,6952.34,3458.03,0.4974,749,48,0,0,0.07880000000000004,5.333333333333371,0.0,0,0,0.06370759373889426,0.9279579799168813,0.5025999999999999,0
1203,39980.31,5900.87,1517.41,0.2572,666,43,0,0,-0.009033333333333338,-1.3333333333333712,0.0,0,0,0.0094702311364495,0.45544719374448667,0.7428,0
1204,75620.85,5373.29,1245.02,0.2317,722,52,1,8,-0.0032666666666666677,2.6666666666666288,0.3333333333333333,1,8,0.0072357522837028475,0.1975677342641505,0.7683,0
1205,26034.24,15766.59,4414.92,0.28,718,37,0,0,0.021699999999999997,3.3333333333333712,0.0,0,0,0.013466439767065366,2.0349754775088615,0.72,0
1206,64522.09,7736.12,2753.67,0.3559,673,44,0,0,0.07040000000000002,-4.3333333333332575,0.0,0,0,0.059641554305701984,0.5121353011635918,0.6441,0
1207,34448.03,5899.54,1518.75,0.2574,621,21,0,0,0.003866666666666685,-4.333333333333371,-0.3333333333333333,1,26,0.006824771058431188,0.5290578298280426,0.7425999999999999,1
1208,48730.67,1583.66,461.94,0.2917,601,52,0,0,-0.0018000000000000238,6.0,0.0,1,38,0.010092337577478135,0.113753412350681,0.7082999999999999,0
1209,47277.04,5053.95,1439.5,0.2848,704,47,0,0,0.0006666666666667043,12.0,-0.3333333333333333,1,59,0.00422081482391466,0.3653782046341197,0.7152000000000001,0
1210,36474.82,1948.51,530.98,0.2725,699,39,0,0,-0.008866666666666634,3.3333333333332575,0.0,0,0,0.008099537023805734,0.17468927873814674,0.7275,0
1211,46781.24,3714.62,840.64,0.2263,674,60,0,0,0.01796666666666666,-2.6666666666666288,0.0,0,0,0.018986969215754258,0.21563515625948304,0.7737,0
1212,71988.66,15072.73,2230.76,0.148,784,59,0,0,-0.0029666666666666452,-2.3333333333332575,0.0,0,0,0.002443585707748165,0.3718518999455995,0.852,0
1213,24995.17,12058.36,2548.6,0.2114,593,31,0,0,0.010800000000000004,-0.33333333333325754,0.0,0,0,0.006085250839347364,1.2235643920532338,0.7886,0
1214,47200.5,17372.95,2454.99,0.1413,746,38,0,0,-0.01043333333333335,1.0,0.0,0,0,0.010090273093980697,0.6241433881528856,0.8587,0
1215,57264.27,5468.45,1712.96,0.3132,550,21,0,0,0.009433333333333349,3.0,0.0,0,0,0.0060744912910007985,0.35895891095254495,0.6868000000000001,0
1216,28447.25,14327.75,6729.41,0.4697,551,41,0,0,0.04143333333333332,2.6666666666666288,0.0,0,0,0.0447481408676507,2.838689854588255,0.5303,1
1217,41768.19,9514.89,1993.38,0.2095,667,39,0,0,0.00410000000000002,4.0,0.0,0,0,0.002882610699425861,0.5726980267310512,0.7905,0
1218,41988.1,7970.75,858.23,0.1077,742,33,0,0,0.003433333333333344,5.666666666666629,0.0,1,28,0.0018310591955963042,0.24527806681075506,0.8923,0
1219,96679.38,9524.26,2177.92,0.2287,765,21,0,0,0.007033333333333336,4.333333333333371,0.0,0,0,0.004745641275013426,0.2703269300729491,0.7713,0
1220,50681.13,12533.81,3505.33,0.2797,692,26,0,0,0.0010000000000000564,5.0,0.0,0,0,0.0030931375656443084,0.829972812169743,0.7202999999999999,0
1221,36466.12,4767.87,947.74,0.1988,681,29,0,0,0.006233333333333341,5.666666666666629,0.0,0,0,0.004575417406581016,0.3118752419028264,0.8012,0
1222,54483.82,7156.87,1027.43,0.1436,695,40,0,0,-0.001166666666666677,-0.33333333333337123,0.0,0,0,0.0026334915564280403,0.2262903004467109,0.8564,0
1223,48251.89,5240.41,1283.46,0.2449,731,63,1,38,-0.0064333333333333464,0.33333333333325754,0.3333333333333333,1,38,0.004941013166457963,0.31918998398134707,0.7551,0
1224,50273.8,11711.15,2060.47,0.1759,708,35,0,0,-0.01090000000000002,7.0,0.0,0,0,0.008272914305800046,0.49181959577549655,0.8241,0
1225,41879.72,500.0,120.8,0.2416,666,21,0,0,0.046900000000000025,4.666666666666629,0.0,0,0,0.03716186815062512,0.03461341192311312,0.7584,0
1226,34996.33,9906.68,1647.21,0.1663,572,22,0,0,0.0029000000000000137,0.33333333333337123,0.0,0,0,0.002816913204200664,0.5648169391825427,0.8337,0
1227,59246.47,3866.4,632.9,0.1637,610,26,0,0,0.0008666666666666822,1.0,-0.3333333333333333,1,37,0.002552340973389797,0.12818991576142377,0.8363,0
1228,61186.5,10036.04,2685.59,0.2676,763,57,0,0,-0.004400000000000015,6.0,0.0,0,0,0.008609168239602345,0.5267024587724346,0.7323999999999999,0
1229,55149.15,5801.57,1017.28,0.1753,732,54,0,0,0.0021000000000000463,3.0,0.0,1,22,0.004518787939751597,0.22135173429406943,0.8247,0
1230,21738.24,7965.65,2509.35,0.315,641,46,0,0,0.009466666666666679,-7.0,0.0,0,0,0.01010801387239079,1.3852179377620901,0.685,0
1231,78254.54,3066.15,366.07,0.1194,699,47,1,16,-0.012933333333333324,-0.6666666666666288,0.3333333333333333,1,16,0.007512341697352272,0.05613527342089516,0.8806,0
1232,38898.08,7587.2,1262.53,0.1664,770,72,0,0,0.004699999999999982,-3.0,0.0,0,0,0.006574382100243331,0.38948863273781476,0.8336,0
1233,27948.83,11306.26,3139.12,0.2776,713,36,0,0,0.003666666666666707,8.333333333333371,0.0,0,0,0.004188409934304167,1.3478002472313295,0.7223999999999999,0
1234,35816.54,7266.73,920.28,0.1266,712,38,0,0,-0.0040000000000000036,3.3333333333332575,0.0,0,0,0.002632858606998178,0.30833129041219576,0.8734,0
1235,51407.79,5817.71,931.68,0.1601,826,28,0,0,0.0038333333333333275,-1.3333333333332575,0.0,1,40,0.0035628094407519273,0.2174798799440754,0.8399,0
1236,76272.59,9647.71,4802.56,0.4978,593,51,0,0,0.06230000000000002,1.6666666666667425,0.0,0,0,0.04906966419738823,0.7555888687001836,0.5022,1
1237,49368.14,9014.56,1612.09,0.1788,716,27,0,0,0.0030333333333333323,6.0,0.0,0,0,0.002850877058029689,0.3918535313523612,0.8212,0
1238,78961.98,8534.62,2575.86,0.3018,650,44,0,0,-0.0009666666666666712,-8.666666666666629,0.3333333333333333,1,45,0.00635218685003659,0.3914582688441007,0.6981999999999999,0
1239,49655.73,7701.22,908.71,0.118,705,53,0,0,-0.0036333333333333356,-3.6666666666667425,0.0,0,0,0.003493247454415127,0.2196024506610772,0.882,0
1240,32854.19,7763.08,823.12,0.106,509,38,0,0,0.0016333333333333339,-1.0,0.0,0,0,0.0016125376825915653,0.30064475783430555,0.894,0
1241,42663.15,7231.14,1225.23,0.1694,638,26,0,0,-0.0016333333333333477,2.0,0.0,0,0,0.004453120004870488,0.34462434198751163,0.8306,0
1242,44598.32,7497.31,1079.4,0.144,575,34,0,0,0.01613333333333332,4.3333333333332575,0.0,0,0,0.01093206293432306,0.290432464642498,0.856,1
1243,36174.07,500.0,147.85,0.2957,606,63,0,0,0.022733333333333328,-0.33333333333325754,0.0,0,0,0.015761406804103664,0.049046181405947575,0.7042999999999999,0
1244,43882.71,4746.07,1321.83,0.2785,693,52,0,0,0.004366666666666685,3.0,-0.3333333333333333,1,55,0.004332147273581535,0.36146263518507515,0.7215,0
1245,138262.71,7414.15,1910.04,0.2576,711,52,0,0,0.0037333333333333663,-4.666666666666629,0.0,0,0,0.0037348955064960532,0.16577484990718538,0.7424,0
1246,43020.24,7640.74,1225.57,0.1604,669,21,0,0,0.02096666666666666,-4.0,0.0,0,0,0.018017591712299146,0.34185862272961975,0.8396,0
1247,34259.22,6402.36,1051.9,0.1643,796,36,0,0,-0.0035333333333333328,2.3333333333333712,0.0,0,0,0.0053279399813102694,0.36844971939170257,0.8357,0
1248,60451.89,12496.79,3888.4,0.3112,646,30,0,0,0.022366666666666646,0.6666666666667425,0.0,0,0,0.019972668825172072,0.771866685900765,0.6888000000000001,0
1249,65143.96,9699.48,1237.67,0.1276,693,49,0,0,-0.0017666666666666664,5.666666666666629,0.0,0,0,0.0028963099128220247,0.2279879822667235,0.8724000000000001,0
1250,17737.03,8160.35,1355.12,0.1661,616,51,0,0,0.0015666666666666607,2.0,0.0,0,0,0.005580123455424411,0.9168073791947304,0.8339,0
1251,35782.23,10893.83,3152.27,0.2894,598,25,0,0,0.007999999999999952,1.3333333333333712,0.0,0,0,0.003957517459777576,1.0571515522457426,0.7106,0
1252,24588.47,6467.69,2128.37,0.3291,739,32,0,0,-0.02263333333333334,2.3333333333333712,0.0,0,0,0.011214586235989456,1.0387161131837566,0.6709,0
1253,67750.54,9283.58,1231.29,0.1326,652,21,0,0,0.002366666666666656,2.0,0.0,0,0,0.0031032241298365832,0.21808652738978848,0.8674,0
1254,66859.59,5782.94,1205.6,0.2085,645,50,0,0,0.004366666666666658,-3.6666666666667425,0.0,2,53,0.0028024295015416706,0.2163818234213434,0.7915,0
1255,65960.91,11932.17,1603.03,0.1343,782,49,0,0,0.00163333333333332,5.666666666666629,0.0,0,0,0.004853721367271826,0.2916327260569996,0.8657,0
1256,19568.82,10178.1,3316.17,0.3258,650,52,1,35,-0.008566666666666611,1.6666666666666288,0.3333333333333333,1,35,0.009467766954837389,2.033543155673029,0.6742,0
1257,17209.11,8939.4,953.51,0.1067,750,30,0,0,-0.0005000000000000282,-2.0,0.0,0,0,0.0023943219870722907,0.6648873760479973,0.8933,0
1258,29879.77,11297.54,2597.9,0.23,759,33,0,0,0.013666666666666688,6.333333333333371,0.0,0,0,0.009512024553748336,1.043341363989077,0.77,0
1259,55813.55,5471.65,765.96,0.14,616,42,0,0,0.001066666666666688,10.0,0.0,0,0,0.0030565957825296084,0.16468259048248693,0.86,0
1260,38493.4,9712.2,6733.05,0.6933,612,56,2,36,0.1344333333333333,-0.33333333333337123,0.6666666666666666,2,52,0.10376921241121784,2.098972810269094,0.3067,0
1261,25057.13,6973.45,804.97,0.1154,767,41,0,0,0.0024666666666666587,0.33333333333337123,0.3333333333333333,1,19,0.002579136375697189,0.38550464460111533,0.8846,0
1262,60556.29,11974.84,5186.45,0.4331,756,45,0,0,0.03696666666666665,0.0,0.0,0,0,0.02700091562233483,1.0277611126386188,0.5669,1
1263,17925.56,5756.5,568.86,0.0988,710,46,0,0,6.66666666666732e-05,0.6666666666666288,-0.3333333333333333,1,32,0.0005932490576852529,0.38081488084222864,0.9012,0
1264,35790.04,10529.06,1473.99,0.14,737,47,0,0,0.006066666666666692,-2.3333333333333712,0.0,0,0,0.0053640003728560644,0.49421235612112896,0.86,0
1265,28555.62,8894.57,2392.21,0.269,648,36,0,0,0.04573333333333335,-2.3333333333332575,0.3333333333333333,1,53,0.040499705074371985,1.0052844234492753,0.731,1
1266,19697.16,8491.26,2548.98,0.3002,749,52,0,0,-0.005966666666666676,1.6666666666667425,0.0,0,0,0.007178227110118812,1.5529020417849666,0.6998,0
1267,61447.82,7659.1,912.89,0.1192,481,62,0,0,0.0012333333333333224,-8.666666666666686,0.0,0,0,0.004528919419807677,0.17827613734483477,0.8808,0
1268,35443.24,5299.7,1517.79,0.2864,713,33,0,0,0.004866666666666686,-3.6666666666666288,0.0,0,0,0.00827271284270028,0.5138773992962684,0.7136,0
1269,53191.29,13128.56,5671.42,0.432,646,41,0,0,0.04640000000000005,-6.6666666666667425,0.0,0,0,0.04026401757290387,1.2794771471916975,0.5680000000000001,1
1270,54634.76,7020.52,2599.74,0.3703,688,30,0,0,0.008733333333333315,4.3333333333332575,0.0,0,0,0.006931650436784712,0.5710079076607621,0.6296999999999999,0
1271,44377.64,6517.47,2057.29,0.3157,748,23,0,0,-0.006099999999999994,9.0,0.0,0,0,0.01112193778080059,0.5563044811153622,0.6843,0
1272,23854.48,6940.78,1124.22,0.162,646,50,0,0,-0.00466666666666668,-10.333333333333371,0.0,2,26,0.002911519267400504,0.565539051499489,0.838,0
1273,57231.14,3466.07,464.82,0.1341,584,62,0,0,-0.008599999999999997,4.666666666666629,0.0,0,0,0.00833213324692089,0.09746162663945643,0.8659,0
1274,47413.7,7327.08,1103.74,0.1506,668,28,0,0,-0.0013666666666666827,5.0,0.0,0,0,0.002276388465188766,0.2793471084654401,0.8493999999999999,0
1275,37572.05,2630.5,458.87,0.1744,665,29,0,0,0.002066666666666661,-4.666666666666629,0.0,1,28,0.004552471856036012,0.14655681545833452,0.8256,0
1276,51777.94,4274.57,908.12,0.2124,702,52,0,0,-0.010566666666666696,-0.6666666666666288,0.0,0,0,0.006544993846020361,0.21046491995383398,0.7876,0
1277,43905.95,12907.95,1603.49,0.1242,622,48,0,0,0.001433333333333342,0.6666666666667425,0.0,0,0,0.003773077140890594,0.43825221854306706,0.8758,0
1278,42523.14,6180.05,1845.52,0.2986,651,41,0,0,-0.01433333333333342,2.6666666666667425,0.0,0,0,0.008533968075351074,0.5208044371546962,0.7014,0
1279,65422.86,8873.3,2882.96,0.3249,640,26,0,0,0.013900000000000023,-1.6666666666666288,0.0,0,0,0.012256098255335777,0.5287986491824787,0.6751,0
1280,64883.89,10375.74,1352.81,0.1304,728,47,0,0,-0.0020999999999999908,-3.6666666666666288,-0.3333333333333333,2,26,0.0013608616551451654,0.2501964662876662,0.8696,0
1281,39573.13,14195.25,3790.49,0.267,684,43,0,0,-0.010766666666666647,3.6666666666667425,0.0,0,0,0.010205690133994407,1.1494132505113202,0.733,0
1282,40216.06,7186.17,2298.77,0.3199,749,51,0,0,-0.0008666666666666267,0.33333333333337123,0.0,0,0,0.0037629037251097125,0.6859259706636824,0.6800999999999999,0
1283,37149.07,11399.71,1499.21,0.1315,659,38,0,0,-6.666666666668708e-05,2.3333333333333712,0.0,0,0,0.0032807942805228073,0.48427914868901567,0.8685,0
1284,111052.33,6980.89,2186.42,0.3132,653,32,0,0,0.010666666666666658,8.0,0.0,0,0,0.009750256406884903,0.23625834772818272,0.6868000000000001,0
1285,44066.84,15462.57,3683.85,0.2382,654,33,0,0,-0.004033333333333333,7.0,0.0,0,0,0.006003748828856844,1.0031624683767217,0.7618,0
1286,57540.4,4712.44,825.65,0.1752,740,39,0,0,-0.0022666666666666946,3.0,0.0,0,0,0.005788806248077207,0.17218858398505632,0.8248,0
1287,44578.94,8021.97,2584.62,0.3222,674,53,0,0,0.0009333333333333416,2.6666666666666288,0.0,0,0,0.00395056254784611,0.6957419802187108,0.6778,0
1288,31358.03,9208.75,2060.54,0.2238,595,36,0,0,0.0020666666666667166,1.6666666666666288,0.0,0,0,0.004659399102888699,0.788521472507608,0.7762,0
1289,32958.71,7836.31,2668.22,0.3405,647,70,0,0,0.045599999999999974,2.6666666666666288,0.0,0,0,0.039330236460006204,0.9714773420544152,0.6595,0
1290,87026.93,17507.5,2160.86,0.1234,654,65,0,0,0.0013333333333333253,-2.6666666666667425,0.0,0,0,0.001426534261768708,0.2979574253213863,0.8766,0
1291,37582.58,9547.14,2566.94,0.2689,786,69,0,0,0.035900000000000015,4.666666666666629,0.0,0,0,0.031544175373593136,0.8196158962520564,0.7311000000000001,1
1292,39396.66,9568.92,3125.76,0.3267,728,25,0,0,0.0054333333333333456,-4.6666666666667425,-0.3333333333333333,1,36,0.0041337365394734414,0.952088831605901,0.6733,0
1293,42710.33,5458.61,1979.35,0.3626,745,48,0,0,0.010699999999999987,-2.6666666666666288,0.0,0,0,0.00594413810217913,0.5561230735825858,0.6374,0
1294,51117.55,2951.51,834.6,0.2828,520,26,0,0,-0.0008333333333332971,0.0,0.0,0,0,0.007043081711864495,0.1959248828953833,0.7172000000000001,0
1295,65693.37,14941.75,4193.14,0.2806,635,59,0,0,-0.02676666666666666,0.6666666666666288,0.0,0,0,0.014925881697388708,0.765947613751717,0.7194,1
1296,72746.58,3619.07,1181.39,0.3264,634,49,0,0,0.05456666666666665,-8.0,0.0,1,43,0.04551233349324116,0.19487761483304739,0.6736,1
1297,58780.17,8305.77,2543.75,0.3063,701,41,0,0,0.009033333333333338,5.666666666666629,0.0,0,0,0.00518507473427337,0.5193077868568312,0.6937,0
1298,31986.3,10838.14,3308.4,0.3053,726,51,0,0,-0.0011999999999999789,2.3333333333333712,0.0,0,0,0.003978728160829509,1.2411813803130036,0.6947,0
1299,79523.78,1152.1,263.17,0.2284,700,21,0,0,0.005500000000000005,-3.0,0.0,0,0,0.007053013540324435,0.03971189497686676,0.7716000000000001,0
1300,29388.43,11725.8,3388.71,0.289,556,25,0,0,0.006766666666666643,7.0,0.0,0,0,0.011601305003221745,1.3836914725759664,0.7110000000000001,0
1301,68322.43,14569.96,4345.53,0.2983,565,34,0,0,-0.003866666666666685,-1.0,0.0,0,0,0.009374433316206372,0.7632392464793938,0.7017,0
1302,28616.27,12256.66,2913.83,0.2377,684,35,0,0,0.003633333333333294,0.6666666666666288,0.0,0,0,0.009739481505706537,1.2218909028093916,0.7623,0
1303,65255.57,10530.7,4299.93,0.4083,635,22,0,0,0.07789999999999997,-6.0,0.0,0,0,0.06069662264080269,0.7907242246219183,0.5917,0
1304,32635.16,2638.44,945.95,0.3585,618,39,0,0,0.010199999999999987,3.3333333333333712,0.0,0,0,0.013668617746908833,0.3478273125005691,0.6415,0
1305,78336.72,5927.95,1391.23,0.2347,786,45,0,0,-0.00953333333333331,4.3333333333332575,0.0,0,0,0.0068392251023050845,0.21311538187254475,0.7653,0
1306,26519.33,7623.92,4053.66,0.5317,714,21,0,0,0.07249999999999995,5.333333333333371,0.0,1,16,0.06285661814355309,1.8342816344903368,0.46830000000000005,0
1307,62122.34,7260.86,2369.08,0.3263,771,30,0,0,-0.006033333333333335,3.3333333333333712,0.0,0,0,0.008407503262628638,0.4576286082351124,0.6737,0
1308,79444.24,2961.43,364.67,0.1231,560,26,0,0,-0.00046666666666668466,3.6666666666666288,0.0,1,7,0.0018768324379123554,0.05508316272317542,0.8769,0
1309,32112.4,6649.05,756.5,0.1138,574,45,0,0,-0.0058000000000000135,-4.666666666666629,0.0,2,50,0.004312224226287144,0.28269453533861266,0.8862,0
1310,61124.61,13910.99,1915.27,0.1377,750,50,0,0,0.0010666666666666602,7.6666666666667425,0.0,0,0,0.003169165680602885,0.376006325365314,0.8623000000000001,0
1311,65771.14,4907.22,621.42,0.1266,798,32,1,28,0.0048333333333333145,-10.0,0.3333333333333333,2,44,0.004214261501141093,0.1133786034214924,0.8734,0
1312,56523.82,9647.91,2871.0,0.2976,777,30,0,0,-0.015066666666666673,-0.33333333333337123,0.0,0,0,0.014944685045564192,0.6095129450324808,0.7024,0
1313,36978.11,11453.28,4448.4,0.3884,722,59,0,0,0.06223333333333336,4.333333333333371,0.0,0,0,0.045705935063184086,1.4435783760359049,0.6115999999999999,0
1314,54464.49,500.0,99.62,0.1992,700,26,0,0,0.027733333333333332,5.666666666666629,0.0,0,0,0.021336008946796454,0.021948979963580167,0.8008,0
1315,100834.37,2577.95,672.79,0.261,676,42,0,0,-0.0009000000000000119,1.6666666666667425,0.0,0,0,0.0037203643788090235,0.08006674707284032,0.739,0
1316,69719.46,15590.86,3339.22,0.2142,591,42,0,0,-0.0022999999999999687,-3.6666666666666288,0.0,0,0,0.003499285641384541,0.5747411123537546,0.7858,0
1317,54171.45,6353.33,1797.6,0.2829,575,46,0,0,0.04073333333333337,4.666666666666629,-0.3333333333333333,1,43,0.033012762683544083,0.39820237404059833,0.7171000000000001,0
1318,40364.63,7803.4,1966.5,0.252,635,25,0,0,0.00470000000000001,5.0,0.0,0,0,0.00363490027373517,0.5846207432840226,0.748,0
1319,26525.24,9889.82,1658.96,0.1677,582,57,0,0,6.666666666665932e-05,-8.333333333333371,0.0,0,0,0.0027397282914754695,0.7505123418673629,0.8323,0
1320,30573.55,6048.31,1723.65,0.285,721,40,0,0,-0.0005000000000000004,-9.666666666666742,0.3333333333333333,1,48,0.006086688572432318,0.676525951087842,0.7150000000000001,0
1321,42136.89,9361.15,1194.96,0.1277,733,23,0,0,0.001533333333333331,-1.6666666666666288,0.0,0,0,0.003619392214170774,0.3403079818163207,0.8723,0
1322,89218.69,7537.2,2291.85,0.3041,597,49,0,0,0.0012666666666666382,2.0,0.0,0,0,0.005349870195725407,0.30825603913598065,0.6959,0
1323,32968.17,10578.52,3473.46,0.3283,637,44,0,0,0.015233333333333265,-5.0,0.0,0,0,0.010070997964452174,1.2642958339764827,0.6717,0
1324,41830.31,9814.25,2347.61,0.2392,706,48,0,0,0.003066666666666662,-0.33333333333337123,0.0,0,0,0.003951300770351169,0.673466679829014,0.7608,0
1325,69459.09,5728.69,1184.79,0.2068,661,28,0,0,0.0012999999999999956,-2.0,0.0,0,0,0.005780162435241567,0.20468854396946082,0.7932,0
1326,99157.42,11559.45,2053.03,0.1776,602,46,0,0,-0.004533333333333306,-1.0,0.0,0,0,0.004736061420397526,0.2484570493768244,0.8224,0
1327,57697.84,10120.74,3401.88,0.3361,678,33,0,0,-0.00273333333333331,5.333333333333371,0.0,0,0,0.003948135987751406,0.7075231930954387,0.6638999999999999,0
1328,70000.9,9393.92,2907.8,0.3095,647,21,0,0,0.004433333333333345,-10.333333333333371,0.0,2,46,0.0043098723879019755,0.49847359096837784,0.6905,0
1329,43582.11,6839.92,688.31,0.1006,714,43,0,0,3.333333333332966e-05,-1.0,0.3333333333333333,1,54,0.0017914922395713747,0.18952088363151184,0.8994,0
1330,44206.69,18403.25,4766.5,0.259,657,31,0,0,-0.01103333333333334,-0.33333333333337123,0.0,0,0,0.006607970776098974,1.293876559961252,0.741,0
1331,29783.25,7010.7,1864.89,0.266,684,21,0,0,0.00030000000000002247,2.0,0.0,0,0,0.006621954226493701,0.7513847545510777,0.734,0
1332,63960.78,6836.24,917.18,0.1342,630,45,1,32,-0.007033333333333336,-1.3333333333333712,0.0,2,51,0.004202314177265233,0.17207670072089615,0.8658,0
1333,92992.71,10166.06,1142.11,0.1123,683,27,0,0,0.0018666666666666554,-0.6666666666666288,0.0,0,0,0.003117602355087073,0.14738058497522472,0.8877,0
1334,27788.02,6336.73,2223.93,0.351,742,58,0,0,-0.0004666666666666708,-0.33333333333337123,0.0,0,0,0.00841889409470021,0.9603836469268193,0.649,0
1335,47030.97,2209.78,1219.63,0.5519,745,51,0,0,0.1039666666666666,3.0,0.0,1,48,0.08039059508286883,0.31118983929665334,0.44810000000000005,0
1336,68413.17,4892.7,1571.73,0.3212,777,31,0,0,0.006366666666666687,5.333333333333371,0.0,0,0,0.004209447047350089,0.2756890229862427,0.6788000000000001,0
1337,20026.81,7643.89,1977.19,0.2587,677,34,0,0,-0.010800000000000032,5.6666666666667425,0.0,0,0,0.011906242526973443,1.184725874254726,0.7413000000000001,0
1338,70423.9,13542.04,3595.17,0.2655,635,38,0,0,-0.01046666666666668,-5.0,0.0,0,0,0.006214700314576696,0.6126050956088592,0.7344999999999999,0
1339,47583.43,12470.62,1584.84,0.1271,782,50,0,0,-0.0006333333333333191,5.6666666666667425,0.0,0,0,0.004069636893439561,0.3996786275223088,0.8729,0
1340,34649.98,4509.79,704.44,0.1562,678,55,0,0,0.002333333333333326,7.0,0.0,0,0,0.002647063362378101,0.24396204549244924,0.8438,0
1341,53422.13,2116.32,684.02,0.3232,694,30,0,0,-0.00030000000000002247,-4.333333333333371,-0.3333333333333333,1,51,0.004835286961494651,0.1536486845087647,0.6768000000000001,1
1342,49557.59,10974.24,1922.08,0.1751,823,41,0,0,-0.0006666666666666488,0.0,-0.3333333333333333,1,11,0.0025739614950068216,0.46541730528895753,0.8249,0
1343,38720.93,10839.47,6299.72,0.5812,639,35,0,0,0.09696666666666665,-4.333333333333371,0.3333333333333333,1,27,0.07921686654017848,1.9523456687784062,0.41879999999999995,0
1344,67044.21,3831.65,543.13,0.1417,708,27,0,0,0.007166666666666682,-5.3333333333332575,0.3333333333333333,2,26,0.004720463724866195,0.09721286892385553,0.8583000000000001,1
1345,57724.59,2591.2,350.05,0.1351,745,35,0,0,0.0016666666666666774,-7.3333333333332575,0.0,1,17,0.0015604486534327258,0.07276968098217353,0.8649,0
1346,38314.77,10164.53,3207.96,0.3156,707,33,0,0,-0.003500000000000003,1.3333333333333712,0.0,0,0,0.005472608559402403,1.0047175015782006,0.6844,0
1347,46531.92,5282.57,1296.89,0.2455,678,30,0,0,-0.011433333333333351,8.333333333333258,0.0,1,29,0.007539359683981438,0.3344517053237129,0.7545,0
1348,34518.02,15996.48,3058.49,0.1912,612,22,0,0,-0.016699999999999993,3.6666666666666288,0.0,1,15,0.009651683790924783,1.063267243811806,0.8088,0
1349,76373.23,11639.72,3913.13,0.3362,650,44,0,0,0.013033333333333341,3.6666666666667425,0.0,0,0,0.007825989465307971,0.6148431851398963,0.6638,0
1350,31025.22,8734.2,1356.82,0.1553,621,33,0,0,0.0055666666666666365,2.3333333333333712,0.0,0,0,0.003961691557908056,0.5247936998900403,0.8447,0
1351,49568.36,8165.58,2675.86,0.3277,633,32,0,0,-0.0023666666666666836,5.6666666666667425,0.0,0,0,0.0038846206736022214,0.647798716605238,0.6723,0
1352,63561.2,5391.32,3315.23,0.6149,633,59,0,0,0.12753333333333333,3.0,-0.3333333333333333,2,27,0.10659644693891068,0.6258969307138511,0.3851,0
1353,47186.03,15006.84,2187.35,0.1458,667,68,0,0,0.0004666666666666708,-1.3333333333333712,0.0,0,0,0.0028190325369609436,0.5562705740093997,0.8542,0
1354,93719.33,3926.02,929.52,0.2368,710,36,0,0,0.028200000000000003,2.6666666666667425,0.0,0,0,0.02486171755933208,0.11901749616191012,0.7632,0
1355,45497.23,9000.81,2838.95,0.3154,769,64,0,0,0.005099999999999993,2.6666666666666288,0.0,0,0,0.008586617494683195,0.7487796507834574,0.6846,0
1356,54691.17,4636.77,612.41,0.1321,767,33,0,0,-0.0071666666666666545,3.6666666666666288,0.0,0,0,0.0036290494623248243,0.1343712339375359,0.8679,0
1357,28087.02,9109.52,3081.88,0.3383,711,38,0,0,-0.008600000000000052,4.3333333333332575,-0.3333333333333333,1,38,0.006837762792024883,1.3167135560910144,0.6617,0
1358,57532.37,8523.86,1587.17,0.1862,564,34,0,0,0.0040999999999999925,5.6666666666667425,0.0,0,0,0.004457858230136978,0.33104911193520115,0.8138,0
1359,13641.11,5460.67,895.38,0.164,740,44,0,0,0.004033333333333333,0.6666666666666288,0.0,0,0,0.006343062702231821,0.7876602410322969,0.836,0
1360,31926.3,10199.18,2040.33,0.2,641,52,0,0,-0.004333333333333328,-6.666666666666629,0.0,0,0,0.004108358688224672,0.7668899932280696,0.8,0
1361,31940.26,9788.91,1099.73,0.1123,639,26,0,0,-0.0012666666666666798,0.6666666666666288,0.0,0,0,0.0018095426064186648,0.4131700867507641,0.8877,1
1362,52194.14,9246.6,1295.34,0.1401,739,51,0,0,0.0001666666666666483,4.0,0.0,0,0,0.006094054479572685,0.2978127428946285,0.8599,0
1363,43917.72,2981.29,603.83,0.2025,711,55,0,0,-0.010066666666666668,-11.0,0.3333333333333333,1,38,0.00544541091195146,0.16498943929739812,0.7975,0
1364,84820.6,9303.4,1612.82,0.1734,709,63,0,0,-0.0071666666666666545,-0.6666666666667425,0.0,0,0,0.004509834931692192,0.22817381623405059,0.8266,0
1365,32779.88,11397.23,2461.72,0.216,650,52,0,0,0.0027333333333333376,7.3333333333332575,0.0,0,0,0.004398010914038305,0.9011820662304383,0.784,0
1366,48526.5,7487.24,2493.78,0.3331,588,45,0,0,0.0008333333333333526,3.3333333333333712,0.0,0,0,0.004796613388631618,0.6166807825126444,0.6669,0
1367,32130.56,15840.36,5267.8,0.3326,715,43,0,0,0.006966666666666621,-3.0,0.0,0,0,0.005561649435594147,1.967398015359559,0.6674,0
1368,30108.88,12520.42,2904.32,0.232,758,40,0,0,0.020166666666666694,2.0,-0.3333333333333333,1,14,0.018476343734023196,1.1575269483989334,0.768,0
1369,41655.08,11681.35,3587.36,0.3071,641,55,0,0,0.00830000000000003,-0.33333333333337123,0.0,0,0,0.005116178043987324,1.033447060660996,0.6929000000000001,0
1370,78387.32,10597.77,1973.59,0.1862,698,37,0,0,0.008933333333333349,3.3333333333333712,0.0,0,0,0.006017566876330588,0.30212896673051776,0.8138,0
1371,60862.55,9917.55,2264.85,0.2284,647,21,0,0,-0.010633333333333328,0.0,0.0,0,0,0.00509111426354235,0.44655046485304006,0.7716000000000001,0
1372,43825.92,14463.75,4758.09,0.329,658,42,0,0,-0.0016000000000000458,1.6666666666666288,0.0,0,0,0.004828762206243396,1.3028153198921146,0.671,0
1373,27071.27,10405.89,5616.91,0.5398,637,40,0,0,0.09043333333333331,-4.666666666666629,0.0,0,0,0.07018599892032913,2.4898322084675755,0.46020000000000005,1
1374,59989.91,9350.13,1731.51,0.1852,700,33,0,0,-0.005166666666666708,-3.0,0.0,0,0,0.0032279164246374935,0.34636024617879363,0.8148,0
1375,46538.83,11197.67,1161.29,0.1037,737,48,0,0,-0.004699999999999996,3.0,-0.3333333333333333,1,36,0.004761506530967323,0.2994376952838468,0.8963,0
1376,26016.47,8872.5,1934.43,0.218,615,32,0,0,0.029766666666666663,5.0,0.0,0,0,0.027046200184951012,0.8922486405455089,0.782,1
1377,58435.38,9693.61,2579.22,0.2661,714,60,0,0,-0.011266666666666647,6.333333333333371,0.0,0,0,0.005606345611100981,0.5296558351061313,0.7339,0
1378,59550.56,9004.76,2361.51,0.2623,733,48,0,0,-0.0011333333333333195,-1.3333333333332575,-0.3333333333333333,1,9,0.005084535377003513,0.47586655766611774,0.7377,0
1379,62987.66,5962.78,1713.95,0.2874,647,36,0,0,-0.003333333333333355,3.0,0.0,0,0,0.004019017292821729,0.3265306251427919,0.7126,0
1380,61798.66,3244.77,685.2,0.2112,640,25,0,0,0.001533333333333331,4.0,0.0,0,0,0.00492724849969816,0.13305142859737384,0.7888,0
1381,44110.13,10379.09,4370.05,0.421,620,44,0,0,0.06400000000000006,1.0,0.0,0,0,0.04866929216662185,1.1888561649157174,0.579,0
1382,31508.1,11842.74,2953.62,0.2494,647,41,0,0,-0.014533333333333398,2.3333333333332575,0.0,0,0,0.00792786926677724,1.1248993111771644,0.7505999999999999,0
1383,23018.85,8001.55,1542.49,0.1928,790,48,0,0,-0.0014999999999999736,-2.6666666666666288,0.0,0,0,0.008722958213817127,0.8041183634434639,0.8072,0
1384,40353.76,4466.3,561.37,0.1257,743,22,0,0,0.0038666666666666433,-2.6666666666666288,0.0,1,50,0.0030444393755026753,0.16693463008147902,0.8743,0
1385,48085.5,4056.73,794.29,0.1958,653,31,0,0,0.01363333333333333,-1.6666666666667425,0.0,0,0,0.014558340488454653,0.19821942160570996,0.8042,0
1386,36567.13,10058.43,3087.01,0.3069,709,21,0,0,-0.01050000000000001,-0.6666666666666288,-0.3333333333333333,1,45,0.005629387178015037,1.0130442281864471,0.6931,0
1387,72169.39,10224.86,1075.41,0.1052,692,49,0,0,-0.0009333333333333416,2.6666666666666288,0.0,0,0,0.0012338962679253082,0.17881431446010876,0.8948,0
1388,37794.48,5004.08,771.63,0.1542,745,41,0,0,-0.00010000000000001674,0.6666666666667425,-0.3333333333333333,1,57,0.002012116077941595,0.2449976821234219,0.8458,0
1389,46416.14,8427.07,2688.03,0.319,673,52,0,0,0.04363333333333336,5.666666666666629,0.0,0,0,0.039617546617628924,0.694938441491704,0.681,0
1390,33019.69,5107.01,1583.99,0.3102,667,36,0,0,-0.0027000000000000357,7.0,0.0,0,0,0.00296057426861748,0.5756528905356824,0.6898,0
1391,49923.59,10350.64,1055.95,0.102,625,29,0,0,-3.333333333332966e-05,-0.33333333333337123,0.0,0,0,0.0009874208829065742,0.25381588136899225,0.898,0
1392,73507.12,9692.11,2333.41,0.2408,690,40,0,0,0.005400000000000016,7.0,0.0,0,0,0.005908844594710937,0.3809279971168624,0.7592,0
1393,79604.32,7670.58,5031.93,0.656,759,59,1,55,0.1218333333333333,-4.666666666666629,0.6666666666666666,2,55,0.10036150213658178,0.7585412448834121,0.344,0
1394,50483.84,5626.77,1722.65,0.3062,683,28,0,0,0.05503333333333332,-1.0,0.0,0,0,0.05025941315923924,0.4094736057139535,0.6938,0
1395,38076.13,9800.39,3088.62,0.3152,664,32,0,0,0.0020666666666667166,1.0,0.0,0,0,0.006582383897781858,0.9734035467448808,0.6848000000000001,0
1396,56376.59,10423.41,2627.18,0.252,709,52,0,0,-0.015633333333333388,-10.666666666666742,0.3333333333333333,1,29,0.009896688559535684,0.559206578356185,0.748,0
1397,72728.41,5804.42,1166.55,0.201,729,24,0,0,-0.011766666666666675,1.6666666666667425,0.0,0,0,0.008460496439334983,0.19247774009758037,0.7989999999999999,0
1398,105774.25,9961.33,2469.56,0.2479,640,41,0,0,0.0018333333333333257,-6.333333333333371,-0.3333333333333333,1,55,0.004231430018327146,0.28016951192410217,0.7521,0
1399,59706.89,11819.06,3403.68,0.288,694,40,0,0,0.0092666666666667,-8.666666666666742,0.3333333333333333,1,25,0.005859820816373157,0.6840778340957143,0.712,0
1400,51651.54,12670.77,3039.43,0.2399,775,31,0,0,0.0006666666666666765,-4.0,0.3333333333333333,1,29,0.00839753601427889,0.7061388681058944,0.7601,0
1401,32298.83,10012.23,3525.86,0.3522,679,31,0,0,0.0009999999999999454,-7.0,0.0,0,0,0.004260607677054756,1.3099644781027806,0.6477999999999999,0
1402,46499.09,584.11,123.98,0.2122,586,46,0,0,-0.002866666666666684,-9.333333333333371,0.0,0,0,0.004803846838154224,0.03199546484922726,0.7878000000000001,0
1403,65559.21,13119.7,4248.77,0.3238,623,40,0,0,0.04746666666666666,-6.3333333333332575,0.0,0,0,0.04198076279016907,0.7776975956645545,0.6762,0
1404,71215.32,5038.41,1426.09,0.283,680,38,0,0,0.00163333333333332,-2.6666666666667425,0.0,0,0,0.005225764165278709,0.24030054203388246,0.7170000000000001,0
1405,79180.72,6903.34,1993.51,0.2888,748,21,0,0,-0.0018333333333333535,8.333333333333258,0.0,0,0,0.0032601550747028934,0.30212051616068347,0.7112,0
1406,23768.58,9836.84,2867.12,0.2915,764,21,0,0,0.004933333333333345,-3.0,0.0,0,0,0.007990845456590377,1.447517688588455,0.7085,0
1407,32594.88,8856.07,3116.65,0.3519,538,32,0,0,0.03626666666666667,3.6666666666666288,0.0,0,0,0.02899007492995568,1.1474133356598042,0.6481,0
1408,54861.53,11354.55,2463.29,0.2169,609,50,0,0,0.004966666666666675,-1.6666666666667425,-0.3333333333333333,1,59,0.005146627806416312,0.5388015972856458,0.7831,0
1409,19586.13,500.0,127.47,0.2549,608,27,0,0,-0.015466666666666629,-1.3333333333333712,0.0,0,0,0.008471865201949329,0.07809812347119223,0.7451,0
1410,22262.41,5060.8,623.81,0.1233,747,22,0,0,0.0052666666666666695,5.0,0.0,0,0,0.0025108652780355357,0.33624930975420037,0.8767,0
1411,53246.2,8876.12,1947.45,0.2194,641,43,0,0,0.001266666666666666,4.0,0.0,1,37,0.0031756014303505483,0.4388932918167546,0.7806,0
1412,32382.12,1932.97,433.44,0.2242,668,33,0,0,0.033,-0.33333333333325754,0.0,0,0,0.027827434504659455,0.16062197280698537,0.7758,0
1413,27169.44,2602.06,332.71,0.1279,666,35,0,0,0.0034666666666666596,-3.6666666666666288,0.0,0,0,0.0034907019351414115,0.14694892490373793,0.8721,0
1414,51663.57,13981.19,2912.04,0.2083,693,34,0,0,-0.012866666666666665,-1.3333333333332575,0.0,0,0,0.008625833293079574,0.6763853135175013,0.7917,0
1415,39137.83,7662.66,2624.77,0.3425,652,54,0,0,-0.0030000000000000027,8.666666666666629,-0.3333333333333333,1,38,0.004044165893948691,0.8047773724384482,0.6575,0
1416,37594.61,2842.52,382.2,0.1345,639,31,0,0,0.006033333333333363,4.333333333333371,0.0,0,0,0.0036068607464725504,0.12199621165204388,0.8654999999999999,0
1417,53067.61,6255.55,2056.65,0.3288,733,25,0,0,-0.005099999999999993,1.3333333333333712,0.0,0,0,0.0060853877809425114,0.4650633407914778,0.6712,0
1418,23626.38,5618.17,1076.56,0.1916,651,34,0,0,0.0004999999999999727,0.6666666666666288,0.0,0,0,0.004024335693972084,0.5467921870992718,0.8084,0
1419,43569.31,10831.0,8291.82,0.7656,617,50,0,0,0.18036666666666668,-2.6666666666666288,-0.6666666666666666,3,33,0.1361058023908035,2.2837598293981447,0.23440000000000005,0
1420,54487.96,11482.41,1243.77,0.1083,713,21,0,0,0.0010333333333333306,4.0,0.0,0,0,0.002516445906432323,0.2739181279077613,0.8917,0
1421,33162.63,6281.93,1455.14,0.2316,696,37,0,0,-0.008000000000000007,2.6666666666666288,0.0,0,0,0.006730238562719085,0.5265468991356066,0.7684,0
1422,38173.81,12801.68,8131.06,0.6352,606,51,1,27,0.11536666666666656,-5.666666666666629,0.3333333333333333,1,27,0.09543924041562307,2.5560120923043277,0.3648,1
1423,55541.65,12665.48,3688.84,0.2913,542,24,0,0,-0.0031333333333333213,7.6666666666667425,0.0,1,51,0.003607630801509506,0.7969889261560672,0.7087,0
1424,49622.24,5161.48,1881.22,0.3645,607,41,0,0,0.04959999999999998,3.0,0.0,0,0,0.03679344370944368,0.4549298861667841,0.6355,0
1425,44187.18,4673.56,977.26,0.2091,632,46,0,0,-0.005900000000000016,4.666666666666629,0.0,1,13,0.004031576752476771,0.26539643391624546,0.7908999999999999,0
1426,46792.95,16812.94,3971.85,0.2362,661,27,0,0,0.0004999999999999727,4.333333333333371,0.0,0,0,0.002642442052344761,1.0185765160729785,0.7638,0
1427,46138.29,9053.38,1165.27,0.1287,628,58,0,0,0.005233333333333326,1.0,0.0,0,0,0.00450881851979479,0.3030723504569227,0.8713,0
1428,92519.8,6768.39,1142.69,0.1688,591,41,0,0,0.007300000000000029,5.0,0.0,0,0,0.004288939262801477,0.1482091400783561,0.8311999999999999,0
1429,38347.14,9107.23,1819.21,0.1998,849,40,0,0,0.008933333333333321,-1.0,0.0,0,0,0.004534864937349294,0.5692867836602302,0.8002,0
1430,30655.32,6658.52,1119.68,0.1682,596,48,0,0,-0.007633333333333353,3.3333333333333712,0.0,0,0,0.008893833694070173,0.43829782219661795,0.8318,0
1431,47913.22,11213.02,2317.1,0.2066,646,21,1,55,-0.003799999999999998,-4.333333333333371,0.3333333333333333,1,55,0.005943787606493962,0.5803241776076855,0.7934,0
1432,35299.87,2810.33,896.09,0.3189,753,40,0,0,-0.009500000000000064,-4.333333333333371,0.0,0,0,0.006542001053024808,0.3046209517583081,0.6811,0
1433,42407.39,7993.71,1786.51,0.2235,641,35,0,0,0.0003999999999999837,-6.333333333333371,0.0,2,54,0.002951741482206361,0.5055279278902489,0.7765,0
1434,51877.66,4506.02,1173.09,0.2603,623,64,0,0,-0.005266666666666642,3.3333333333333712,0.0,0,0,0.009446883671937037,0.27135148340815257,0.7397,0
1435,37542.03,13345.74,2576.64,0.1931,607,28,2,37,-0.005333333333333301,-0.33333333333337123,0.6666666666666666,2,37,0.004157757141109191,0.8236017069433054,0.8069,0
1436,43575.0,13507.44,2140.27,0.1585,678,24,0,0,0.0016666666666666774,-2.3333333333332575,0.3333333333333333,1,30,0.005786718509752401,0.5894030979443985,0.8415,0
1437,65007.94,10521.8,1736.52,0.165,781,36,0,0,0.00743333333333332,2.3333333333333712,0.0,0,0,0.003876782744034593,0.3205491513214141,0.835,0
1438,34948.59,500.0,87.98,0.176,568,39,0,0,0.0014666666666666717,4.0,0.0,0,0,0.0036370012067330525,0.030208944041447534,0.8240000000000001,0
1439,30277.27,7206.22,1949.99,0.2706,697,41,0,0,-0.0018666666666666276,4.0,0.0,0,0,0.00298207608517586,0.7728530343299037,0.7294,0
1440,48793.31,7560.69,1542.35,0.204,803,60,0,0,-0.007566666666666694,-3.0,0.0,0,0,0.005351868832473394,0.3793183941701881,0.796,0
1441,30588.48,12070.17,2743.61,0.2273,736,51,0,0,0.004866666666666686,-1.0,0.0,0,0,0.00923346871140225,1.076330696624482,0.7726999999999999,0
1442,31702.15,13124.56,2006.69,0.1529,722,25,0,0,0.001600000000000018,-5.0,0.0,0,0,0.003743475806134078,0.7595787664522771,0.8471,0
1443,36656.72,9322.93,1166.27,0.1251,748,57,0,0,0.002600000000000005,0.0,0.0,0,0,0.0028111879655721653,0.38179193325039706,0.8749,0
1444,21448.11,11788.35,1528.41,0.1297,661,39,0,0,-0.006399999999999989,-0.6666666666667425,0.0,0,0,0.005211285829812058,0.8551298920855237,0.8703,0
1445,39918.34,11982.9,3884.22,0.3241,724,28,0,0,0.019266666666666654,-2.3333333333333712,0.0,1,34,0.009151654373815592,1.167649756627861,0.6759,0
1446,40859.48,14500.98,2244.65,0.1548,671,24,0,0,0.0026333333333333486,-1.0,0.0,0,0,0.002569046515733027,0.6592301221672239,0.8452,0
1447,57713.39,8129.06,1235.11,0.1519,649,44,0,0,3.333333333332966e-05,10.0,0.0,0,0,0.0021678202057468787,0.25680903507692565,0.8481,0
1448,51324.76,5785.66,828.01,0.1431,606,61,0,0,0.001799999999999996,0.6666666666666288,0.0,0,0,0.005471085612360482,0.1935931117393804,0.8569,0
1449,13550.5,11059.18,2189.87,0.198,642,35,0,0,-0.017466666666666658,3.0,0.0,1,44,0.012349268984212985,1.9392967032012425,0.802,0
1450,47915.72,2281.76,419.14,0.1837,565,34,0,0,-0.009866666666666662,6.666666666666629,0.0,0,0,0.004959586676326965,0.10496930858474772,0.8163,0
1451,55711.41,9130.88,3030.63,0.3319,644,21,0,0,-0.01529999999999998,-5.3333333333332575,0.0,0,0,0.007683423716026599,0.6527847705194785,0.6681,0
1452,52656.4,11383.31,3898.06,0.3424,608,39,0,0,-0.00660000000000005,3.3333333333333712,0.0,0,0,0.0034263683398023685,0.8883387392480292,0.6576,0
1453,70658.16,11776.92,3487.83,0.2962,743,51,0,0,0.027766666666666717,7.0,0.0,0,0,0.015129120191794966,0.592344323612331,0.7038,0
1454,63341.99,11038.99,2392.19,0.2167,634,26,0,0,0.0018000000000000238,3.0,0.0,0,0,0.0058231100892144425,0.4531951079301686,0.7833,0
1455,29111.42,500.0,303.09,0.6062,720,25,0,0,0.11883333333333335,11.0,0.0,0,0,0.09373487581708553,0.12493653688142872,0.39380000000000004,1
1456,64991.29,14108.22,3442.24,0.244,686,30,0,0,0.026600000000000013,2.0,-0.3333333333333333,2,45,0.025253168118079768,0.6355756285553509,0.756,0
1457,85544.08,13583.47,2285.65,0.1683,747,42,0,0,0.0020000000000000018,-1.6666666666666288,0.0,0,0,0.005062964656316596,0.32062768102892064,0.8317,0
1458,54540.49,9162.42,2219.4,0.2422,679,47,0,0,0.03596666666666662,1.3333333333332575,0.0,1,12,0.03108622864084853,0.48831244446355815,0.7578,1
1459,66966.12,10735.51,1748.16,0.1628,678,35,0,0,-0.0014666666666666717,-1.0,0.0,0,0,0.003440364967719436,0.3132616910796215,0.8371999999999999,0
1460,57759.36,7019.97,1985.81,0.2829,723,28,0,0,-0.0040999999999999925,-1.6666666666666288,0.0,1,57,0.011365408043708804,0.4125689757478125,0.7171000000000001,0
1461,32467.26,8476.97,1102.64,0.1301,679,37,0,0,9.999999999998899e-05,-4.333333333333371,-0.6666666666666666,2,49,0.0025807513979029047,0.4075391639180372,0.8699,0
1462,39325.64,8317.07,1625.43,0.1954,714,36,0,0,0.0024000000000000132,6.666666666666629,0.0,0,0,0.0030310889132455256,0.4959909106132312,0.8046,0
1463,44573.07,7665.84,1477.11,0.1927,690,41,0,0,-0.010699999999999987,-0.33333333333325754,0.0,1,19,0.006576811115156381,0.39766881651248104,0.8073,0
1464,73325.5,14178.3,4164.64,0.2937,606,67,0,0,-0.014666666666666661,-2.6666666666666288,0.0,0,0,0.009829349475479598,0.6815593482734014,0.7062999999999999,0
1465,59881.52,7848.64,2313.19,0.2947,642,57,0,0,0.00020000000000003348,-5.666666666666629,0.0,0,0,0.004068408097087157,0.46355336328198354,0.7053,0
1466,69821.77,14794.65,4323.09,0.2922,674,34,0,0,0.06536666666666666,6.666666666666629,0.0,1,13,0.051497802002717655,0.7429929088174659,0.7078,0
1467,31864.61,7083.73,1634.0,0.2307,639,21,0,0,-0.002766666666666695,1.6666666666666288,0.0,0,0,0.0049050993873722745,0.6153535220614895,0.7693,0
1468,40810.07,3953.03,2159.05,0.5462,683,41,0,0,0.06976666666666659,-2.0,0.0,0,0,0.0644197455064137,0.6348580140240315,0.4538,0
1469,27403.15,8904.86,2240.04,0.2516,624,42,0,0,0.05446666666666666,3.3333333333333712,0.0,0,0,0.04274562680685723,0.9809266448648744,0.7484,0
1470,32489.93,4999.4,964.72,0.193,846,39,0,0,0.002366666666666656,-3.3333333333333712,0.3333333333333333,1,50,0.001936993661436318,0.35631471030329165,0.8069999999999999,0
1471,68052.88,10982.71,4091.91,0.3726,730,21,0,0,-0.003166666666666651,5.3333333333332575,0.0,0,0,0.011869919966031787,0.7215406606060096,0.6274,0
1472,58000.91,5854.51,1699.27,0.2903,648,43,0,0,0.003766666666666696,3.6666666666666288,0.0,0,0,0.012315538965063634,0.35156758740132155,0.7097,0
1473,51687.44,9505.9,1000.56,0.1053,680,40,0,0,-0.0064333333333333464,-3.3333333333333712,0.0,0,0,0.003953093022488143,0.23229473150948202,0.8947,0
1474,23144.58,6611.78,1340.81,0.2028,704,35,0,0,0.0012333333333333363,8.333333333333371,0.0,0,0,0.003691694883263125,0.6951830619375162,0.7972,0
1475,49101.63,16951.92,3860.22,0.2277,718,21,1,19,0.01936666666666667,-6.0,0.3333333333333333,1,19,0.01893376613355092,0.9434033043033228,0.7723,1
1476,33985.35,4265.46,956.38,0.2242,672,33,0,0,-0.0027666666666666673,7.333333333333371,-0.3333333333333333,1,15,0.003029484738000464,0.33769138749336713,0.7758,0
1477,28387.34,3519.99,943.84,0.2681,682,29,0,0,0.03376666666666667,-2.0,0.0,0,0,0.03401525801427615,0.3989834903591601,0.7319,0
1478,42381.97,13242.82,3148.6,0.2378,615,27,0,0,-0.004533333333333334,11.0,-0.3333333333333333,1,43,0.005119081948943586,0.8914923017807358,0.7622,0
1479,56838.69,15864.21,3311.75,0.2088,648,28,0,0,-0.0007666666666666655,-1.3333333333333712,0.0,0,0,0.0057390717406601965,0.6991892316942865,0.7912,0
1480,37907.93,10759.62,1540.56,0.1432,785,38,0,0,0.003799999999999998,2.3333333333332575,0.0,0,0,0.0029962476533157267,0.4876742147130669,0.8568,0
1481,36326.19,2471.14,281.9,0.1141,729,40,0,0,-0.000800000000000009,7.333333333333371,-0.3333333333333333,1,31,0.0045110974274559824,0.09312289559908497,0.8859,0
1482,56825.75,12141.02,1623.43,0.1337,644,47,1,34,0.0022666666666666946,1.6666666666667425,0.3333333333333333,1,34,0.0021587676525688907,0.34282275193703776,0.8663,0
1483,29022.33,8773.66,2071.6,0.2361,713,33,0,0,0.00626666666666667,-0.33333333333325754,0.0,1,41,0.0052669040030911725,0.8565542459796077,0.7639,0
1484,113543.28,4313.19,855.87,0.1984,706,41,0,0,-0.004733333333333312,-3.6666666666666288,0.0,0,0,0.0031342640461695416,0.09045396609041549,0.8016,0
1485,71024.78,10949.17,3223.64,0.2944,653,32,0,0,0.001966666666666672,-13.0,0.0,1,56,0.0053317445550213815,0.5446504726021565,0.7056,0
1486,60297.77,7936.42,1570.23,0.1979,688,47,0,0,-0.004366666666666658,0.33333333333337123,0.3333333333333333,1,58,0.0029921192786681737,0.3124951386469194,0.8021,0
1487,46201.69,4445.94,1234.05,0.2776,774,43,0,0,-0.0037000000000000366,6.3333333333332575,0.0,0,0,0.005983402970811117,0.32052074277269405,0.7223999999999999,0
1488,49503.02,9214.75,2870.86,0.3116,652,21,0,0,-0.005199999999999927,2.3333333333333712,0.0,0,0,0.004388273515227204,0.6959236020680944,0.6884,0
1489,40664.07,7494.83,2204.01,0.2941,601,21,0,0,-0.006000000000000061,-9.333333333333371,0.0,0,0,0.006777351990268777,0.650405136332766,0.7059,0
1490,65676.77,7260.4,1867.57,0.2572,572,34,0,0,-0.002533333333333332,0.0,0.0,0,0,0.011565009487434278,0.34122932653212457,0.7428,0
1491,98328.49,4070.33,564.86,0.1388,716,48,0,0,-0.002433333333333343,12.333333333333371,0.0,0,0,0.0015406528197848823,0.06893546315185735,0.8612,0
1492,69722.06,13797.28,5004.49,0.3627,647,25,1,33,0.005366666666666686,0.0,0.3333333333333333,1,33,0.004503825534414555,0.8613325537091705,0.6373,0
1493,50400.04,10434.29,1878.13,0.18,730,37,0,0,-0.006300000000000028,3.6666666666667425,0.0,0,0,0.004673863498220733,0.4471734545177726,0.8200000000000001,0
1494,60853.2,8987.69,2406.12,0.2677,725,46,0,0,-0.006700000000000039,10.333333333333258,0.0,0,0,0.007658510153925374,0.47447693784889333,0.7323,0
1495,31100.38,19088.91,6457.87,0.3383,689,50,0,0,0.015266666666666595,3.0,0.3333333333333333,1,39,0.010234989008298917,2.491752189847808,0.6617,0
1496,26468.91,9010.88,2325.29,0.2581,681,45,0,0,0.0040000000000000036,6.666666666666629,0.0,0,0,0.00530259370497118,1.0541983023611332,0.7419,0
1497,55905.79,10751.2,2333.51,0.217,734,25,0,0,-0.008600000000000024,5.333333333333371,0.0,0,0,0.005464837092214586,0.5008804990322011,0.783,0
1498,34664.96,11064.22,3139.62,0.2838,592,29,0,0,0.0056333333333333235,-5.0,0.0,0,0,0.016791069054708806,1.0868450443028885,0.7162,0
1499,41796.99,4173.93,594.12,0.1423,655,34,0,0,0.002899999999999986,9.333333333333258,0.0,0,0,0.0021130546609115244,0.17057304839303317,0.8577,0
1500,100257.68,500.0,129.55,0.2591,625,38,0,0,0.0021333333333333204,4.333333333333371,0.0,0,0,0.004309034436828947,0.015506044023898496,0.7409,0
1501,23611.94,7624.42,1483.09,0.1945,743,31,0,0,-6.666666666665932e-05,6.333333333333371,0.0,0,0,0.0024050872010063285,0.7537322215351729,0.8055,0
1502,42262.64,12114.19,2067.76,0.1707,632,45,0,0,-0.007566666666666666,-3.6666666666666288,0.0,0,0,0.005984934790325152,0.5871171321279172,0.8293,0
1503,51645.79,3241.18,951.14,0.2935,790,70,1,50,0.0030000000000000027,-4.333333333333371,0.3333333333333333,1,50,0.0088345596633021,0.220999233380843,0.7065,0
1504,36192.76,6528.76,897.77,0.1375,704,36,0,0,-0.011833333333333362,-0.6666666666667425,0.0,1,14,0.01043898941468954,0.29766284738793186,0.8625,0
1505,94661.84,5396.51,983.3,0.1822,788,41,0,0,-0.007700000000000012,-2.0,0.0,0,0,0.006517433884930812,0.12465001735128113,0.8178,0
1506,71139.9,17913.18,5035.71,0.2811,667,53,0,0,-0.012566666666666615,5.333333333333371,0.0,0,0,0.013463190557962093,0.8494321750495406,0.7189,0
1507,45178.24,8316.32,2475.48,0.2977,662,24,0,0,0.05180000000000001,6.0,0.0,0,0,0.04537937306750722,0.6575236218168242,0.7022999999999999,0
1508,36457.87,6823.75,638.3,0.0935,633,48,0,0,-0.005633333333333337,3.3333333333333712,0.0,0,0,0.00725723776653349,0.21009455564680174,0.9065,0
1509,64728.57,2233.23,786.36,0.3521,708,36,0,0,-0.0055333333333333345,-2.0,0.0,1,44,0.006508925495894931,0.14578292086864586,0.6478999999999999,0
1510,62288.01,1213.32,269.38,0.222,691,26,0,0,0.00743333333333332,1.3333333333332575,0.0,0,0,0.004668511540094969,0.0518969862639252,0.778,0
1511,55030.33,13704.9,2339.9,0.1707,648,39,0,0,-0.0010999999999999899,-8.333333333333371,0.0,0,0,0.004389191269470951,0.5102422608382885,0.8293,0
1512,37657.05,5093.65,747.75,0.1468,657,55,0,0,0.008000000000000007,2.3333333333333712,0.0,0,0,0.005069544139050146,0.23828207459534442,0.8532,0
1513,62619.72,2208.53,727.06,0.3292,655,32,0,0,-0.0001666666666666483,-0.6666666666666288,0.0,0,0,0.005174483334380118,0.13932863318980115,0.6708000000000001,0
1514,91123.44,4905.13,1608.68,0.328,734,26,0,0,0.05273333333333341,2.0,0.0,0,0,0.039060785962394554,0.21184626038544907,0.6719999999999999,1
1515,47171.41,9006.47,2500.04,0.2776,530,54,2,48,0.05613333333333331,-6.6666666666667425,0.6666666666666666,2,48,0.04468769405552271,0.6359886209118645,0.7223999999999999,1
1516,48093.58,13061.93,3693.37,0.2828,676,35,0,0,0.04923333333333335,1.0,0.0,0,0,0.038534241627126625,0.9215458693019203,0.7172000000000001,0
1517,62781.45,4211.83,1099.79,0.2611,730,37,0,0,0.001233333333333364,6.0,0.0,0,0,0.0036670075599110103,0.21021304855936657,0.7389,0
1518,138366.96,13852.34,2430.72,0.1755,794,21,0,0,-0.003899999999999987,5.3333333333332575,0.0,0,0,0.002988310559496802,0.21080639480314028,0.8245,0
1519,89130.86,14661.74,5040.97,0.3438,777,32,0,0,0.011733333333333318,9.333333333333258,0.0,0,0,0.010079944334061458,0.6786834547748759,0.6562,0
1520,30946.76,500.0,72.87,0.1457,763,48,0,0,0.0001666666666666483,4.0,0.0,0,0,0.002785129161178058,0.028256269789177443,0.8543000000000001,0
1521,87861.14,9157.07,2313.21,0.2526,677,21,0,0,0.04379999999999998,2.3333333333333712,-0.3333333333333333,1,48,0.03660283458968717,0.3159362602876398,0.7474000000000001,0
1522,23551.89,8334.16,1992.9,0.2391,644,30,0,0,-0.004299999999999998,4.666666666666629,0.0,0,0,0.0066215557084419235,1.0154089539232347,0.7609,0
1523,48195.49,10392.88,3792.59,0.3649,678,54,0,0,0.0022000000000000353,2.6666666666666288,0.0,1,42,0.01018295143855651,0.9443016346273975,0.6351,0
1524,12019.17,11355.43,3538.08,0.3116,591,46,0,0,-0.006699999999999984,-1.0,0.0,0,0,0.005151644829027378,3.5324369284743256,0.6884,0
1525,36929.11,11345.75,3758.55,0.3313,685,30,0,0,0.001966666666666672,-8.333333333333258,0.6666666666666666,2,55,0.0049189542700772545,1.221329189502375,0.6687000000000001,0
1526,67641.0,10350.3,1991.79,0.1924,758,40,0,0,0.005766666666666642,8.666666666666629,0.0,0,0,0.003954427897939222,0.35335787459912926,0.8076,0
1527,52108.4,6462.09,677.35,0.1048,737,32,0,0,-0.0020000000000000018,3.3333333333333712,0.0,0,0,0.0042548338523508865,0.15598636684542536,0.8952,0
1528,32577.18,2999.82,1201.24,0.4004,626,28,0,0,0.037166666666666626,6.333333333333371,0.0,0,0,0.04231218631920491,0.4424839717461792,0.5996,0
1529,43176.38,9868.72,5596.41,0.5671,784,42,1,37,0.07480000000000003,-7.666666666666629,0.3333333333333333,1,37,0.06594622809532022,1.5554087670465913,0.43289999999999995,0
1530,47775.26,3439.93,1690.93,0.4916,684,39,0,0,0.07456666666666667,-1.3333333333332575,0.0,0,0,0.061739897959099316,0.4247210793809044,0.5084,1
1531,102874.61,7886.6,1022.7,0.1297,662,26,0,0,0.006400000000000003,-1.3333333333332575,0.0,0,0,0.007086920660233498,0.1192947414193693,0.8703,0
1532,67563.86,8018.85,4150.78,0.5176,631,51,0,0,0.0789333333333333,0.33333333333337123,0.0,0,0,0.06972384814394568,0.7372189805489705,0.48240000000000005,0
1533,71154.18,2108.1,447.87,0.2125,673,46,0,0,0.001333333333333353,-4.333333333333371,-0.3333333333333333,1,43,0.0040200884456826555,0.07553231586807145,0.7875,0
1534,62059.64,12055.49,1502.93,0.1247,738,21,0,0,-0.004033333333333333,-1.6666666666667425,0.0,0,0,0.002887809627458933,0.2906101291678888,0.8753,0
1535,58342.97,2649.01,397.22,0.1499,676,45,0,0,-0.006233333333333341,-1.3333333333333712,0.0,0,0,0.010259318257618841,0.08170033165983144,0.8501,0
1536,44970.86,17067.72,2046.25,0.1199,720,34,0,0,-0.0005999999999999894,0.6666666666666288,0.0,0,0,0.002664009092410242,0.5460202449641336,0.8801,0
1537,42296.5,10378.89,3071.56,0.2959,716,39,0,0,-0.008066666666666722,-5.333333333333371,0.0,0,0,0.009451983918733696,0.8714366434466861,0.7041,0
1538,65206.38,5900.16,1686.26,0.2858,731,33,0,0,0.00759999999999994,-0.6666666666666288,0.0,0,0,0.00697485563371109,0.3103242350867524,0.7142,0
1539,38844.23,2776.99,360.84,0.1299,630,31,0,0,-0.00030000000000002247,3.3333333333333712,0.0,0,0,0.001675891139397507,0.11147292657525518,0.8701,0
1540,37067.91,5062.16,1475.15,0.2914,658,43,0,0,-0.004533333333333334,-0.6666666666667425,0.0,0,0,0.004045814023297554,0.47755052805160564,0.7086,0
1541,35820.26,5066.15,1569.03,0.3097,670,21,0,0,0.006166666666666709,-5.333333333333371,-0.3333333333333333,1,22,0.008042767627571458,0.5256343754537903,0.6903,0
1542,61208.97,11711.83,4179.97,0.3569,645,37,0,0,0.01483333333333342,8.0,0.0,0,0,0.01089151045539597,0.8194818502936124,0.6431,0
1543,71629.93,4171.14,1051.95,0.2522,658,53,0,0,0.0033666666666666845,2.0,0.0,0,0,0.007137946327745668,0.17623080181545944,0.7478,0
1544,29048.21,11871.51,1249.87,0.1053,833,27,0,0,-0.0014999999999999875,2.6666666666666288,0.0,0,0,0.004587210481327408,0.5163292331542649,0.8947,0
1545,57552.0,11114.26,3955.62,0.3559,644,31,0,0,0.046533333333333315,-2.0,-0.3333333333333333,1,42,0.03569180578228007,0.8247748121716482,0.6441,1
1546,36636.87,13002.24,3973.28,0.3056,603,54,0,0,-0.006166666666666654,6.666666666666629,0.0,0,0,0.004231265899362867,1.3014037494028052,0.6944,0
1547,53532.31,500.0,88.23,0.1765,811,44,0,0,6.666666666665932e-05,4.0,0.0,0,0,0.004995247741604017,0.019777962127221195,0.8235,0
1548,40274.52,3950.42,784.91,0.1987,651,45,0,0,-0.010233333333333344,5.666666666666629,0.0,0,0,0.010207227831296814,0.23386796409227437,0.8013,0
1549,20929.26,3770.86,622.69,0.1651,681,51,0,0,-0.0005333333333333024,1.3333333333333712,0.0,0,0,0.001987460691435173,0.35702552291460354,0.8349,0
1550,24321.41,5106.58,793.37,0.1554,624,33,0,0,0.0004333333333333689,-8.333333333333371,0.3333333333333333,1,8,0.002624140070787209,0.3914427656662458,0.8446,0
1551,83070.64,19450.74,4458.01,0.2292,633,43,0,0,0.008500000000000035,-4.333333333333371,0.3333333333333333,1,6,0.007582289305421633,0.643983481916983,0.7708,0
1552,58858.05,12719.12,3804.42,0.2991,738,47,0,0,0.006666666666666654,-4.0,0.0,0,0,0.004467412872992345,0.775646491698115,0.7009000000000001,0
1553,87194.63,1075.61,417.33,0.388,554,31,0,0,0.07853333333333334,5.666666666666629,-0.3333333333333333,1,56,0.0637447535967558,0.057434270886989124,0.612,0
1554,49086.24,11901.47,1643.26,0.1381,631,36,0,0,-0.0038333333333333552,1.6666666666666288,0.0,0,0,0.003785425265996456,0.401723986094256,0.8619,0
1555,27711.25,16298.2,4541.95,0.2787,682,21,0,0,0.04506666666666673,-1.6666666666666288,0.0,1,41,0.03650563122466328,1.966832964099346,0.7213,1
1556,55453.78,6294.85,1773.34,0.2817,783,25,0,0,0.012799999999999978,-7.666666666666629,0.3333333333333333,1,41,0.009948869282486346,0.3837444443894548,0.7182999999999999,0
1557,37544.85,6672.64,2433.49,0.3647,767,50,1,18,0.002366666666666739,1.0,0.3333333333333333,1,18,0.010135183493378119,0.777786567016956,0.6353,0
1558,43298.59,1370.5,406.32,0.2965,667,23,0,0,-0.011066666666666669,1.6666666666667425,0.0,0,0,0.005935065290289549,0.11260967155393939,0.7035,0
1559,25081.31,6963.91,2227.74,0.3199,652,27,0,0,0.02030000000000004,-7.666666666666629,0.0,0,0,0.011733818645266321,1.0658486333931447,0.6800999999999999,0
1560,68261.29,7504.56,2423.32,0.3229,643,59,0,0,0.011433333333333295,1.3333333333333712,0.0,0,0,0.01249814430670054,0.42600777094731007,0.6771,0
1561,54208.68,3863.39,2002.48,0.5183,705,57,0,0,0.0706,4.3333333333332575,-0.3333333333333333,1,59,0.0525459322878565,0.4432825148053892,0.4817,0
1562,94637.83,4066.81,1095.89,0.2695,606,34,0,0,-0.0016999999999999238,2.0,0.0,0,0,0.0021840329667841716,0.1389579621419099,0.7304999999999999,0
1563,112900.69,9849.58,1660.63,0.1686,725,61,0,0,-0.00216666666666665,3.6666666666666288,0.0,0,0,0.004162064124659507,0.1765052100025424,0.8314,0
1564,21967.07,8289.02,2422.73,0.2923,676,32,0,0,0.03230000000000002,-1.3333333333332575,0.0,0,0,0.0300627861501743,1.3234700842724294,0.7077,0
1565,37322.53,11476.69,1479.1,0.1289,788,25,0,0,-0.009199999999999986,5.0,0.0,0,0,0.00771510063302986,0.4755626157790817,0.8711,0
1566,51696.32,12112.05,3979.86,0.3286,565,28,0,0,0.06140000000000001,5.0,0.0,0,0,0.04836513321713392,0.9238243648467455,0.6714,1
1567,45007.79,12203.99,1580.05,0.1295,635,50,1,36,0.0037333333333333107,3.0,0.3333333333333333,1,36,0.005948202342818465,0.4212737393892194,0.8705,0
1568,41933.36,10129.99,2496.62,0.2465,710,36,0,0,-0.003233333333333366,-5.666666666666629,-0.3333333333333333,1,36,0.005363301222195158,0.7144535995070883,0.7535000000000001,0
1569,46623.85,4642.28,2091.79,0.4506,578,40,1,35,0.04830000000000001,-10.333333333333371,0.6666666666666666,2,57,0.04591919533267105,0.538382823244743,0.5494,1
1570,49726.93,6354.35,1812.07,0.2852,637,33,0,0,-0.0025999999999999357,-4.0,0.0,0,0,0.006546203310146887,0.43728498812922045,0.7148,0
1571,139605.38,2811.67,953.81,0.3392,716,40,0,0,0.00043333333333339663,9.333333333333371,0.0,0,0,0.0037491480513726213,0.08198623863217996,0.6608,0
1572,29378.27,10212.44,1435.69,0.1406,743,36,0,0,0.0034666666666666734,0.6666666666666288,0.0,0,0,0.0019464354885562294,0.5864293572413505,0.8593999999999999,0
1573,45152.85,11701.66,2873.63,0.2456,726,36,0,0,-0.006599999999999995,2.0,0.0,0,0,0.009549999999999986,0.7637072740886902,0.7544,0
1574,38625.52,11523.09,3393.11,0.2945,711,33,0,0,-0.006666666666666654,-7.666666666666629,0.0,0,0,0.004610163892001146,1.0541559048874976,0.7055,0
1575,67228.97,6941.8,2715.45,0.3912,742,23,0,0,0.013800000000000034,-2.6666666666666288,0.0,0,0,0.013349354957366966,0.48469283396999363,0.6088,0
1576,49163.59,13261.47,6839.73,0.5158,678,32,0,0,0.09689999999999999,-1.0,0.0,0,0,0.07679365931579969,1.6694622988265595,0.48419999999999996,0
1577,32007.62,8633.87,1294.31,0.1499,663,25,0,0,0.0009666666666666712,1.0,0.0,0,0,0.002640917349036959,0.48525069949521366,0.8501,1
1578,90924.68,8917.71,3375.88,0.3786,579,29,0,0,0.0030666666666666065,3.0,0.0,0,0,0.0100240266914604,0.4455397587833526,0.6214,1
1579,32451.94,12959.26,4588.09,0.354,657,22,0,0,0.05009999999999998,6.6666666666667425,0.0,1,24,0.04351841564211639,1.696572839085772,0.646,0
1580,30838.69,4270.76,1236.85,0.2896,553,26,0,0,0.014800000000000035,5.333333333333371,0.0,0,0,0.009558242516278815,0.4812850349422942,0.7103999999999999,0
1581,45591.49,500.0,83.37,0.1667,674,29,0,0,0.010366666666666663,3.3333333333333712,0.0,0,0,0.006967783004657938,0.021943568848850462,0.8333,0
1582,23833.31,3981.09,797.69,0.2004,628,43,0,0,-0.005833333333333357,-7.0,0.0,0,0,0.005602851456574994,0.40163451888052415,0.7996,0
1583,59810.23,6787.95,1356.75,0.1999,564,38,0,0,0.004233333333333367,-8.333333333333371,0.0,0,0,0.006600000000000003,0.2722109578367023,0.8001,0
1584,38645.29,6087.04,1472.22,0.2419,671,21,0,0,-0.008833333333333332,-4.6666666666667425,0.0,0,0,0.0073025300029814525,0.457148594162813,0.7581,0
1585,129750.53,9973.57,1662.98,0.1667,694,40,0,0,-0.0009000000000000119,6.0,0.0,0,0,0.0022902571422828925,0.15380099023991955,0.8333,0
1586,73707.0,6623.59,2053.76,0.3101,573,34,0,0,-0.008099999999999996,-1.6666666666666288,0.0,0,0,0.004618742012472407,0.33436607101072635,0.6899,0
1587,41370.31,6981.52,1696.37,0.243,713,32,0,0,-0.015900000000000025,3.6666666666666288,0.0,0,0,0.009726481606647077,0.49205432577361274,0.757,0
1588,70957.31,8642.3,1388.13,0.1606,672,23,1,32,-0.0016999999999999793,-9.666666666666629,0.3333333333333333,1,32,0.0036008486653997477,0.23475467146630763,0.8394,0
1589,43548.86,4309.09,1813.62,0.4209,714,43,0,0,0.06680000000000003,0.6666666666667425,0.0,0,0,0.045377383622730444,0.49974763963977537,0.5791,0
1590,24057.0,5339.81,1119.34,0.2096,666,21,0,0,-0.006466666666666648,0.6666666666666288,0.0,0,0,0.004290104893822523,0.5583439328802374,0.7904,0
1591,42804.37,8433.5,2820.94,0.3345,644,53,0,0,0.020833333333333315,0.6666666666666288,0.0,0,0,0.009759610647971564,0.7908370101115834,0.6655,0
1592,33795.89,13053.61,3046.44,0.2334,706,31,0,0,-0.011533333333333312,-0.33333333333325754,0.0,0,0,0.006847627326307996,1.081707864092927,0.7666,0
1593,28296.01,9374.86,3218.52,0.3433,582,55,0,0,0.018299999999999983,-1.6666666666666288,0.0,1,5,0.011163793162620768,1.3649359038119075,0.6567000000000001,0
1594,101496.0,14909.12,2090.15,0.1402,633,50,0,0,-0.0011333333333333195,-0.6666666666667425,0.0,0,0,0.001991509756720038,0.24712106878137607,0.8598,0
1595,46941.46,8085.75,1213.09,0.15,653,23,0,0,0.005866666666666687,1.0,0.0,0,0,0.005426196744600343,0.3101113598997275,0.85,0
1596,32770.73,6274.85,4150.11,0.6614,801,40,0,0,0.13889999999999997,9.0,0.0,0,0,0.10712236124067549,1.519689063434465,0.3386,1
1597,49258.86,8624.39,3027.48,0.351,714,30,0,0,0.0763,3.3333333333332575,0.0,0,0,0.05749552398037415,0.7375274212831898,0.649,0
1598,62673.92,9876.52,1070.65,0.1084,678,64,0,0,0.003966666666666674,3.0,0.3333333333333333,1,35,0.002404163056034259,0.20499435806057875,0.8916,0
1599,37156.04,9195.96,2123.54,0.2309,649,36,0,0,0.00990000000000002,-3.0,0.0,0,0,0.009691749068150703,0.6858233544739999,0.7691,0
1600,61036.26,4681.99,3357.6,0.7171,646,42,0,0,0.1442,1.6666666666667425,-0.3333333333333333,1,15,0.12022999833652165,0.6601190831823339,0.28290000000000004,1
1601,59975.26,500.0,139.99,0.28,715,47,0,0,0.003233333333333366,8.333333333333371,0.0,0,0,0.004296639513749232,0.028009549265211778,0.72,0
1602,35233.91,6224.05,1581.25,0.2541,671,47,0,0,0.04383333333333331,2.6666666666667425,0.0,0,0,0.03687044887169127,0.5385436925262475,0.7459,0
1603,86165.13,2937.64,984.48,0.3351,758,26,0,0,0.029500000000000026,5.0,0.0,0,0,0.02672592374455936,0.13710604276178456,0.6649,0
1604,48461.99,7068.19,2032.21,0.2875,696,26,0,0,0.006200000000000039,9.0,0.0,0,0,0.004984252980916787,0.5032092160053991,0.7125,0
1605,50154.55,6241.86,1332.35,0.2135,663,34,0,0,-0.0022000000000000353,-0.6666666666666288,0.0,0,0,0.004028026812224556,0.3187786551005772,0.7865,0
1606,25226.93,4930.03,1450.04,0.2941,718,31,0,0,-0.0030999999999999917,-4.6666666666667425,0.0,0,0,0.0061823898651285685,0.6897581271967259,0.7059,0
1607,38767.05,6143.45,1937.38,0.3154,694,42,0,0,-0.007900000000000018,-2.3333333333333712,0.0,0,0,0.006568485365744483,0.5996989709767344,0.6846,0
1608,94194.59,8629.11,1907.32,0.221,702,39,0,0,0.0068999999999999895,3.6666666666667425,0.0,0,0,0.004020882987603587,0.24298465545722087,0.779,0
1609,44162.67,11248.8,2930.77,0.2605,579,47,0,0,0.009533333333333338,-1.0,0.0,0,0,0.008684612829596944,0.796356741801248,0.7395,0
1610,56191.54,500.0,88.16,0.1763,702,55,1,31,0.004033333333333333,-10.333333333333371,0.0,2,31,0.0033102114736070967,0.01882703338926243,0.8237,0
1611,80863.01,6968.52,2424.65,0.3479,741,46,0,0,0.0031999999999999806,-1.6666666666666288,0.0,0,0,0.0051321156564433515,0.35981594051077503,0.6521,0
1612,49353.16,6504.08,745.84,0.1147,624,30,0,0,0.003500000000000003,0.33333333333337123,0.0,0,0,0.0038353617821530184,0.18134765834292735,0.8853,0
1613,33265.17,8347.52,2252.13,0.2698,661,43,0,0,0.027599999999999986,1.3333333333332575,0.0,0,0,0.022388917149141267,0.81242813399874,0.7302,0
1614,64169.27,18100.15,3278.9,0.1812,665,41,0,0,-0.0054666666666666475,-15.666666666666629,0.0,2,44,0.0076419892698171114,0.6131720057379793,0.8188,0
1615,30386.14,3873.61,982.56,0.2537,602,31,0,0,-0.002966666666666673,-8.333333333333371,0.0,4,46,0.0044483455101619294,0.38802954226313857,0.7463,0
1616,35566.16,11978.93,4109.2,0.343,751,40,0,0,-0.00023333333333336315,-3.3333333333333712,0.0,1,43,0.005870571617066896,1.3864414933566822,0.657,0
1617,43905.16,12091.41,3958.93,0.3274,741,30,0,0,0.005099999999999993,2.6666666666666288,0.0,0,0,0.004119465984809203,1.0820404705737436,0.6726,0
1618,63646.28,7067.43,880.03,0.1245,678,55,0,0,-0.0027333333333333376,6.3333333333332575,0.0,0,0,0.002744286995033694,0.16592265876354326,0.8755,0
1619,88278.55,4229.97,1156.06,0.2733,587,53,0,0,-0.005933333333333346,4.0,0.0,0,0,0.011934625162851898,0.1571471212215678,0.7267,0
1620,32038.39,10258.56,1601.38,0.1561,588,21,0,0,-0.005933333333333318,-1.3333333333332575,0.0,0,0,0.0060544290491433735,0.5997979296962933,0.8439,0
1621,56655.36,10393.08,2278.84,0.2193,633,37,0,0,0.010066666666666668,-1.0,0.0,0,0,0.012208751414911819,0.48267418994792216,0.7807,0
1622,80709.5,5718.97,1762.37,0.3082,613,50,1,44,0.004433333333333289,-7.6666666666667425,0.0,2,59,0.007774548932967831,0.26203160714482954,0.6918,0
1623,49719.63,11929.2,2177.26,0.1825,682,43,0,0,-0.0014000000000000123,4.0,0.0,0,0,0.007436135495747178,0.5254890270441299,0.8175,0
1624,30954.9,9412.39,4165.29,0.4425,755,36,0,0,0.0902,3.0,0.0,0,0,0.06725046055191329,1.6147194783579777,0.5575,0
1625,56123.02,7310.12,3053.87,0.4178,627,22,0,0,0.04953333333333326,0.6666666666667425,0.0,0,0,0.04235708651191414,0.652966287134306,0.5822,0
1626,55205.32,8325.2,2243.89,0.2695,731,53,0,0,-0.003033333333333277,1.0,0.0,0,0,0.008413349181178956,0.4877551655193183,0.7304999999999999,0
1627,79666.4,6577.3,837.62,0.1274,673,35,0,0,-0.004533333333333306,-10.0,0.3333333333333333,1,50,0.005795640123786552,0.12616912523329749,0.8726,0
1628,27349.41,13159.54,1240.75,0.0943,724,24,0,0,-0.0011666666666666492,-1.0,0.0,0,0,0.002473582646913406,0.5443993122143114,0.9057,0
1629,48757.71,12411.95,1839.97,0.1482,745,51,0,0,-0.005400000000000016,-7.0,0.0,0,0,0.0029904013108611404,0.4528440731643441,0.8518,1
1630,61680.31,11538.22,3489.45,0.3024,639,21,0,0,-0.011700000000000044,-12.666666666666629,0.3333333333333333,1,52,0.008370649782291552,0.678877910825245,0.6976,0
1631,53455.62,8595.12,2103.87,0.2448,667,27,0,0,0.007599999999999996,3.6666666666667425,0.0,0,0,0.005035871324805664,0.4722878528830559,0.7552,0
1632,35854.41,9116.27,2932.11,0.3216,677,64,0,0,-0.0008999999999999564,-1.3333333333333712,0.0,0,0,0.00475236783088177,0.9813386969196798,0.6784,0
1633,84474.84,5986.72,1129.24,0.1886,608,28,0,0,0.004400000000000043,12.666666666666629,0.0,0,0,0.002632383795050499,0.16041320703389367,0.8114,0
1634,22873.33,6978.73,1388.94,0.199,656,35,0,0,0.002333333333333326,-4.0,0.0,0,0,0.0018668154702594446,0.7286774593492015,0.8009999999999999,0
1635,87321.78,4988.94,2070.74,0.4151,722,49,0,0,0.057433333333333336,2.6666666666667425,-0.3333333333333333,1,29,0.05166817202108084,0.28456680563068226,0.5849,1
1636,41416.51,11389.31,4490.39,0.3943,592,48,0,0,0.04580000000000006,-0.6666666666667425,0.3333333333333333,1,12,0.044018578779621904,1.301043472383054,0.6057,0
1637,34800.07,7474.82,2332.08,0.312,687,38,0,0,-0.0010999999999999899,-9.333333333333258,0.0,0,0,0.005159726521607299,0.8041638993930195,0.688,0
1638,57826.53,3380.72,907.64,0.2685,600,32,0,0,-0.0023999999999999577,-1.6666666666666288,0.0,0,0,0.0029360309565428133,0.18835091778358115,0.7315,0
1639,31671.18,8137.04,3179.34,0.3907,705,40,0,0,0.04136666666666666,-4.666666666666629,0.0,0,0,0.03691232856377392,1.2046308342646037,0.6093,1
1640,67018.01,11283.43,1463.4,0.1297,694,21,0,0,0.0071666666666666545,1.6666666666666288,-0.3333333333333333,1,7,0.004169565658168467,0.2620310569779023,0.8703,0
1641,61424.35,5219.28,960.01,0.1839,752,62,0,0,0.0007999999999999674,-1.0,0.0,0,0,0.0022259829289552084,0.18754972576428408,0.8161,0
1642,69757.41,10216.59,1524.25,0.1492,737,41,0,0,-0.0004333333333333689,0.33333333333337123,0.0,0,0,0.001836285501888104,0.26220870294429643,0.8508,0
1643,51048.1,2123.79,677.8,0.3191,802,24,1,33,-0.0011000000000000454,-9.333333333333371,0.6666666666666666,2,33,0.0038827968155842377,0.15933208088230538,0.6809000000000001,0
1644,38864.84,16182.29,4666.15,0.2883,693,26,0,0,0.009166666666666656,-4.0,-0.3333333333333333,1,57,0.008036444763976433,1.4407315193555725,0.7117,0
1645,62774.91,623.33,117.95,0.1892,616,47,0,0,0.0020333333333333314,4.0,0.0,0,0,0.005408121464776629,0.022547224675104005,0.8108,0
1646,27279.91,1230.93,403.39,0.3277,720,50,0,0,-0.002466666666666617,-9.333333333333371,0.3333333333333333,1,24,0.00444056427845731,0.17744486685882255,0.6723,0
1647,64364.86,5262.04,2316.78,0.4403,715,42,0,0,0.051466666666666716,-0.6666666666666288,0.0,0,0,0.04182768554172915,0.4319338221945452,0.5597,0
1648,27249.15,13732.36,2191.04,0.1596,670,58,0,0,0.002366666666666656,7.666666666666629,0.0,0,0,0.003262582480864557,0.9648917484920189,0.8404,0
1649,54545.81,9582.93,1100.4,0.1148,644,23,0,0,0.0021333333333333343,7.3333333333332575,0.0,0,0,0.0016116761461286153,0.24208642235022204,0.8852,0
1650,114065.92,10422.67,2420.34,0.2322,670,53,0,0,0.043399999999999994,18.0,0.0,0,0,0.03736012059818746,0.25462539553395525,0.7678,0
1651,46302.96,9305.86,1992.16,0.2141,673,24,0,0,0.0034666666666666734,3.0,0.0,0,0,0.004668095019503262,0.5162935586365208,0.7859,0
1652,19908.37,10764.56,1586.58,0.1474,738,50,0,0,-0.0006333333333333468,3.0,0.0,0,0,0.0031750765520080155,0.9563294226761933,0.8526,0
1653,179328.05,9093.41,1729.44,0.1902,784,38,0,0,0.0184,-0.6666666666666288,0.0,1,38,0.01781425771054685,0.1157280191169829,0.8098,1
1654,50504.73,10085.57,3351.3,0.3323,651,29,0,0,0.028466666666666696,-2.3333333333333712,0.0,0,0,0.02271081484912223,0.7962739329651839,0.6677,0
1655,87553.56,6307.02,1542.03,0.2445,657,35,0,0,-0.0016999999999999515,4.3333333333332575,0.0,0,0,0.0031264996401726888,0.21134903021035137,0.7555000000000001,0
1656,54532.09,12782.7,4653.1,0.364,613,62,0,0,0.004733333333333312,-2.3333333333333712,0.0,0,0,0.01266153404783338,1.02393288039598,0.636,0
1657,72951.12,9953.45,2394.2,0.2405,653,28,0,0,-0.00250000000000003,-0.6666666666666288,0.0,0,0,0.0035822478976195882,0.39383082802942615,0.7595000000000001,0
1658,55955.07,2665.8,415.3,0.1558,674,23,0,0,-0.0023999999999999855,3.6666666666666288,0.0,1,23,0.003366419132814245,0.08906431533248423,0.8442000000000001,0
1659,41537.35,11909.65,3210.54,0.2696,792,28,0,0,0.048133333333333334,6.333333333333371,0.0,0,0,0.037034053398340164,0.9275141526570624,0.7303999999999999,0
1660,54370.93,7162.86,4812.43,0.6719,680,43,0,0,0.14650000000000007,2.3333333333333712,0.0,0,0,0.11103008601275603,1.0621330182738167,0.32809999999999995,1
1661,38186.75,13130.14,3335.31,0.254,757,50,0,0,-0.009199999999999986,-3.0,0.0,0,0,0.00950710260805043,1.0481049051679638,0.746,0
1662,44833.06,7802.57,2147.78,0.2753,678,53,0,0,-0.0032333333333333103,1.0,0.0,0,0,0.003635740792618628,0.5748739879254621,0.7247,0
1663,60697.22,6053.15,2040.82,0.3371,676,46,0,0,-0.004033333333333333,11.0,-0.3333333333333333,1,54,0.005318782233222603,0.4034754803458592,0.6629,0
1664,47829.58,8346.56,3201.69,0.3836,652,21,1,30,0.01090000000000002,2.6666666666667425,0.3333333333333333,1,30,0.014721073330433484,0.8032744588257038,0.6164000000000001,0
1665,52721.69,3885.58,1328.47,0.3419,760,28,0,0,-0.008099999999999996,5.3333333333332575,0.0,0,0,0.006514407110397691,0.3023734633008069,0.6581,0
1666,65271.51,12101.84,1373.1,0.1135,712,41,0,0,-0.003433333333333316,4.0,0.0,0,0,0.003477107674170845,0.2524409194297896,0.8865,0
1667,65000.54,11616.87,2113.17,0.1819,715,49,0,0,0.0016333333333332922,2.3333333333332575,0.0,0,0,0.0020445048300261025,0.3901204512349982,0.8181,0
1668,42076.62,4322.56,1533.88,0.3549,742,21,0,0,0.05553333333333338,-1.3333333333333712,0.0,0,0,0.046380814999307664,0.4374533884791735,0.6451,0
1669,41128.21,14929.16,4787.91,0.3207,639,23,0,0,-0.01363333333333333,-1.0,0.0,0,0,0.0088292757976581,1.3969710809985736,0.6793,0
1670,103710.02,4824.64,962.87,0.1996,679,39,0,0,0.0028666666666666563,4.0,0.0,0,0,0.0037549966711037308,0.11141102854539095,0.8004,0
1671,29484.09,6958.25,2070.21,0.2975,723,28,0,0,0.0358,8.333333333333258,0.0,0,0,0.03340147618161675,0.8425737402744706,0.7025,0
1672,38021.62,8856.99,2538.95,0.2867,723,26,0,0,-0.0019000000000000128,4.3333333333332575,0.0,0,0,0.0041861212489739405,0.8013177763173737,0.7133,0
1673,39322.72,10613.68,2279.47,0.2148,599,46,0,0,-0.002933333333333288,0.0,0.0,0,0,0.002153550040695075,0.6956192245005576,0.7852,0
1674,86911.67,14505.58,6074.22,0.4188,646,26,0,0,0.07623333333333332,5.0,0.0,0,0,0.06116306301827744,0.8386749442271204,0.5811999999999999,1
1675,105854.82,9886.66,1073.16,0.1085,737,39,0,0,0.00026666666666666505,-10.333333333333258,0.3333333333333333,1,40,0.0015990448537938015,0.12165643471445252,0.8915,0
1676,47582.42,6426.88,1452.04,0.2259,711,37,0,0,0.019033333333333347,-1.6666666666666288,0.0,0,0,0.01755864775861486,0.36619575035497676,0.7741,1
1677,33738.38,10663.56,1757.35,0.1648,712,21,0,0,0.0006999999999999784,2.3333333333332575,0.0,0,0,0.0034062850405944907,0.62505075799429,0.8351999999999999,0
1678,92084.71,8808.25,1045.32,0.1187,694,40,0,0,0.0006666666666666626,-3.3333333333332575,0.0,0,0,0.0031336879231984847,0.1362206602851369,0.8813,0
1679,72585.28,961.95,354.72,0.3688,716,29,0,0,0.04980000000000001,1.3333333333333712,0.0,0,0,0.04061152682565769,0.058643295159793836,0.6312,0
1680,61598.98,10073.92,1945.64,0.1931,658,41,0,0,0.0013666666666667104,8.0,0.0,0,0,0.0022209857671263307,0.37902705524428604,0.8069,0
1681,25312.08,9292.31,3090.73,0.3326,634,37,0,0,0.00023333333333336315,2.0,0.0,0,0,0.011472684951658013,1.4652592747185094,0.6674,0
1682,70173.28,1353.2,959.7,0.7092,631,26,4,6,0.14916666666666656,-16.66666666666663,0.6666666666666667,4,52,0.11727136384376956,0.16411374811082843,0.29079999999999995,1
1683,24046.66,7598.22,1647.03,0.2168,676,57,0,0,0.014033333333333342,8.333333333333371,-0.3333333333333333,1,52,0.00978520708916156,0.8219170558463003,0.7832,0
1684,42871.84,15633.61,5053.93,0.3233,610,49,0,0,0.0028000000000000247,5.0,0.0,0,0,0.010802443139298505,1.4146152808702548,0.6767000000000001,0
1685,76206.83,500.0,167.14,0.3343,754,24,0,0,0.0014000000000000123,-8.333333333333371,0.3333333333333333,1,59,0.003157574667015443,0.0263189008082894,0.6657,0
1686,52281.81,13624.21,2681.16,0.1968,646,40,0,0,0.010866666666666663,-6.3333333333332575,0.0,0,0,0.006896879326510248,0.6153941493727028,0.8032,0
1687,77503.97,7973.91,2513.59,0.3152,710,30,0,0,0.0008666666666666822,-2.6666666666666288,0.0,0,0,0.005915023245939108,0.38918109608230167,0.6848000000000001,0
1688,75331.34,13285.12,1459.6,0.1099,749,34,0,0,0.0030333333333333323,0.0,0.0,0,0,0.0027211108842611353,0.23250880705440646,0.8901,0
1689,46078.34,9896.69,1199.24,0.1212,666,56,0,0,-0.003866666666666657,4.3333333333332575,-0.3333333333333333,1,16,0.002456171365718976,0.3123133341229793,0.8788,0
1690,59210.78,7840.27,1544.81,0.197,670,46,0,0,0.005599999999999994,7.3333333333332575,0.0,3,59,0.004359695453176105,0.3130801518953649,0.8029999999999999,0
1691,73641.38,12178.11,2226.73,0.1828,717,45,0,0,-0.0071666666666666545,3.3333333333332575,0.0,0,0,0.003908146761715982,0.3628497998767242,0.8172,0
1692,44421.64,5406.81,1227.95,0.2271,699,21,0,0,0.005099999999999993,3.6666666666666288,0.0,0,0,0.005176630178021211,0.3317167037511312,0.7729,0
1693,49392.6,9068.77,3976.13,0.4384,739,35,0,0,0.03156666666666669,-0.33333333333325754,0.0,0,0,0.03368815733227991,0.9660062436156007,0.5616,1
1694,60024.5,10319.33,2713.77,0.263,767,41,0,0,-0.00830000000000003,-2.3333333333333712,-0.3333333333333333,1,20,0.009116879948754424,0.5425324658012912,0.737,0
1695,74222.74,2420.41,918.48,0.3795,690,24,0,0,0.08723333333333327,-3.3333333333333712,0.0,0,0,0.06267919865828252,0.14849573052972784,0.6205,0
1696,38454.69,7882.25,2086.86,0.2648,604,33,0,0,-0.0005000000000000004,5.0,0.0,0,0,0.0039074003861618465,0.6512162753668124,0.7352000000000001,0
1697,30575.21,15945.27,5690.22,0.3569,606,35,0,0,0.0062333333333333685,0.6666666666666288,0.0,0,0,0.006256818502863746,2.2332680617140745,0.6431,0
1698,36436.93,9785.92,3425.38,0.35,749,30,0,0,-0.0043999999999999595,-1.0,0.0,0,0,0.01003531265083455,1.1281016261925136,0.65,0
1699,59372.58,6548.85,1962.44,0.2997,712,30,0,0,-0.010166666666666657,6.333333333333371,0.0,0,0,0.006435448702305058,0.3966356185842079,0.7002999999999999,0
1700,34771.34,5471.9,1482.01,0.2708,713,21,0,0,0.004766666666666641,2.0,0.0,0,0,0.008096415530618769,0.5114591498016037,0.7292000000000001,0
1701,60868.03,4596.54,481.21,0.1047,701,41,0,0,-0.0050000000000000044,6.666666666666629,0.0,0,0,0.0032097940397754154,0.09486950701150612,0.8953,0
1702,42998.68,6753.05,1451.24,0.2149,663,39,0,0,0.007199999999999984,-1.3333333333333712,0.0,0,0,0.005481509321751126,0.4050096420434275,0.7851,0
1703,58602.19,9856.08,1862.7,0.189,702,37,0,0,-0.008633333333333298,-0.33333333333337123,0.0,0,0,0.00464150957244635,0.38142601830107176,0.8109999999999999,0
1704,58940.51,12477.77,2341.09,0.1876,635,53,0,0,-0.001466666666666644,5.6666666666667425,0.0,0,0,0.002609650891935128,0.4766344911891734,0.8124,0
1705,80697.36,12646.05,6394.49,0.5057,748,42,0,0,0.07676666666666665,-4.666666666666629,0.3333333333333333,2,47,0.07336145294211248,0.9508846384638776,0.49429999999999996,0
1706,75093.83,9690.69,1524.56,0.1573,689,50,0,0,0.007133333333333353,3.6666666666667425,0.0,0,0,0.008479386770280045,0.24362480908320297,0.8427,0
1707,50895.6,6316.82,2043.52,0.3235,750,46,0,0,0.00269999999999998,0.6666666666666288,0.0,0,0,0.006817257513105973,0.4818145378818252,0.6765,0
1708,68255.26,13177.8,2633.09,0.1998,826,41,0,0,0.01046666666666668,-0.33333333333337123,0.0,0,0,0.006129391849477758,0.46292520158072653,0.8002,0
1709,23417.03,8244.82,2278.8,0.2764,688,55,0,0,-0.010099999999999998,-1.6666666666667425,0.0,0,0,0.018735512921840305,1.167765510228531,0.7236,0
1710,44642.66,5727.86,2723.84,0.4755,767,60,0,0,0.05613333333333326,2.6666666666666288,0.0,0,0,0.04837956983870128,0.7321714250722055,0.5245,0
1711,94790.4,13166.84,3535.43,0.2685,738,41,0,0,0.017433333333333356,9.666666666666742,0.0,0,0,0.010321108359947477,0.44756810810619196,0.7315,0
1712,66673.58,5253.02,1205.16,0.2294,672,36,0,0,0.004766666666666669,-2.0,0.3333333333333333,2,50,0.004585302607244154,0.21690630677694409,0.7706,0
1713,43020.1,5642.23,1057.27,0.1874,607,36,0,0,0.036400000000000016,3.3333333333333712,0.0,0,0,0.028820049926705168,0.29491423768101493,0.8126,1
1714,47735.69,7080.57,1978.34,0.2794,743,26,0,0,0.0011333333333333195,-2.0,0.0,0,0,0.006467633089297617,0.49732349095681067,0.7206,0
1715,33720.74,2905.95,422.18,0.1453,684,43,0,0,-0.000566666666666632,-9.333333333333258,0.0,2,46,0.002925937646483796,0.1502386957758678,0.8547,0
1716,35992.63,9249.47,1245.19,0.1346,616,52,0,0,0.0021333333333333204,3.0,0.0,0,0,0.0023290436759418063,0.41514832328224477,0.8654,0
1717,56884.33,5315.96,1738.0,0.3269,646,21,0,0,-0.0026333333333333764,2.0,0.0,1,11,0.008509324950377118,0.36663875614954655,0.6731,0
1718,40917.63,15808.57,3372.41,0.2133,754,34,0,0,0.024866666666666648,3.3333333333333712,0.0,0,0,0.021357031108695284,0.9890338220500942,0.7867,0
1719,55884.61,2677.64,670.9,0.2506,649,21,0,0,0.019266666666666654,0.6666666666666288,0.0,0,0,0.012439062576326947,0.14406112878431585,0.7494000000000001,0
1720,84886.69,9330.02,1867.9,0.2002,618,51,0,0,-0.0068000000000000005,8.333333333333371,-0.3333333333333333,1,42,0.005300104820766393,0.2640555309298941,0.7998000000000001,0
1721,39152.11,1022.06,207.19,0.2027,570,57,0,0,-0.011066666666666697,-1.6666666666666288,0.0,0,0,0.009345453440042364,0.0635030908739775,0.7973,0
1722,48448.72,1194.36,350.19,0.2932,617,36,0,0,0.004266666666666696,8.333333333333371,0.0,0,0,0.004238743262388564,0.08673665679834597,0.7068,0
1723,45211.17,4452.81,1299.03,0.2917,677,26,0,0,0.0037333333333333663,8.666666666666742,0.0,0,0,0.00661849261119514,0.3447900152962757,0.7082999999999999,0
1724,34362.59,8163.33,2245.84,0.2751,587,29,0,0,0.03726666666666664,4.333333333333371,0.0,0,0,0.02877047097285687,0.7842854683127373,0.7249,0
1725,51168.09,2188.99,311.77,0.1424,620,66,0,0,0.003966666666666674,1.0,0.0,0,0,0.0028766299727285023,0.07311666312193009,0.8576,0
1726,38132.66,11065.13,1034.59,0.0935,641,38,1,22,-0.0021333333333333343,-4.666666666666629,0.3333333333333333,1,22,0.002449036091562927,0.32557602842532063,0.9065,0
1727,35052.42,8993.74,3038.2,0.3378,709,35,0,0,0.00489999999999996,3.6666666666666288,0.0,0,0,0.013633964940544623,1.040110782294594,0.6622,0
1728,28479.63,500.0,162.55,0.3251,725,22,0,0,0.0021999999999999797,6.333333333333371,0.3333333333333333,1,22,0.007821764506810444,0.06849105831705353,0.6749,0
1729,114139.95,12968.3,3363.93,0.2594,677,40,0,0,-0.007900000000000018,-1.3333333333332575,0.0,1,28,0.012127448206444747,0.35366372594132056,0.7405999999999999,0
1730,20416.34,11170.54,2564.54,0.2296,581,32,0,0,0.0018666666666666831,-2.3333333333333712,0.0,0,0,0.0029551273708213932,1.5073455860311815,0.7704,0
1731,58959.84,12753.51,4131.6,0.324,609,23,0,0,0.026466666666666694,-7.333333333333371,0.3333333333333333,1,35,0.025930725018788073,0.8408978041648218,0.6759999999999999,1
1732,51758.49,10579.03,3463.37,0.3274,591,29,0,0,0.0007333333333333636,-8.666666666666629,0.3333333333333333,2,19,0.006532121486248619,0.8029685562767457,0.6726,0
1733,47377.48,6408.75,1468.27,0.2291,746,50,0,0,-0.004833333333333356,-3.0,0.0,1,5,0.004888506929523567,0.37189061122578304,0.7709,0
1734,79093.22,4679.5,813.31,0.1738,575,43,0,0,0.005299999999999999,-0.33333333333337123,0.0,0,0,0.0028440483665210597,0.1233951531941582,0.8262,0
1735,72603.41,9065.22,1166.49,0.1287,713,50,0,0,-0.0028000000000000247,-5.3333333333332575,-0.3333333333333333,1,5,0.0024021402493979863,0.19279920871053313,0.8713,0
1736,37307.47,6911.61,729.07,0.1055,513,37,0,0,-0.003500000000000003,-0.33333333333325754,0.0,0,0,0.003978379066906527,0.23450638698324824,0.8945,0
1737,63843.06,6048.46,2022.6,0.3344,562,43,0,0,0.007966666666666622,-6.0,0.0,0,0,0.00824590807613083,0.3801697474312472,0.6656,0
1738,74768.09,3169.48,995.93,0.3142,658,22,0,0,0.002766666666666695,-1.3333333333333712,0.0,0,0,0.004928488612140647,0.15984305601603413,0.6858,0
1739,52313.58,1999.77,680.05,0.3401,659,41,0,0,0.004500000000000004,-4.3333333333332575,0.0,0,0,0.00424483346093946,0.15599391206122906,0.6598999999999999,0
1740,109242.03,11980.33,9914.68,0.8276,684,26,2,28,0.1715333333333332,-17.333333333333258,0.0,4,56,0.1485470193051495,1.0891060884435297,0.1724,0
1741,50790.24,4183.42,1296.2,0.3098,750,41,0,0,0.06460000000000005,4.0,0.0,0,0,0.05533974109484471,0.3062478144683905,0.6901999999999999,0
1742,30975.22,17655.17,5264.76,0.2982,676,25,0,0,0.0368,3.3333333333333712,0.0,1,21,0.024893394929400663,2.0396019778237178,0.7018,0
1743,81241.1,910.69,313.69,0.3444,545,21,0,0,0.042366666666666664,1.0,0.0,0,0,0.036833469079689526,0.04633467542221835,0.6556,0
1744,51490.58,9678.78,1959.05,0.2024,622,56,2,25,-0.01096666666666668,-2.0,0.6666666666666666,2,54,0.011612325826944027,0.45656118059888356,0.7976,0
1745,96671.98,8589.82,2467.0,0.2872,611,41,0,0,0.006800000000000028,3.0,0.0,0,0,0.007938583696800767,0.306231443654358,0.7128,0
1746,40219.02,7650.99,1197.75,0.1565,656,48,0,0,-0.004566666666666663,6.0,0.0,0,0,0.00255293948224395,0.35736823014861085,0.8435,0
1747,39883.88,6758.53,1300.54,0.1924,702,34,0,0,0.004799999999999971,-3.3333333333333712,0.0,0,0,0.004321747331809208,0.39129793779603256,0.8076,0
1748,43426.87,1997.63,295.68,0.148,628,40,0,0,-0.0014999999999999736,5.0,0.0,0,0,0.00283465655376058,0.08170425358814827,0.852,0
1749,39943.98,8683.08,2980.58,0.3433,687,39,0,0,0.0547333333333333,-0.6666666666666288,0.0,0,0,0.04754455220574114,0.8954280467107899,0.6567000000000001,0
1750,45583.53,8466.62,1820.33,0.215,665,44,0,0,0.007266666666666699,5.666666666666629,0.0,0,0,0.00601518910758424,0.4792072925078315,0.785,0
1751,53967.92,11130.29,2449.78,0.2201,708,21,1,41,0.011333333333333306,-6.333333333333371,0.3333333333333333,1,41,0.0071993248140209375,0.5447191589644991,0.7799,0
1752,48251.25,5979.02,1938.91,0.3243,671,53,0,0,-0.0024333333333333984,-7.666666666666629,0.0,0,0,0.007305952671927487,0.48220346611152165,0.6757,0
1753,61519.56,7303.97,1163.96,0.1594,680,45,0,0,-0.013366666666666693,-12.0,0.3333333333333333,1,7,0.009201328406509814,0.22704193588633428,0.8406,0
1754,35013.65,7487.29,2574.89,0.3439,707,66,0,0,0.019866666666666644,-2.3333333333333712,0.0,0,0,0.016220314766092255,0.8824752629163282,0.6561,0
1755,22976.5,5489.94,2564.18,0.4671,771,50,0,0,0.07950000000000002,-3.3333333333332575,-0.3333333333333333,1,25,0.06295892399899403,1.3392013572097397,0.5328999999999999,1
1756,56372.03,9907.02,3037.75,0.3066,560,49,0,0,-0.015199999999999991,2.3333333333333712,0.0,0,0,0.01382480660905529,0.6466504752842889,0.6934,0
1757,49064.87,7883.08,3885.45,0.4929,693,23,0,0,0.09043333333333331,-3.3333333333332575,0.0,0,0,0.07770151221179677,0.9502807199651528,0.5071,1
1758,49427.84,10329.37,2795.53,0.2706,627,49,0,0,0.0008333333333333526,-1.6666666666666288,0.0,0,0,0.006324160023275818,0.6786936267467014,0.7294,0
1759,54242.39,3877.46,1411.8,0.3641,668,49,0,0,0.00436666666666663,-5.0,0.0,0,0,0.006290358583666844,0.3123313702853437,0.6359,0
1760,38905.64,9286.21,2192.14,0.2361,739,56,0,0,0.016166666666666663,-1.6666666666667425,0.0,0,0,0.009349613776930984,0.6761405285168504,0.7639,0
1761,41339.54,8083.12,1660.24,0.2054,727,54,0,0,0.012933333333333324,-5.3333333333332575,0.0,1,9,0.015679046527132947,0.4819327935002859,0.7946,1
1762,42459.77,6074.68,2333.7,0.3842,656,35,0,0,0.08280000000000004,2.6666666666666288,0.0,0,0,0.0647558298533808,0.6595513822162811,0.6158,0
1763,69041.1,8831.01,1231.16,0.1394,675,37,0,0,0.0010666666666666602,-3.6666666666666288,0.0,0,0,0.002941938136671129,0.2139873205587998,0.8606,0
1764,19372.68,3344.18,1252.01,0.3744,696,35,0,0,0.017899999999999916,0.6666666666666288,0.0,0,0,0.016966805827851036,0.775531314753231,0.6255999999999999,0
1765,36660.23,5112.0,1139.35,0.2229,656,22,0,0,0.003766666666666668,2.3333333333333712,0.0,0,0,0.0048634978267817755,0.372943650258732,0.7771,0
1766,100401.26,8306.65,3132.63,0.3771,709,37,0,0,0.010333333333333306,-2.3333333333332575,0.0,0,0,0.014467185090557326,0.374413229430657,0.6229,0
1767,20889.71,5954.15,1796.84,0.3018,636,27,0,0,0.02413333333333334,10.0,-0.3333333333333333,1,28,0.022858040160958677,1.0321866597293001,0.6981999999999999,0
1768,81388.34,11192.15,3756.18,0.3356,592,27,0,0,-0.009066666666666723,1.3333333333333712,0.0,0,0,0.009717252698165266,0.5538159396463204,0.6644,0
1769,56146.34,7767.92,1943.39,0.2502,792,42,0,0,0.00163333333333332,11.0,-0.3333333333333333,1,16,0.003769983790121364,0.4153553017884289,0.7498,0
1770,52817.61,15677.94,1908.34,0.1217,727,44,0,0,0.0006333333333333468,5.666666666666629,0.0,0,0,0.001999861106288245,0.43356903113937134,0.8783,0
1771,57261.04,10608.18,3110.18,0.2932,612,33,0,0,0.0014999999999999458,5.333333333333371,0.0,0,0,0.006680527257967305,0.6517897682643997,0.7068,0
1772,26352.78,13590.89,3452.33,0.254,596,35,0,0,-0.004266666666666641,-2.6666666666667425,0.0,0,0,0.0048028637290683214,1.5720527390709962,0.746,0
1773,43356.24,2174.18,380.87,0.1752,582,35,0,0,-0.004466666666666647,-2.6666666666666288,0.0,0,0,0.002668801229016506,0.1054159677761496,0.8248,0
1774,32090.89,6007.78,1445.9,0.2407,795,40,0,0,0.0016666666666666774,-6.666666666666629,0.3333333333333333,1,20,0.0029803523281652427,0.5406768086990382,0.7593,0
1775,41637.57,8092.71,2521.96,0.3116,651,34,1,21,0.010666666666666658,3.6666666666666288,0.3333333333333333,1,21,0.007173640018227245,0.7268320411416425,0.6884,0
1776,38907.96,4480.63,2935.03,0.655,751,35,0,0,0.12140000000000001,4.333333333333371,0.0,1,54,0.10306481914040523,0.9052224786171604,0.345,1
1777,43074.2,4552.77,671.61,0.1475,684,45,0,0,-0.007300000000000029,3.0,0.0,0,0,0.003704989128788973,0.1871031846849103,0.8525,0
1778,97222.51,6733.31,4880.3,0.7248,732,26,1,7,0.15370000000000006,-11.666666666666629,0.6666666666666666,2,33,0.1179741120378158,0.6023666740631527,0.2752,1
1779,84984.2,4869.65,497.92,0.1023,625,24,0,0,0.00286666666666667,-0.6666666666666288,-0.3333333333333333,1,37,0.0019449364456911673,0.07030765717811438,0.8976999999999999,0
1780,35511.68,7518.49,2824.92,0.3757,666,37,0,0,0.00663333333333338,-0.6666666666667425,0.0,0,0,0.00706920158936715,0.9545884618397367,0.6243000000000001,0
1781,84247.5,9155.11,1275.21,0.1393,594,32,0,0,-0.006766666666666643,2.3333333333332575,0.0,0,0,0.005558876785026901,0.1816376746825763,0.8607,0
1782,65323.82,6492.06,684.23,0.1054,701,55,0,0,-0.002366666666666656,0.0,0.0,0,0,0.0015626722127319074,0.12569320040517656,0.8946000000000001,0
1783,53147.76,5707.22,1168.41,0.2047,723,28,0,0,0.003233333333333338,-10.333333333333371,-0.3333333333333333,1,15,0.004524102120863316,0.2638101774530907,0.7953,0
1784,53454.39,9389.28,3306.02,0.3521,647,47,0,0,-0.004400000000000015,-2.6666666666666288,0.0,0,0,0.006889121859859939,0.7421699132867096,0.6478999999999999,0
1785,54679.81,714.65,79.05,0.1106,670,27,0,0,0.00573333333333334,5.333333333333371,0.0,0,0,0.0034202014235681726,0.017348268031505975,0.8894,0
1786,33706.51,7130.31,1353.18,0.1898,610,49,0,0,0.0025666666666666893,-2.6666666666666288,-0.3333333333333333,1,6,0.006888960573103722,0.4817514478425379,0.8102,0
1787,29178.47,7097.38,957.65,0.1349,675,49,0,0,0.0015666666666666607,-4.6666666666667425,0.0,0,0,0.004513344411606296,0.3938451877454115,0.8651,0
1788,35290.89,8069.49,1972.33,0.2444,733,21,0,0,0.044899999999999995,0.33333333333337123,0.0,0,0,0.03992123495083787,0.6706535310373912,0.7556,0
1789,30974.64,2776.0,712.84,0.2568,732,51,0,0,-0.01146666666666668,1.3333333333333712,0.0,0,0,0.015056643052154739,0.2761639843654691,0.7432000000000001,0
1790,59960.47,6129.3,1761.71,0.2874,583,46,0,0,0.022266666666666712,5.666666666666629,0.0,0,0,0.02023870741371042,0.3525742876226472,0.7126,0
1791,47402.96,15792.04,2544.72,0.1611,691,39,0,0,-0.0004666666666666708,-3.6666666666666288,0.0,1,27,0.0026550789902457577,0.6441926831630279,0.8389,0
1792,42254.05,5587.2,2115.85,0.3787,681,41,0,0,0.042233333333333345,-4.333333333333371,0.0,0,0,0.03395477793248608,0.6008938786409651,0.6213,1
1793,51755.02,8960.74,3577.91,0.3993,659,26,0,0,0.026766666666666716,-2.6666666666666288,-0.3333333333333333,1,38,0.020939761486490478,0.829579816412882,0.6007,0
1794,44279.8,7252.03,1904.34,0.2626,713,30,0,0,-0.005966666666666676,1.0,0.0,0,0,0.005933965322147116,0.5160836316741945,0.7374,0
1795,87679.46,4619.62,675.0,0.1461,714,49,0,0,-0.0007333333333333358,2.6666666666667425,-0.3333333333333333,1,43,0.007525955088890711,0.09238195580688358,0.8539,0
1796,28292.21,4780.56,893.01,0.1868,646,43,0,0,-0.010166666666666657,6.0,0.0,0,0,0.007567162245151373,0.37876574489779385,0.8132,0
1797,116882.12,500.0,93.73,0.1875,716,42,0,0,0.0071666666666666545,1.3333333333332575,-0.3333333333333333,1,19,0.004136658608641089,0.009623028739421596,0.8125,0
1798,49209.36,4493.96,2376.98,0.5289,711,51,0,0,0.08323333333333333,-0.6666666666666288,0.0,0,0,0.06973078588399818,0.5796409462151978,0.47109999999999996,1
1799,39379.52,10531.69,1621.69,0.154,508,49,0,0,0.002799999999999997,-8.666666666666629,0.0,0,0,0.0021575449010391365,0.4941726053052432,0.846,0
1800,78296.08,8420.92,3848.24,0.457,629,37,0,0,0.04186666666666672,-5.0,0.0,0,0,0.03391688779616693,0.5897981098532956,0.5429999999999999,0
1801,37262.58,2894.86,632.66,0.2185,621,37,0,0,-0.01646666666666663,-1.0,0.0,0,0,0.009279412696932925,0.20374112575015219,0.7815,0
1802,22883.0,7948.42,1907.94,0.24,642,43,0,0,0.0358,5.3333333333332575,0.0,0,0,0.02739789124083173,1.0005366423980055,0.76,0
1803,46583.82,3990.37,1180.03,0.2957,694,44,0,0,-0.005166666666666653,1.3333333333333712,0.0,0,0,0.009005199115572684,0.30397592976171317,0.7042999999999999,0
1804,52660.78,8382.88,2132.12,0.2543,699,28,0,0,0.008799999999999975,2.0,0.0,0,0,0.006212308570714899,0.48585379848474997,0.7457,0
1805,82523.52,7825.22,2083.55,0.2663,753,39,0,0,0.016133333333333333,4.0,0.0,0,0,0.008523350280259516,0.3029754425933879,0.7337,0
1806,80900.86,15617.47,3181.21,0.2037,698,37,0,0,-0.0054666666666666475,2.0,0.0,0,0,0.005780234520424847,0.4718679133242537,0.7963,0
1807,50384.25,6299.51,1707.58,0.2711,610,49,0,0,0.0031999999999999806,-1.0,0.0,0,0,0.003909958794895093,0.4066937583693252,0.7289,0
1808,38008.59,3620.09,873.41,0.2413,675,54,0,0,0.006733333333333341,-3.0,0.0,0,0,0.004485098784989135,0.2757513498051621,0.7587,0
1809,49088.7,9438.57,2736.68,0.2899,682,47,0,0,-0.0045000000000000595,2.0,0.0,0,0,0.010936572182869322,0.6689963268933999,0.7101,0
1810,84676.65,6551.62,716.36,0.1093,626,60,0,0,0.00343333333333333,1.0,0.0,0,0,0.004026785318340173,0.10151936807587178,0.8907,0
1811,105814.22,12610.71,3035.0,0.2407,735,25,0,0,-0.004466666666666647,-4.333333333333371,0.0,0,0,0.005186306757007141,0.3441881440497292,0.7593,0
1812,36989.48,1952.54,520.37,0.2665,712,42,0,0,0.0032333333333333103,2.0,0.0,1,49,0.003613862199918547,0.16881664727306792,0.7335,0
1813,89100.28,7680.76,2408.42,0.3136,773,34,0,0,0.003866666666666685,-7.0,0.0,0,0,0.008233738181679362,0.32436531059282436,0.6864,0
1814,23910.15,10039.11,3606.04,0.3592,566,70,0,0,0.003500000000000003,-3.3333333333333712,-0.3333333333333333,1,14,0.005052227231627645,1.809795420701353,0.6408,0
1815,44990.21,8816.16,3282.17,0.3723,789,64,0,0,-0.005066666666666719,5.0,0.0,0,0,0.009472064188971693,0.8754357890193172,0.6276999999999999,0
1816,78459.59,7504.89,1591.95,0.2121,644,52,0,0,-9.999999999998899e-05,0.0,0.0,0,0,0.006475423624065936,0.24348075228379643,0.7879,0
1817,39661.5,8105.47,1754.94,0.2165,679,48,0,0,-0.00990000000000002,7.0,0.0,1,30,0.006002314368456368,0.5309753789853712,0.7835,0
1818,47906.59,5368.4,992.7,0.1849,669,32,0,0,0.002866666666666684,6.333333333333371,0.0,0,0,0.003082522415886773,0.24865890051903286,0.8150999999999999,0
1819,50922.82,1805.56,430.89,0.2386,682,40,0,0,0.02886666666666668,3.3333333333333712,0.0,0,0,0.023784734833735516,0.10153954550791815,0.7614,0
1820,44634.05,500.0,138.08,0.2762,734,72,0,0,-0.001333333333333353,-1.6666666666667425,0.0,0,0,0.005690782020074201,0.03712322766037412,0.7238,0
1821,57351.57,5108.65,1446.09,0.2831,634,24,0,0,-0.010733333333333317,-1.3333333333332575,0.0,0,0,0.009403560200500913,0.30257375685389454,0.7169,0
1822,84284.02,4620.67,892.55,0.1932,713,40,0,0,0.03160000000000002,4.666666666666629,0.0,0,0,0.027758036874229987,0.12707746970867156,0.8068,1
1823,27806.02,5855.35,983.79,0.168,667,27,0,0,0.005766666666666642,4.666666666666629,0.0,1,44,0.008345357991122964,0.42456561546403304,0.832,0
1824,108374.78,5995.19,1094.18,0.1825,657,29,0,0,-0.00013333333333331865,-1.6666666666666288,0.0,0,0,0.0035860842154082128,0.12115512482282445,0.8175,0
1825,77517.66,7818.0,1909.86,0.2443,708,29,0,0,0.004966666666666675,9.333333333333371,0.0,0,0,0.005881704212593867,0.2956528873091907,0.7557,0
1826,47092.2,5094.33,693.86,0.1362,711,24,0,0,-0.0016333333333333477,-1.0,0.0,0,0,0.0026504716561397117,0.1768088982438343,0.8638,0
1827,30081.41,7105.44,1467.4,0.2065,744,30,0,0,0.009300000000000003,5.0,0.0,0,0,0.009929473523024496,0.5853714966477815,0.7935,0
1828,79546.88,5832.82,717.79,0.1231,788,22,0,0,-0.0007999999999999813,-1.0,0.0,0,0,0.0018062391868188476,0.10828180814509152,0.8769,0
1829,60060.8,13508.96,3710.82,0.2747,663,58,0,0,-0.0042999999999999705,5.6666666666667425,0.0,0,0,0.009177887072257487,0.7414127016473815,0.7253000000000001,0
1830,34331.87,11541.78,4460.72,0.3865,663,21,0,0,0.02143333333333336,-3.0,0.0,0,0,0.017025569006644103,1.559153054619226,0.6134999999999999,0
1831,42059.58,8217.7,1686.19,0.2052,767,45,0,0,0.001966666666666672,-5.666666666666629,0.3333333333333333,1,37,0.0027215702167029342,0.48108611627189257,0.7948,0
1832,93205.81,12277.2,2712.71,0.221,601,35,0,0,-0.006900000000000017,7.0,0.0,0,0,0.01146047555732309,0.34925419344361636,0.779,0
1833,97616.87,8309.72,1678.32,0.202,713,42,0,0,-0.0016333333333333477,-1.3333333333333712,0.0,0,0,0.002804064510273936,0.20631515840985495,0.798,0
1834,47962.78,7796.91,1958.21,0.2512,690,45,0,0,0.04493333333333335,-1.3333333333332575,0.0,0,0,0.039176410135579175,0.48993240162727875,0.7488,0
1835,38848.14,8514.09,1836.49,0.2157,753,27,0,0,0.0042999999999999705,2.3333333333333712,0.0,0,0,0.0028315190269535585,0.5672827577637594,0.7843,0
1836,43212.13,8048.86,1134.68,0.141,692,54,0,0,-0.012200000000000016,2.3333333333333712,0.0,0,0,0.01271492998189313,0.31510041269011263,0.859,0
1837,55920.01,500.0,122.89,0.2458,707,21,0,0,0.0041999999999999815,5.333333333333371,-0.3333333333333333,1,23,0.004263507945342654,0.0263712399136471,0.7542,0
1838,47120.31,13471.05,2289.9,0.17,671,31,0,0,-0.000466666666666643,0.33333333333325754,0.0,0,0,0.0018794946129212522,0.5831625469569715,0.83,0
1839,34915.65,9940.87,928.13,0.0934,723,21,0,0,-0.0021000000000000046,-1.3333333333333712,0.0,0,0,0.005469689205064583,0.31898475314571495,0.9066,0
1840,34837.01,9310.3,2584.24,0.2776,717,21,0,0,-0.012733333333333374,0.0,0.0,0,0,0.00709295425052216,0.8901705395875809,0.7223999999999999,0
1841,54369.43,13919.38,4233.44,0.3041,691,43,0,0,0.004799999999999971,5.0,0.0,0,0,0.006586939940349985,0.93437212766048,0.6959,0
1842,20359.04,11535.28,1358.05,0.1177,761,47,0,0,-0.0038333333333333414,-3.3333333333333712,-0.3333333333333333,1,51,0.004731572442410439,0.8004601391025548,0.8823,0
1843,55590.93,6197.59,1755.82,0.2833,744,34,0,0,-0.0015999999999999903,11.333333333333258,0.0,0,0,0.0066607265202662256,0.37901578540693254,0.7167,0
1844,98435.21,4668.86,669.39,0.1434,640,57,0,0,-0.004933333333333317,4.333333333333371,0.0,0,0,0.0027145185781480923,0.08160372694913491,0.8566,0
1845,32328.16,7895.55,2327.06,0.2947,664,49,0,0,-0.006866666666666632,-3.0,0.0,0,0,0.008346872335059296,0.8637893399944361,0.7053,0
1846,88186.84,4705.57,516.38,0.1097,724,28,0,0,-0.006599999999999995,5.333333333333371,0.0,0,0,0.004225451981083725,0.07026626647645845,0.8903,0
1847,61830.58,2865.39,491.9,0.1717,770,66,0,0,-0.0033999999999999864,6.0,0.0,0,0,0.002779588298851326,0.09546732375556548,0.8283,0
1848,39768.5,3066.36,886.31,0.289,638,45,0,0,-0.003566666666666718,-3.6666666666667425,0.0,1,30,0.006008327554319903,0.2674408136286435,0.7110000000000001,0
1849,37682.82,3953.86,1224.9,0.3098,769,48,0,0,0.04936666666666664,0.6666666666666288,0.0,0,0,0.04248470312947943,0.3900663484133938,0.6901999999999999,0
1850,58302.34,6092.52,1782.77,0.2926,690,21,0,0,0.006033333333333335,-1.0,0.0,1,8,0.005737764760291654,0.36693621552062516,0.7074,0
1851,78735.46,14004.21,5113.97,0.3652,798,51,0,0,0.0,-2.0,0.0,0,0,0.0067704217823641695,0.7794155262526822,0.6348,0
1852,31244.09,6995.88,838.69,0.1199,744,22,0,0,-0.005733333333333326,-3.6666666666667425,0.3333333333333333,2,53,0.004873767650505215,0.32211787880954723,0.8801,0
1853,28761.4,5427.32,974.55,0.1796,630,32,0,0,-0.009199999999999986,-3.3333333333333712,0.0,0,0,0.004669612165670474,0.40660746678258747,0.8204,0
1854,95494.85,10044.5,1506.63,0.15,655,46,0,0,0.0005666666666666598,5.666666666666629,0.0,0,0,0.0041595606071368335,0.18932497404549145,0.85,0
1855,30423.18,14621.04,4744.99,0.3245,649,21,0,0,0.0018333333333333535,1.0,0.0,0,0,0.00472228758124704,1.8715952762840984,0.6755,0
1856,78797.14,500.0,167.73,0.3355,626,46,0,0,-0.0025000000000000577,-1.0,0.0,0,0,0.002968632307608636,0.025543566678860135,0.6645,0
1857,35650.29,8326.13,1427.0,0.1714,649,42,0,0,-0.004433333333333345,5.3333333333332575,0.0,0,0,0.007962429138006686,0.48033269839420684,0.8286,0
1858,64902.52,8337.41,3312.56,0.3973,648,26,0,0,0.024666666666666615,-5.333333333333371,0.3333333333333333,1,59,0.016513782122820928,0.6124680519747212,0.6027,0
1859,50866.48,12340.33,2351.78,0.1906,730,28,0,0,-0.01353333333333337,4.666666666666629,0.0,1,33,0.009815817733524693,0.5548125208062804,0.8094,0
1860,68721.51,7275.77,2424.72,0.3333,690,36,0,0,0.006166666666666654,2.3333333333333712,0.0,0,0,0.007168178135187335,0.42339931114609103,0.6667000000000001,0
1861,56985.44,12412.97,4425.29,0.3565,621,62,1,43,0.0077666666666666995,-3.3333333333333712,-0.3333333333333333,4,49,0.0077622483856161035,0.9318780374217951,0.6435,0
1862,193082.59,12562.71,3558.23,0.2832,598,39,1,14,0.02643333333333331,-2.6666666666667425,0.0,2,52,0.019336759753841307,0.22114246549803526,0.7168,0
1863,72205.58,5731.65,1880.1,0.328,788,33,0,0,-0.012433333333333407,-7.0,0.0,0,0,0.012357566283230904,0.3124578460037368,0.6719999999999999,0
1864,75128.45,7730.3,1515.39,0.196,684,21,0,0,-0.0023000000000000242,-6.333333333333371,0.0,0,0,0.003071282757705275,0.24204785267226234,0.804,0
1865,28544.5,8288.13,1725.99,0.2082,717,53,0,0,-0.006166666666666654,3.6666666666667425,0.0,0,0,0.005976574641418305,0.7255996773911894,0.7918000000000001,0
1866,57360.49,11528.28,3218.25,0.2792,664,28,0,0,-0.0010666666666666602,6.0,0.0,0,0,0.0037178622890042573,0.6732683070162193,0.7208,0
1867,60339.79,11185.76,2248.2,0.201,623,56,0,0,-0.012199999999999989,2.6666666666667425,0.0,0,0,0.012887828021474812,0.4471079530544389,0.7989999999999999,0
1868,82536.68,5799.01,1150.46,0.1984,669,59,0,0,-0.004166666666666652,5.666666666666629,0.0,0,0,0.00332306752531117,0.16726526918689746,0.8016,0
1869,28411.98,8196.37,2347.53,0.2864,737,34,0,0,0.009566666666666612,3.6666666666666288,0.0,1,8,0.009076082733083567,0.9914958404202049,0.7136,0
1870,41578.18,6620.05,1468.62,0.2218,705,43,0,0,-0.007099999999999995,1.0,0.0,0,0,0.006458736546552881,0.4238627086350015,0.7782,0
1871,93309.84,3527.52,799.17,0.2266,679,54,0,0,0.0002666666666666373,0.0,0.0,0,0,0.0059620559466606075,0.10277629882086052,0.7734,0
1872,66805.9,4281.48,669.02,0.1563,642,34,0,0,-0.003866666666666657,-4.0,-0.3333333333333333,1,53,0.0036599559803060155,0.12017261946262124,0.8437,0
1873,71182.04,3442.0,742.77,0.2158,687,40,0,0,0.008233333333333315,4.0,0.0,0,0,0.006723610967660473,0.12521754080800984,0.7842,0
1874,47480.57,5924.47,1864.1,0.3146,758,48,0,0,0.05243333333333336,1.0,0.0,0,0,0.04268861089330503,0.4711232403980517,0.6854,0
1875,26526.78,5716.48,572.59,0.1002,627,21,0,0,-0.0027333333333333237,3.6666666666666288,0.0,0,0,0.0017414872315862035,0.2590242764817935,0.8998,0
1876,53066.86,8649.75,2812.02,0.3251,706,31,0,0,-0.0012333333333333085,1.0,0.0,0,0,0.007269303802825803,0.635881602800117,0.6749,0
1877,57191.04,9719.87,2537.31,0.261,625,32,0,0,-0.009066666666666667,-3.6666666666666288,0.0,2,58,0.00886802934390974,0.5323861918512299,0.739,0
1878,67736.91,8067.8,1050.43,0.1302,737,29,0,0,0.004599999999999993,2.3333333333332575,0.0,0,0,0.0029213771486140626,0.1860899766134434,0.8698,0
1879,57212.33,10017.6,2441.13,0.2437,686,36,0,0,-0.025500000000000023,7.0,0.0,0,0,0.023435591403769707,0.5120148050928152,0.7563,0
1880,62140.91,5651.76,2904.73,0.514,614,49,0,0,0.06790000000000002,4.0,0.0,0,0,0.06269491163120375,0.5609309550386182,0.486,0
1881,60742.03,11600.78,3763.32,0.3244,631,36,0,0,0.043166666666666687,8.333333333333258,0.0,0,0,0.03191676675354195,0.7434693899936892,0.6756,0
1882,34516.04,7929.39,2168.38,0.2735,651,21,0,0,-0.014400000000000024,-3.0,0.0,0,0,0.01728120366178236,0.753868635885043,0.7264999999999999,0
1883,43690.95,9581.51,3062.56,0.3196,792,37,0,0,0.010699999999999987,3.6666666666666288,0.0,0,0,0.006955573304911669,0.8411517714745543,0.6804,0
1884,32187.28,3645.58,2322.77,0.6371,641,39,0,0,0.12200000000000005,4.333333333333371,-0.3333333333333333,1,33,0.10209784250631568,0.8659706564086296,0.3629,0
1885,33977.89,5474.33,3851.93,0.7036,555,54,1,20,0.14016666666666666,-19.33333333333337,0.6666666666666666,2,20,0.10979310087614796,1.3603893585998226,0.2964,1
1886,64674.0,6234.21,903.78,0.145,657,55,0,0,-0.0012333333333333363,4.3333333333332575,0.0,0,0,0.003068839809729027,0.1676927358441984,0.855,0
1887,30427.28,4769.72,671.11,0.1407,623,43,0,0,0.0007333333333333358,-2.0,0.0,0,0,0.00671989169886273,0.2646743316137331,0.8593,0
1888,47064.72,7393.35,2696.27,0.3647,656,45,0,0,-0.0017000000000000348,1.3333333333333712,0.0,0,0,0.011422176286116036,0.6874627107470405,0.6353,0
1889,29524.74,12697.7,4926.52,0.388,759,21,0,0,0.06713333333333338,4.0,0.0,0,0,0.054980499068103934,2.002328893530377,0.612,1
1890,70273.36,4076.2,831.19,0.2039,677,48,0,0,-0.006599999999999967,-1.6666666666666288,0.0,0,0,0.004794296379843217,0.14193543610689419,0.7961,0
1891,104610.11,500.0,124.1,0.2482,752,39,0,0,0.007800000000000001,5.0,0.0,0,0,0.0048482241880690455,0.014235717750695142,0.7518,0
1892,57431.87,500.0,153.99,0.308,673,49,0,0,0.004100000000000048,1.6666666666666288,0.0,0,0,0.0065245263770211444,0.032175166847499444,0.692,0
1893,48832.01,6546.39,1107.03,0.1691,657,21,0,0,-0.007400000000000018,2.6666666666666288,0.0,0,0,0.005904659177293809,0.2720420477620212,0.8309,0
1894,65209.72,7015.01,802.57,0.1144,721,31,0,0,-0.004366666666666658,1.0,0.0,0,0,0.004848567944363691,0.14769025228490043,0.8855999999999999,0
1895,78331.74,7033.08,1710.35,0.2432,817,25,0,0,0.019299999999999984,-0.6666666666666288,0.0,0,0,0.011249123422639541,0.2620163933145849,0.7568,0
1896,128865.67,4469.36,981.51,0.2196,708,29,0,0,-0.00959999999999997,-4.333333333333371,0.0,0,0,0.006633458960284429,0.0913984306208412,0.7804,0
1897,41136.68,8018.52,2592.81,0.3234,661,56,0,0,-0.016866666666666696,-3.3333333333333712,0.0,0,0,0.013243300192927762,0.7563498072990772,0.6766,0
1898,61417.18,15866.9,4690.93,0.2956,723,53,0,0,-0.017666666666666664,2.0,0.0,0,0,0.009773177579477418,0.9165376852047188,0.7044,0
1899,27940.39,4707.85,640.32,0.136,643,36,0,0,0.0012666666666666382,-1.6666666666666288,0.0,0,0,0.004890410116862525,0.27500833011636205,0.864,0
1900,24158.21,9171.38,4592.34,0.5007,668,68,0,0,0.1026333333333333,3.0,-0.3333333333333333,1,44,0.08039452717691675,2.28113258277937,0.49929999999999997,1
1901,56051.54,5035.45,1054.97,0.2095,690,31,0,0,0.0041999999999999815,10.0,0.0,0,0,0.0025986107399488946,0.2258571307280712,0.7905,0
1902,35021.82,7776.55,1783.69,0.2294,679,31,0,0,0.004833333333333301,9.666666666666629,0.0,0,0,0.004897703543498723,0.6111698361954336,0.7706,0
1903,42936.79,14748.39,5094.51,0.3454,694,41,0,0,0.06253333333333327,-4.0,0.0,0,0,0.05968345666933174,1.423816731127646,0.6546000000000001,0
1904,56158.0,8157.43,950.08,0.1165,672,44,0,0,-0.004133333333333322,1.6666666666667425,0.0,0,0,0.002087129874040211,0.20301577687175132,0.8835,0
1905,52155.44,5020.2,791.81,0.1577,632,40,0,0,-0.0025000000000000022,-1.6666666666667425,0.0,0,0,0.003351409322127708,0.1821808041081396,0.8423,0
1906,42411.67,5184.69,1450.88,0.2798,580,21,0,0,0.005700000000000038,2.3333333333332575,0.0,0,0,0.0059416140717634906,0.41051342696653637,0.7202,0
1907,47509.45,2970.31,684.96,0.2306,703,35,0,0,-0.009766666666666646,-3.6666666666667425,-0.3333333333333333,1,6,0.006589469713953546,0.17300810676452588,0.7694,0
1908,77763.32,14906.46,4863.78,0.3263,722,41,0,0,-0.0008333333333333526,4.666666666666629,0.0,1,17,0.004029612608896524,0.7505512880750638,0.6737,0
1909,43918.44,5666.44,3435.41,0.6063,645,36,1,18,0.09346666666666659,-4.3333333333332575,0.3333333333333333,1,18,0.07798497362384055,0.9386699525014084,0.39370000000000005,1
1910,54269.65,1902.54,213.42,0.1122,668,27,0,0,0.00026666666666666505,-1.0,0.0,0,0,0.0014251705550954645,0.047191017436701864,0.8878,0
1911,60727.51,4334.42,428.27,0.0988,699,53,0,0,-0.002766666666666681,0.6666666666667425,0.0,0,0,0.003956008088970495,0.08462787291928263,0.9012,0
1912,34026.91,12506.14,3540.28,0.2831,616,24,0,0,0.012500000000000067,-0.33333333333337123,0.3333333333333333,1,33,0.008972473336699158,1.2485224190212314,0.7169,0
1913,113852.2,4182.06,730.3,0.1746,700,40,0,0,0.005700000000000011,3.6666666666667425,0.0,0,0,0.005610357485143991,0.07697347964357577,0.8254,0
1914,46690.51,7947.09,1563.62,0.1968,647,45,0,0,0.020833333333333343,-4.3333333333332575,-0.3333333333333333,1,29,0.017492712768464466,0.4018683881409215,0.8032,0
1915,62719.25,10316.05,2255.97,0.2187,787,54,0,0,-0.008633333333333298,0.0,0.0,0,0,0.012318966857835281,0.43163207459943176,0.7813,0
1916,37619.77,7528.77,1089.41,0.1447,705,38,0,0,-0.00250000000000003,4.333333333333371,-0.3333333333333333,1,54,0.0034933667301202606,0.3475013269839233,0.8553,0
1917,46714.85,12510.52,2155.24,0.1723,663,21,1,14,-0.007433333333333347,-1.3333333333332575,0.3333333333333333,2,17,0.00650463509951001,0.5536329452702171,0.8277,0
1918,64828.39,7328.1,1527.35,0.2084,693,59,0,0,0.015000000000000013,1.6666666666666288,0.0,0,0,0.012563516404432486,0.28271872857875036,0.7916,0
1919,41203.5,8868.26,4627.34,0.5218,728,53,0,0,0.0992333333333334,5.3333333333332575,0.0,0,0,0.08565111077959105,1.3476544464384859,0.47819999999999996,1
1920,40008.73,11324.24,3292.37,0.2907,633,51,0,0,0.02059999999999995,0.33333333333337123,0.0,0,0,0.009430152585073988,0.9874954788154998,0.7093,0
1921,54557.42,6671.1,1806.2,0.2707,628,25,0,0,0.014100000000000001,3.6666666666666288,-0.3333333333333333,1,44,0.011853984327830231,0.397276850614136,0.7293000000000001,0
1922,59317.18,9831.47,1084.42,0.1103,660,56,0,0,0.0010999999999999899,-5.6666666666667425,-0.3333333333333333,1,20,0.001290133498690909,0.21938062459084254,0.8897,0
1923,67502.46,9332.11,2467.0,0.2644,683,66,0,0,-0.012433333333333296,5.666666666666629,0.0,0,0,0.007226994150021436,0.4385617945588539,0.7356,0
1924,41986.86,8152.54,1325.79,0.1626,767,26,0,0,0.010066666666666668,5.333333333333371,0.0,0,0,0.0053764403754818085,0.3789156892287971,0.8374,0
1925,28699.51,7140.1,2185.7,0.3061,706,42,0,0,-0.0027000000000000357,0.6666666666667425,0.0,0,0,0.0023656100927902657,0.9138971358407595,0.6939,0
1926,49158.7,11238.97,3034.16,0.27,577,22,0,0,-0.012333333333333363,-4.666666666666629,0.0,0,0,0.016177565055072753,0.7406607577318373,0.73,0
1927,55527.73,10709.14,2907.14,0.2715,629,30,1,25,-0.017133333333333278,-3.3333333333333712,0.0,2,50,0.01668315018214486,0.6282569086195475,0.7284999999999999,0
1928,79338.08,8013.16,1537.28,0.1918,577,21,0,0,0.008066666666666639,2.6666666666667425,0.0,0,0,0.0062662677177974845,0.23251583599212142,0.8082,0
1929,52986.98,10403.41,3434.49,0.3301,686,65,0,0,0.0008333333333332971,3.0,0.0,0,0,0.0035514081714159425,0.7778114546378423,0.6698999999999999,0
1930,49641.73,7790.65,1344.33,0.1726,639,48,0,0,0.002333333333333326,1.0,0.0,0,0,0.002348935929309268,0.32496772364904253,0.8274,0
1931,19531.0,12566.58,1594.67,0.1269,729,30,0,0,-0.0013333333333333253,5.333333333333371,0.0,0,0,0.001964546880184956,0.979777788553718,0.8731,0
1932,53216.05,10021.48,2647.12,0.2641,638,28,0,0,-0.00379999999999997,7.666666666666629,0.0,0,0,0.004695151163109068,0.5969146524936935,0.7359,0
1933,97011.44,500.0,168.1,0.3362,626,21,0,0,0.0009666666666666712,0.33333333333325754,0.0,0,0,0.002802578178114657,0.020793423948252687,0.6638,0
1934,98485.23,9777.38,1511.45,0.1546,637,38,0,0,-0.006200000000000011,-4.3333333333332575,-0.3333333333333333,1,26,0.005769411678075259,0.18416365578665997,0.8454,0
1935,40833.08,11181.47,1519.81,0.1359,765,29,0,0,-0.0063,-3.0,0.6666666666666666,2,53,0.0035110935301950834,0.44664081168112496,0.8641,0
1936,34467.44,11280.17,1689.34,0.1498,670,34,1,30,0.015133333333333332,2.6666666666666288,0.3333333333333333,1,30,0.01222781437724847,0.5881516002622237,0.8502000000000001,1
1937,34627.74,8048.04,2177.8,0.2706,642,21,0,0,0.0069666666666666766,4.666666666666629,0.0,0,0,0.0042614551505324935,0.7547012883585122,0.7294,0
1938,74209.53,8769.29,2889.24,0.3295,784,30,0,0,-0.006700000000000039,0.6666666666667425,0.0,0,0,0.00436981438710819,0.4672025276860474,0.6705,0
1939,49477.32,11762.49,3467.83,0.2948,787,39,0,0,-0.00019999999999997797,1.3333333333332575,0.0,0,0,0.003115686120263066,0.8410714240364503,0.7052,0
1940,43546.02,8164.77,1514.83,0.1855,737,45,0,0,-0.0070666666666666655,10.0,0.0,0,0,0.009875094936252526,0.41744251242686914,0.8145,0
1941,45409.36,6896.1,1984.63,0.2878,727,25,0,0,0.010633333333333328,-11.0,0.0,0,0,0.0075500183958569006,0.5244636787152789,0.7121999999999999,0
1942,90049.08,3933.17,1265.08,0.3216,692,42,0,0,-0.0030000000000000027,6.0,0.0,0,0,0.00496990945591569,0.16858539807377237,0.6784,0
1943,88042.16,11246.94,2217.26,0.1971,644,43,0,0,-0.006399999999999961,3.3333333333332575,0.0,1,41,0.003707687209628725,0.3022088508093565,0.8029,0
1944,97313.98,2136.07,328.73,0.1539,768,48,0,0,0.0014333333333333143,-6.0,0.0,0,0,0.002789912384128058,0.04053641624269774,0.8461,0
1945,62162.53,3567.88,785.38,0.2201,663,21,0,0,0.0012666666666666382,2.6666666666666288,0.0,1,18,0.006139987332596416,0.15161158978215108,0.7799,0
1946,50300.51,5088.48,2361.1,0.464,662,39,0,0,0.08229999999999998,5.0,0.0,0,0,0.07046781968466961,0.563278582925713,0.536,0
1947,51856.54,6921.57,2640.3,0.3815,661,45,0,0,0.022266666666666712,5.333333333333371,0.0,0,0,0.025356973618930013,0.61098561517348,0.6185,1
1948,40459.5,5395.14,1689.95,0.3132,682,24,0,0,-0.003966666666666674,5.333333333333371,0.0,0,0,0.003650152203828107,0.5012271529303446,0.6868000000000001,0
1949,24701.89,7493.34,1321.03,0.1763,691,39,0,0,0.014966666666666656,4.333333333333371,0.0,0,0,0.015970998020718,0.6417468457797779,0.8237,1
1950,56194.21,10325.77,1485.3,0.1438,577,32,0,0,-0.0018333333333333257,3.6666666666666288,0.0,0,0,0.003768288736283345,0.3171785847010547,0.8562,0
1951,40403.59,5916.37,1766.87,0.2986,683,21,0,0,-0.0003666666666666818,-6.0,-0.3333333333333333,1,19,0.0061298450225107624,0.5247662396758013,0.7014,0
1952,44878.28,9272.39,2592.33,0.2796,579,56,0,0,-0.022499999999999964,6.0,0.0,0,0,0.013146957823009854,0.6931629285186964,0.7203999999999999,0
1953,84631.35,12775.15,6860.43,0.537,707,39,0,0,0.10426666666666667,-7.333333333333371,0.0,0,0,0.09368564457802489,0.9727501686824918,0.46299999999999997,1
1954,90042.61,7009.63,1204.51,0.1718,726,21,0,0,-0.0017333333333333645,5.666666666666629,0.0,0,0,0.0035644463494037336,0.16052533348459908,0.8282,1
1955,78739.42,5662.4,811.76,0.1434,695,51,0,0,-0.0040999999999999925,-8.333333333333371,-0.3333333333333333,1,26,0.003051274779133762,0.12371338268068827,0.8566,0
1956,28725.25,10049.04,1534.48,0.1527,646,45,0,0,-0.012933333333333297,-4.333333333333371,0.3333333333333333,1,26,0.00800272523026445,0.6410304520346258,0.8472999999999999,0
1957,59630.5,19225.55,12675.22,0.6593,549,33,0,0,0.12076666666666674,-20.0,0.6666666666666666,2,57,0.10157543994490005,2.550752382914632,0.3407,0
1958,49718.13,13539.38,2059.89,0.1521,655,33,0,0,0.0025666666666666615,-2.3333333333333712,0.0,0,0,0.003999722212576496,0.4971763820166583,0.8479,0
1959,52867.53,16835.23,3742.23,0.2223,682,58,0,0,0.019600000000000006,2.0,0.0,0,0,0.018099915592191144,0.8494204285656424,0.7777000000000001,0
1960,53730.89,14059.64,3931.55,0.2796,694,21,0,0,0.0022000000000000353,-2.3333333333332575,-0.3333333333333333,1,30,0.006063437785429789,0.8780535738280784,0.7203999999999999,0
1961,54426.78,12057.11,2350.62,0.195,489,40,0,0,0.001600000000000018,-5.666666666666686,0.3333333333333333,1,51,0.0022756561935211427,0.5182639868421544,0.8049999999999999,0
1962,61146.37,1084.32,356.99,0.3292,704,35,0,0,-0.01213333333333333,4.666666666666629,0.0,0,0,0.009670071239539944,0.0700594327865953,0.6708000000000001,0
1963,86390.15,11640.01,1570.55,0.1349,620,52,0,0,0.002799999999999997,0.33333333333325754,0.0,0,0,0.002509537363295828,0.21815681530107447,0.8651,0
1964,38283.24,4552.12,1400.01,0.3076,683,24,0,0,-0.007233333333333314,8.0,0.0,0,0,0.004484448436293766,0.43883746502997006,0.6924,0
1965,39368.01,10209.35,4173.03,0.4087,705,60,0,0,0.04833333333333334,0.33333333333337123,0.0,0,0,0.05269902223423547,1.2720063824596652,0.5912999999999999,0
1966,49499.45,3895.09,982.97,0.2524,728,27,0,0,0.0003666666666666818,-6.666666666666629,0.3333333333333333,1,13,0.0037269290307168513,0.2382984052780469,0.7476,0
1967,95299.5,9819.3,1128.79,0.115,670,55,0,0,0.006300000000000014,-1.6666666666666288,-0.3333333333333333,1,22,0.005008770086336342,0.1421358978619444,0.885,0
1968,49495.65,9216.27,1337.18,0.1451,692,30,0,0,0.0021999999999999797,12.333333333333371,0.0,0,0,0.002209889388886035,0.3241933381238489,0.8549,0
1969,61343.56,7166.84,1701.48,0.2374,679,50,0,0,0.04779999999999998,0.0,0.0,0,0,0.03869496091224281,0.33284276289158776,0.7626,0
1970,32181.17,6915.81,863.02,0.1248,662,38,0,0,-0.007566666666666694,13.666666666666629,0.0,0,0,0.0035094317362090294,0.3218105493410673,0.8752,0
1971,57521.25,8815.74,3005.76,0.341,635,26,0,0,0.026833333333333376,6.0,0.0,0,0,0.026301177624670068,0.6270573047782395,0.659,0
1972,88713.55,11169.04,4562.82,0.4085,568,39,0,0,0.0876333333333334,8.333333333333258,0.0,0,0,0.0673620524561946,0.6171981618658436,0.5915,1
1973,21494.65,5686.11,1940.7,0.3413,698,36,0,0,0.005799999999999972,-0.6666666666666288,0.0,0,0,0.009832570591887156,1.0834509976667954,0.6587000000000001,0
1974,40180.21,1293.05,158.13,0.1223,717,21,0,0,-0.004466666666666688,-2.6666666666666288,0.0,0,0,0.003216925723592498,0.04722623399512559,0.8777,0
1975,39162.17,9528.67,2741.62,0.2877,615,50,0,0,-0.01980000000000004,0.6666666666667425,0.0,2,42,0.014311456172513582,0.8400821504507798,0.7122999999999999,0
1976,39494.84,500.0,105.03,0.2101,664,28,0,0,0.004899999999999988,3.3333333333333712,0.0,0,0,0.0046162153810718545,0.03191201685124072,0.7899,0
1977,70119.98,5305.48,3126.47,0.5893,696,43,0,0,0.09516666666666673,-3.3333333333333712,0.3333333333333333,1,25,0.08084641474906466,0.5350492112744386,0.41069999999999995,1
1978,29231.29,4031.32,1858.5,0.461,685,45,0,0,0.054166666666666696,-0.33333333333337123,-0.3333333333333333,1,33,0.044613453999637585,0.7629495650326963,0.5389999999999999,0
1979,37173.62,7671.2,2489.78,0.3246,656,60,0,0,0.0014666666666666717,-6.333333333333371,0.0,0,0,0.004655403073610023,0.8037247916763367,0.6754,0
1980,33800.32,4282.57,1579.7,0.3689,649,39,0,0,0.021133333333333337,-3.6666666666666288,0.0,0,0,0.01753789547744475,0.5608349268074971,0.6311,0
1981,26514.04,2589.21,349.47,0.135,637,45,0,0,0.0018666666666666831,1.3333333333333712,0.0,0,0,0.00495364624404198,0.15816676742216573,0.865,0
1982,38768.99,10190.91,1220.95,0.1198,656,32,0,0,-0.008333333333333318,0.6666666666666288,0.0,0,0,0.006800183821044843,0.37791544209599004,0.8802,0
1983,66864.47,4360.1,1164.69,0.2671,700,28,0,0,0.0551666666666667,-4.333333333333371,0.0,1,17,0.04451480090936049,0.2090240152579047,0.7329,0
1984,43285.65,5431.83,1671.82,0.3078,654,44,0,0,0.002533333333333332,-1.0,-0.3333333333333333,1,53,0.004018706259482007,0.46347553968666966,0.6921999999999999,0
1985,54780.91,4927.38,1139.69,0.2313,696,38,0,0,0.00930000000000003,0.0,0.0,0,0,0.00807858967339667,0.24965412215686358,0.7686999999999999,0
1986,50830.64,11492.21,5345.1,0.4651,608,29,0,0,0.08233333333333337,-0.33333333333325754,0.0,0,0,0.0649509964853846,1.2618609560071972,0.5348999999999999,0
1987,48925.1,8028.85,2787.2,0.3471,716,53,0,0,0.0006333333333332636,12.0,0.0,0,0,0.004344824507388102,0.6836245606405813,0.6529,0
1988,24714.93,7911.18,2851.13,0.3604,694,53,0,0,0.027200000000000002,1.3333333333333712,0.0,0,0,0.015713051899615183,1.3843276102092166,0.6396,0
1989,49289.67,9619.76,1740.75,0.181,784,44,0,0,0.022733333333333355,-0.33333333333337123,0.0,0,0,0.01812449999310325,0.4238007678873563,0.819,0
1990,59490.82,7034.7,1368.68,0.1946,719,51,0,0,-0.004666666666666652,-4.666666666666629,0.0,0,0,0.004757654650957525,0.27607889749522785,0.8054,0
1991,47836.68,7585.58,2525.55,0.3329,724,45,0,0,0.006733333333333369,0.0,0.0,0,0,0.005275835900067817,0.633543130342605,0.6671,0
1992,26892.48,2412.86,664.62,0.2755,665,41,0,0,0.004433333333333345,-2.6666666666667425,0.0,1,41,0.0034705106892854278,0.29656766488033787,0.7244999999999999,0
1993,65426.81,12754.25,2123.51,0.1665,695,21,0,0,-0.004399999999999987,-4.333333333333371,0.0,0,0,0.003691807747492328,0.38947520130243707,0.8335,0
1994,40196.15,11804.84,1527.05,0.1294,715,56,0,0,-0.001700000000000007,5.3333333333332575,0.0,0,0,0.0026358637631292456,0.45587948085897395,0.8706,0
1995,50673.61,4394.52,827.44,0.1883,713,45,0,0,-0.0018666666666666831,7.333333333333371,0.0,0,0,0.0046945299137518695,0.19594577922608336,0.8117,0
1996,37941.52,10267.47,1695.23,0.1651,662,46,0,0,-0.00216666666666665,10.333333333333371,0.0,0,0,0.003182155104816727,0.5361609127300665,0.8349,0
1997,31780.32,9530.99,2343.72,0.2459,639,44,0,0,0.002366666666666656,-8.0,0.0,0,0,0.004074002945507043,0.8849703209212605,0.7541,0
1998,30166.72,12856.05,4122.39,0.3207,674,21,0,0,0.0043999999999999595,-2.6666666666666288,0.0,0,0,0.004664225552007539,1.639842846034368,0.6793,0
1999,35162.09,11114.97,1532.08,0.1378,696,50,0,0,0.004633333333333323,4.666666666666629,0.0,0,0,0.0050448268332796,0.5228631174576268,0.8622,0
2000,56459.87,11942.85,4001.11,0.335,766,28,0,0,0.008766666666666645,8.666666666666742,0.0,0,0,0.006808817812219698,0.8503972819950741,0.665,0
2001,51640.07,10806.03,2400.65,0.2222,694,38,0,0,-0.009433333333333349,-5.666666666666629,0.3333333333333333,1,7,0.006194711005724515,0.5578574930921997,0.7778,0
2002,161887.77,8917.6,1360.11,0.1525,629,37,0,0,0.011666666666666686,4.0,0.0,0,0,0.008080085258076053,0.10081873385982261,0.8475,0
2003,69620.19,9786.7,2773.68,0.2834,604,49,0,0,0.0005999999999999339,-11.333333333333371,-0.3333333333333333,1,20,0.004542851527399958,0.47808200457745104,0.7166,0
2004,73928.88,6058.34,1716.06,0.2833,688,47,0,0,0.00216666666666665,7.333333333333371,0.0,0,0,0.005608723364347548,0.2785477068860968,0.7167,0
2005,48782.73,6829.53,1952.19,0.2858,736,40,0,0,0.0049000000000000155,-2.3333333333333712,0.0,0,0,0.008843327679354907,0.48021666672278074,0.7142,0
2006,53858.13,8960.59,2210.62,0.2467,616,34,0,0,-0.0019000000000000128,-3.3333333333333712,0.0,0,0,0.005090186637049765,0.49254290845392296,0.7533,0
2007,35016.63,500.0,90.42,0.1808,752,45,0,0,-0.0004333333333333411,2.6666666666667425,0.0,1,46,0.0031699544336017045,0.03098641987044907,0.8192,0
2008,74997.88,16582.29,4715.96,0.2844,744,38,0,0,-0.005766666666666698,-0.6666666666666288,0.0,0,0,0.006365139432879694,0.7545749291972665,0.7156,0
2009,49410.67,5625.61,1159.63,0.2061,709,35,0,0,0.0016666666666666774,-9.333333333333371,0.3333333333333333,1,22,0.0015020356557389418,0.2816306679634264,0.7939,0
2010,90770.04,7661.42,1219.78,0.1592,740,21,0,0,-0.002433333333333343,12.0,0.0,0,0,0.004966638702382114,0.1612576131735197,0.8408,0
2011,44504.84,7966.08,1438.39,0.1806,659,21,0,0,-0.0008333333333333248,8.666666666666629,0.0,0,0,0.003925274229627509,0.38783826647497094,0.8194,0
2012,42304.08,4151.95,1588.27,0.3825,772,47,0,0,0.03300000000000003,4.666666666666629,0.0,0,0,0.02146033809405413,0.45052959418083655,0.6174999999999999,0
2013,44506.91,13964.97,5192.55,0.3718,655,21,0,0,0.010866666666666636,2.0,-0.3333333333333333,1,37,0.008138710654096944,1.4000208053805523,0.6282,0
2014,46261.18,5520.73,1879.85,0.3405,753,34,0,0,0.03130000000000005,3.0,0.0,0,0,0.025486172721693616,0.487626990797651,0.6595,0
2015,49241.23,5749.98,1674.03,0.2911,674,37,0,0,-0.005933333333333346,2.0,0.0,0,0,0.009102746838180222,0.4079581276727754,0.7089,0
2016,42599.47,6695.04,1910.03,0.2853,741,38,0,0,-0.0049000000000000155,5.0,0.0,0,0,0.007543337752245011,0.5380433135328557,0.7147,0
2017,40445.53,9574.67,2430.44,0.2538,656,46,0,0,-0.0030000000000000027,9.0,0.0,0,0,0.006282515419797995,0.7211002054206436,0.7462,0
2018,61736.03,15147.02,3840.87,0.2536,653,41,0,0,0.006533333333333363,-1.0,0.0,0,0,0.005503736104784747,0.746572787253102,0.7464,0
2019,43507.62,2144.84,1514.68,0.7062,728,23,1,39,0.14750000000000002,-6.666666666666629,0.6666666666666666,2,58,0.118401876862001,0.41776957680026544,0.29379999999999995,1
2020,71888.78,7004.28,1240.56,0.1771,622,34,0,0,-0.0019333333333333147,2.3333333333333712,0.0,0,0,0.004234678264047925,0.20707988085922505,0.8229,0
2021,39048.95,13118.94,3276.05,0.2497,634,34,1,7,0.007133333333333353,4.333333333333371,0.3333333333333333,1,7,0.00426145515053251,1.006751781748779,0.7503,0
2022,106572.84,6826.76,1582.41,0.2318,732,21,0,0,-0.0040000000000000036,-2.6666666666666288,-0.3333333333333333,1,26,0.005334192639107729,0.17817785467537384,0.7682,0
2023,82632.66,1358.2,357.03,0.2629,668,29,0,0,-0.003433333333333344,4.666666666666629,0.0,0,0,0.0077018035405856606,0.051848264347024775,0.7371,0
2024,42267.34,6367.87,2796.81,0.4392,658,33,0,0,0.07683333333333331,7.0,0.0,0,0,0.06273043741101901,0.7940343534859678,0.5608,1
2025,30332.11,4667.96,1581.47,0.3388,633,34,0,0,0.014000000000000012,-5.0,0.3333333333333333,1,19,0.009224619835587332,0.6256617159997132,0.6612,0
2026,32610.82,11787.35,2212.11,0.1877,723,46,0,0,0.0004666666666666708,3.3333333333332575,0.0,0,0,0.0037868559225005863,0.8140034500890184,0.8123,0
2027,64981.12,7701.91,1291.12,0.1676,668,46,0,0,0.00843333333333332,7.0,0.0,1,18,0.004494842723734745,0.2384298700474667,0.8324,0
2028,84728.77,6997.79,1671.72,0.2389,649,34,0,0,0.0021999999999999797,2.6666666666666288,0.0,0,0,0.003952847075210465,0.23676302626792342,0.7611,0
2029,74929.62,14505.07,3569.42,0.2461,740,36,0,0,0.03376666666666664,1.0,0.0,0,0,0.03181453196959597,0.5716436302912024,0.7539,0
2030,60278.76,3180.77,829.01,0.2606,701,21,0,0,-0.002033333333333387,0.0,0.0,1,9,0.002830832229417902,0.16503524621308693,0.7394000000000001,0
2031,16524.17,3134.64,348.75,0.1113,809,39,0,0,0.0004333333333333411,0.33333333333337123,0.0,0,0,0.0019500000000000003,0.25326536806150113,0.8887,0
2032,53182.49,8591.9,3083.83,0.3589,714,49,0,0,0.012933333333333297,9.333333333333371,0.0,0,0,0.01146025741421196,0.6958297738908058,0.6411,0
2033,45824.92,11067.68,3561.71,0.3218,788,34,0,0,0.0006333333333333746,4.666666666666629,0.0,0,0,0.004384283800627462,0.9326916443892909,0.6782,0
2034,53771.86,12025.56,2209.81,0.1838,684,24,0,0,0.008233333333333342,-3.0,0.0,0,0,0.0051412006812071075,0.49315236620199054,0.8162,0
2035,68726.04,11273.85,1739.04,0.1543,665,21,1,53,0.020933333333333304,0.0,0.3333333333333333,1,53,0.01584020026528845,0.3036473510820096,0.8457,1
2036,81270.82,5149.49,830.76,0.1613,691,46,0,0,-0.0021333333333333204,-1.0,0.0,0,0,0.001978635893740941,0.1226654289759598,0.8387,0
2037,69911.71,3991.97,1153.05,0.2888,727,46,0,0,0.04943333333333333,-2.3333333333333712,0.0,0,0,0.04584591342505652,0.19791534204534567,0.7112,1
2038,44758.81,1065.19,397.54,0.3732,724,52,0,0,0.05933333333333335,-4.666666666666629,0.0,0,0,0.050495349070758734,0.10658192205559124,0.6268,1
2039,38267.13,8049.55,1472.51,0.1829,738,41,0,0,-0.009333333333333305,6.3333333333332575,0.0,0,0,0.011593580599241607,0.4617571266635077,0.8170999999999999,0
2040,136654.52,11479.3,2306.89,0.201,690,48,0,0,-0.013599999999999973,6.666666666666629,0.0,0,0,0.007415880108104348,0.20257419950374939,0.7989999999999999,0
2041,35414.09,11437.16,1690.46,0.1478,749,41,0,0,0.004466666666666674,0.0,0.0,0,0,0.0037419172150709697,0.572809296896413,0.8522000000000001,0
2042,32109.75,3955.71,647.97,0.1638,750,47,0,0,-0.010099999999999998,-3.3333333333333712,0.0,0,0,0.008309499249520276,0.2421582228791598,0.8362,0
2043,98607.76,5228.81,1485.62,0.2841,678,54,0,0,0.019699999999999995,0.33333333333337123,0.0,0,0,0.011089409362089598,0.18079145087395251,0.7159,0
2044,33855.23,11150.93,2100.82,0.1884,730,21,0,0,0.0026333333333333486,-1.0,0.0,0,0,0.005147572243300709,0.7446365005071406,0.8116,0
2045,51639.37,1970.53,608.58,0.3088,715,42,0,0,0.01533333333333331,-4.3333333333332575,-0.3333333333333333,1,54,0.00850102934943764,0.1414223294804513,0.6912,0
2046,45099.6,7313.05,2270.12,0.3104,695,46,0,0,0.0024000000000000132,0.33333333333325754,0.0,0,0,0.0026247751226427768,0.6040284169427591,0.6896,0
2047,61921.77,3387.39,736.14,0.2173,691,29,0,0,0.005033333333333334,-2.6666666666666288,0.3333333333333333,1,58,0.004046843763285707,0.14265871273201808,0.7827,0
2048,31776.35,13761.82,4544.8,0.3302,600,38,0,0,0.008400000000000019,-9.0,-0.3333333333333333,1,8,0.0059860485946722644,1.7162952944376701,0.6698,0
2049,53491.66,10232.41,3358.52,0.3282,764,38,0,0,-0.0036333333333333773,7.0,0.0,1,16,0.00986953787052755,0.7534303476646421,0.6718,0
2050,81131.0,10495.42,2163.85,0.2062,714,43,0,0,-0.010566666666666669,-1.3333333333333712,0.0,0,0,0.005106069373250282,0.3200527541403331,0.7938000000000001,0
2051,39812.69,500.0,150.83,0.3017,687,50,0,0,0.008699999999999986,5.0,0.0,0,0,0.006183805013456065,0.04546188663600619,0.6982999999999999,0
2052,34519.24,3211.71,514.34,0.1601,641,44,0,0,-0.017066666666666647,-1.3333333333332575,0.0,0,0,0.012706734872149943,0.17880115546733902,0.8399,0
2053,35684.23,11467.26,1792.86,0.1563,688,27,0,0,0.0038333333333333552,0.33333333333337123,0.0,0,0,0.004569585441931372,0.6029083433428464,0.8437,0
2054,60849.95,12634.47,2285.08,0.1809,717,32,0,0,0.0008666666666666822,2.6666666666666288,0.0,0,0,0.0037570304467461763,0.45063241620728384,0.8190999999999999,0
2055,119296.66,4098.0,1399.24,0.3414,693,25,0,0,0.04469999999999996,-2.0,0.0,0,0,0.037187968484444,0.14074895305795662,0.6586000000000001,1
2056,21424.97,5924.28,1732.44,0.2924,710,38,0,0,-0.0016000000000000458,-2.0,0.0,0,0,0.007695525395391197,0.970329479497803,0.7076,0
2057,53459.66,14992.58,5777.64,0.3854,683,47,0,0,0.01416666666666666,4.0,0.0,0,0,0.01675130177362678,1.2968971367277162,0.6146,0
2058,17580.27,11990.77,1567.12,0.1307,760,48,0,0,0.00573333333333334,-0.6666666666666288,0.0,0,0,0.005832547566125047,1.0696900552246191,0.8693,0
2059,33912.33,11505.39,1792.93,0.1558,739,32,0,0,0.01849999999999999,-1.0,0.0,0,0,0.01591357736162565,0.6344347319215985,0.8442000000000001,1
2060,37498.57,12889.59,3737.58,0.29,701,23,0,0,-0.003166666666666651,2.0,0.0,0,0,0.004765180420975107,1.196071209799391,0.71,0
2061,30147.63,6245.12,2355.27,0.3771,670,35,0,0,0.009099999999999941,-4.3333333333332575,0.3333333333333333,1,26,0.024879381244538847,0.9374945887537449,0.6229,0
2062,60775.03,14670.58,3684.83,0.2512,748,35,0,0,-0.0015999999999999903,7.666666666666629,0.0,0,0,0.003289545730205167,0.7275678842325406,0.7488,0
2063,67890.7,6060.68,1084.65,0.179,746,34,1,21,-0.005399999999999988,0.0,0.3333333333333333,1,21,0.0033142788724614615,0.1917169803478149,0.821,0
2064,47460.54,12436.29,5086.81,0.409,710,42,0,0,0.08646666666666664,0.0,0.0,1,8,0.07143260810022267,1.2861573000342204,0.591,0
2065,80355.23,6893.9,1822.05,0.2643,646,59,0,0,0.0367666666666667,-7.6666666666667425,0.0,0,0,0.02951088782127708,0.27209927713149235,0.7357,1
2066,37809.39,10657.86,1897.64,0.1781,553,43,0,0,-0.007900000000000018,-5.0,0.0,0,0,0.006914136083255653,0.6022757836815853,0.8219,1
2067,104550.61,8393.78,1491.21,0.1777,751,21,0,0,-0.006433333333333319,-4.333333333333371,0.3333333333333333,1,43,0.0044018304273462285,0.17115653364381253,0.8223,0
2068,45912.39,2285.52,307.84,0.1347,646,35,0,0,0.0005333333333333301,8.333333333333371,0.0,0,0,0.0018648056198971438,0.08045932697109622,0.8653,0
2069,49558.06,9076.4,1155.31,0.1273,773,47,0,0,0.0012000000000000066,-4.666666666666629,0.0,0,0,0.001635542723379608,0.2797470279636256,0.8727,0
2070,42386.98,7820.55,2354.88,0.3011,789,23,0,0,0.026599999999999957,1.0,0.0,0,0,0.017013948525972586,0.6666801926440581,0.6989000000000001,0
2071,63322.94,3760.96,1037.83,0.2759,641,33,2,32,-0.007599999999999996,-6.333333333333371,0.6666666666666666,2,32,0.010362807427419395,0.19667374884425634,0.7241,0
2072,54360.44,11343.88,3251.03,0.2866,680,30,0,0,-0.007099999999999995,5.666666666666629,0.0,0,0,0.010322117569138178,0.7176608576271286,0.7134,0
2073,45302.91,3463.42,1066.59,0.308,788,38,0,0,0.009066666666666667,-3.3333333333333712,0.0,0,0,0.00785314869618833,0.2825222484959516,0.692,0
2074,36326.41,14434.73,2471.02,0.1712,736,44,0,0,0.006266666666666643,-2.3333333333333712,0.0,0,0,0.00604524606612501,0.8162722380275048,0.8288,0
2075,38934.27,4506.33,788.19,0.1749,689,44,0,0,-0.0033666666666666567,0.0,0.0,0,0,0.0021679483388678845,0.2429294294482688,0.8251,0
2076,50466.88,3730.19,1993.08,0.5343,646,29,0,0,0.09873333333333334,-8.0,0.3333333333333333,1,43,0.08700380898430701,0.4739139807000756,0.4657,0
2077,41673.09,8049.88,5413.22,0.6725,636,21,0,0,0.12236666666666662,-9.666666666666629,0.3333333333333333,1,46,0.1020504464032917,1.5587670600211025,0.3275,0
2078,93927.29,2412.63,711.56,0.2949,776,29,0,0,0.05256666666666665,-1.6666666666666288,0.0,0,0,0.040120717147683754,0.09090776492017502,0.7051000000000001,1
2079,97381.28,4712.57,582.96,0.1237,708,25,0,0,-0.0023666666666666697,5.3333333333332575,0.0,0,0,0.0027035984251446155,0.07183639400856061,0.8763,0
2080,46286.44,4244.13,765.44,0.1804,747,53,0,0,0.004466666666666647,-1.6666666666667425,0.0,0,0,0.003404776057246647,0.19844429594539284,0.8196,0
2081,52258.29,7819.19,2199.11,0.2812,756,32,0,0,-0.012333333333333307,2.0,0.0,0,0,0.013135141584484146,0.5049786358095578,0.7188,0
2082,56425.52,3352.39,524.92,0.1566,670,33,0,0,-0.0015000000000000013,1.0,0.0,0,0,0.003789459064299285,0.11163459368492101,0.8434,0
2083,85144.77,10310.09,2138.25,0.2074,722,28,0,0,-0.004966666666666619,3.6666666666667425,0.0,0,0,0.005547296638904399,0.30135732349014166,0.7926,0
2084,34669.7,6612.24,2464.66,0.3727,783,29,0,0,0.009533333333333283,11.666666666666629,0.0,0,0,0.008788834456918106,0.8530768939380231,0.6273,0
2085,47296.21,3530.26,403.71,0.1144,590,41,0,0,-1.3877787807814457e-17,-6.0,0.0,0,0,0.00340114359852355,0.10242934896413154,0.8855999999999999,0
2086,65986.06,9138.6,2340.08,0.2561,685,39,0,0,-0.007299999999999973,-4.666666666666629,0.0,2,21,0.005312955862794253,0.4255589740453255,0.7439,0
2087,21905.19,8421.09,1812.57,0.2152,711,41,0,0,0.019000000000000017,6.333333333333371,0.0,0,0,0.014757888662602718,0.9929537241212952,0.7847999999999999,0
2088,49175.84,18918.92,2484.71,0.1313,683,42,0,0,-0.002433333333333343,-6.0,0.0,0,0,0.0021696773953747096,0.606324568990059,0.8687,0
2089,41119.48,500.0,53.69,0.1074,649,42,0,0,0.0033999999999999864,-1.3333333333333712,0.0,0,0,0.0023766806918707304,0.015668486075504313,0.8926000000000001,0
2090,82092.75,19289.96,2815.94,0.146,618,43,0,0,0.003599999999999992,4.333333333333371,0.0,0,0,0.0044493757364875725,0.4116231944362994,0.854,0
2091,63972.68,9671.98,3481.81,0.36,690,28,0,0,0.012033333333333396,5.666666666666629,0.0,0,0,0.012505676488876733,0.6531181746983646,0.64,0
2092,49773.55,4760.7,745.68,0.1566,707,32,0,0,0.003333333333333327,1.3333333333333712,0.0,0,0,0.003955376088313209,0.17977741185514534,0.8434,0
2093,25682.05,13228.0,2235.91,0.169,779,26,0,0,0.0013333333333333253,4.0,0.0,0,0,0.0031716627255186603,1.0447343567769392,0.831,0
2094,39760.8,8154.72,2328.6,0.2856,715,25,0,0,0.017266666666666652,-3.6666666666667425,0.0,0,0,0.009783276547251443,0.702782639976223,0.7143999999999999,0
2095,73477.7,500.0,197.54,0.3951,688,48,0,0,0.06593333333333329,-1.3333333333332575,0.0,0,0,0.05659857428514532,0.03226121666318985,0.6049,1
2096,53009.32,12213.91,2614.32,0.214,625,21,0,0,0.02046666666666666,-8.666666666666629,0.0,0,0,0.019468885432915774,0.5918174387616779,0.786,1
2097,159748.34,10694.18,2893.43,0.2706,634,56,0,0,0.0032666666666666955,-1.0,0.0,0,0,0.0031254777412599005,0.21734911296976112,0.7294,0
2098,67588.36,12444.07,6175.84,0.4963,704,48,0,0,0.07443333333333335,-1.6666666666667425,-0.3333333333333333,1,11,0.05812576403321029,1.0964917625881452,0.5037,1
2099,39852.74,7390.22,764.37,0.1034,773,59,0,0,-0.0008333333333333248,-1.0,0.0,0,0,0.001954979397447564,0.23015832781480272,0.8966,0
2100,25830.47,2007.25,550.78,0.2744,696,28,0,0,0.00013333333333331865,0.6666666666667425,0.0,0,0,0.008779632363854668,0.2558745542349599,0.7256,0
2101,58780.54,500.0,109.67,0.2193,755,25,0,0,0.04633333333333334,5.0,0.0,0,0,0.037782186425763,0.022389042355366786,0.7807,0
2102,46616.07,6264.29,1594.73,0.2546,696,45,0,0,-0.009566666666666668,5.0,-0.3333333333333333,2,55,0.006749999999999967,0.4105185185081835,0.7454000000000001,0
2103,106096.48,3401.61,435.94,0.1282,746,40,0,0,0.0010000000000000286,-13.0,0.0,0,0,0.0022030912625470417,0.049306819598617393,0.8718,0
2104,49860.36,6897.45,1451.82,0.2105,627,21,0,0,0.0031999999999999806,1.6666666666666288,0.0,0,0,0.002686902388335758,0.3494126395358366,0.7895,0
2105,39316.87,3400.21,1014.42,0.2983,786,55,0,0,0.008699999999999986,5.333333333333371,0.0,0,0,0.004003991064481106,0.30961365938551655,0.7017,0
2106,43417.6,13626.59,2273.15,0.1668,571,40,0,0,-9.999999999998899e-05,-1.0,0.0,0,0,0.002354664401659922,0.6282659564890922,0.8331999999999999,0
2107,55786.29,10099.21,1745.73,0.1729,618,42,0,0,-0.003599999999999992,6.3333333333332575,0.0,0,0,0.00405096010567591,0.37551807075705845,0.8271,0
2108,24187.93,1433.67,1029.24,0.7179,565,21,0,0,0.15193333333333336,-15.333333333333371,0.3333333333333333,3,56,0.12006017704097856,0.5106216197034033,0.2821,1
2109,47078.04,8063.0,1443.94,0.1791,558,23,0,0,-0.0031333333333333213,9.0,0.0,0,0,0.005165994579942964,0.36805440488990937,0.8209,0
2110,44550.87,10425.99,1101.84,0.1057,599,31,0,0,0.0015000000000000013,-2.0,-0.3333333333333333,2,47,0.003003377728121753,0.2967861232886937,0.8943,0
2111,61932.53,3730.08,697.87,0.1871,618,51,0,0,0.006199999999999983,2.6666666666666288,0.0,0,0,0.004929700238801994,0.13521876142275108,0.8129,0
2112,51200.95,10539.53,1668.95,0.1584,662,34,0,0,0.0051666666666666805,0.0,0.0,0,0,0.0057880864233738226,0.39115289843852824,0.8416,0
2113,35054.89,9812.32,1688.36,0.1721,692,40,0,0,0.009533333333333366,3.3333333333332575,0.0,0,0,0.007119125258375816,0.5779598792940009,0.8279,0
2114,42917.2,8622.12,4031.78,0.4676,581,21,0,0,0.08793333333333325,-3.6666666666667425,0.0,0,0,0.07027500345863467,1.127318650482142,0.5324,0
2115,26778.04,6989.42,2272.9,0.3252,649,58,0,0,0.038466666666666705,-0.6666666666667425,0.0,0,0,0.03063614876434553,1.0185510212016036,0.6748000000000001,1
2116,32198.6,6775.42,1908.97,0.2817,770,38,0,0,-0.020299999999999985,3.6666666666666288,0.0,0,0,0.015977014739931853,0.7114483235750194,0.7182999999999999,0
2117,33654.72,14351.09,6826.31,0.4757,741,36,0,0,0.0832,7.0,0.0,0,0,0.06821345989693758,2.4340039070535116,0.5243,0
2118,50014.68,2895.37,440.7,0.1522,699,49,0,0,-0.0024666666666666726,0.33333333333337123,0.0,0,0,0.004963393776215815,0.10573695560445764,0.8478,0
2119,53276.14,12387.8,2791.41,0.2253,602,50,0,0,-0.011233333333333345,-2.3333333333333712,0.0,0,0,0.008627829648552679,0.6287414965208646,0.7746999999999999,0
2120,29916.99,8093.53,4528.43,0.5595,763,30,1,37,0.08660000000000001,1.0,0.3333333333333333,1,37,0.07500371842634056,1.8163979724632469,0.4405,0
2121,49534.49,11816.92,2325.61,0.1968,686,30,0,0,0.006566666666666665,-2.6666666666666288,-0.3333333333333333,2,51,0.004596496250164661,0.5633916891692899,0.8032,0
2122,63911.56,8777.7,1058.64,0.1206,705,25,0,0,-0.0019000000000000128,9.0,0.0,0,0,0.001976739740077075,0.19876967480710478,0.8794,0
2123,52301.41,7745.1,867.24,0.112,680,45,0,0,0.004966666666666661,5.0,0.0,0,0,0.0032597716348098846,0.19897895673581747,0.888,0
2124,54284.39,11840.16,3949.35,0.3336,653,39,0,0,-0.00539999999999996,-2.6666666666667425,0.0,0,0,0.006585105246775554,0.8730355078047957,0.6664,0
2125,48832.48,14386.75,1451.71,0.1009,732,36,0,0,-0.0031999999999999945,0.6666666666667425,0.0,0,0,0.005559451411785156,0.3567404316905288,0.8991,0
2126,52419.97,4485.95,1273.91,0.284,681,30,0,0,-0.002433333333333343,-3.0,0.0,0,0,0.0048977319013782375,0.2916239745368132,0.716,0
2127,66094.19,11463.64,3187.67,0.2781,843,38,0,0,0.00983333333333336,-6.0,0.0,0,0,0.008753062955966374,0.5787504165351749,0.7219,0
2128,69873.46,2421.21,879.05,0.3631,656,56,1,33,0.044600000000000084,-3.0,0.3333333333333333,1,33,0.03484052955969525,0.1509671912366783,0.6369,0
2129,44178.88,7708.77,2111.08,0.2739,725,51,0,0,-0.011133333333333328,4.666666666666629,0.0,0,0,0.010369064567259695,0.5734178863999945,0.7261,0
2130,70454.7,2643.2,827.95,0.3132,700,52,0,0,-0.0033666666666666845,2.3333333333332575,0.0,0,0,0.003571764269937197,0.14101827129074115,0.6868000000000001,0
2131,54556.4,3572.75,1910.58,0.5348,720,30,0,0,0.1045666666666667,-2.6666666666666288,0.3333333333333333,1,32,0.08389559649416117,0.42024327109114745,0.46519999999999995,0
2132,130373.41,14335.77,3210.02,0.2239,716,28,0,0,0.002166666666666678,-1.6666666666666288,0.0,0,0,0.003451086785347482,0.2954608612020999,0.7761,0
2133,76450.5,9723.16,1379.82,0.1419,601,39,0,0,-0.004333333333333356,0.33333333333337123,0.0,0,0,0.0028753743717606075,0.21658249452130474,0.8581,0
2134,21077.43,9877.87,2681.41,0.2715,712,23,0,0,-0.012500000000000011,-2.0,0.0,0,0,0.008222378001527328,1.5266054723787827,0.7284999999999999,0
2135,52654.68,7043.07,1800.17,0.2556,566,49,0,0,-0.02729999999999999,4.0,0.0,0,0,0.016862828944159972,0.4102586891626137,0.7444,0
2136,28093.12,6349.95,2162.96,0.3406,714,25,0,0,0.011900000000000022,4.333333333333371,0.0,0,0,0.014239859940010365,0.9239101954112993,0.6594,0
2137,37930.04,12443.2,1757.14,0.1412,691,45,0,0,-0.0036333333333333218,0.6666666666666288,0.0,0,0,0.003047312112520003,0.5559097747676798,0.8588,0
2138,52121.43,12625.73,3421.54,0.271,700,35,0,0,0.007533333333333336,3.0,0.0,0,0,0.004743680006071241,0.7877466138313365,0.729,0
2139,71459.92,4778.17,1029.92,0.2155,723,44,0,0,-0.00959999999999997,4.666666666666629,0.0,0,0,0.009930648406714319,0.17295065538730792,0.7845,0
2140,56932.28,3322.96,960.22,0.289,594,56,0,0,0.00326666666666664,4.0,0.0,0,0,0.004364057744805874,0.20239203484510537,0.7110000000000001,0
2141,76671.4,5604.26,1825.2,0.3257,666,44,1,25,0.07143333333333332,-9.666666666666629,0.6666666666666666,2,25,0.055934882775519515,0.28566584145551027,0.6743,0
2142,40708.33,7711.51,3116.62,0.4042,692,43,0,0,0.08799999999999997,-0.6666666666666288,0.0,0,0,0.07007469427530727,0.9187171271573997,0.5958,0
2143,57891.45,6381.48,785.17,0.123,652,42,0,0,0.003866666666666671,3.3333333333333712,0.0,0,0,0.001985572965166474,0.16275356720287637,0.877,0
2144,35261.15,8420.28,2224.68,0.2642,665,51,0,0,-0.006066666666666665,-2.0,0.0,0,0,0.009979534613954228,0.7570983927329318,0.7358,0
2145,44727.78,14128.36,4266.4,0.302,650,30,0,0,0.012766666666666704,9.0,0.0,0,0,0.006366121268087827,1.1446309203422218,0.698,0
2146,79322.61,8759.37,1795.15,0.2049,707,35,0,0,0.0012666666666666937,-0.6666666666666288,0.0,0,0,0.0032345787979271737,0.271572001939184,0.7951,0
2147,55105.76,11189.59,2484.95,0.2221,553,49,0,0,0.04556666666666667,1.6666666666666288,0.0,0,0,0.03583048438287029,0.5411303644756271,0.7779,0
2148,34737.23,8409.42,1884.69,0.2241,636,48,0,0,0.0009666666666666712,0.6666666666666288,0.0,0,0,0.006337805438618147,0.6510674567945455,0.7759,0
2149,46536.61,4646.01,1484.92,0.3196,751,26,0,0,-0.006900000000000017,-3.3333333333333712,0.0,0,0,0.007997655906576607,0.3829036965822211,0.6804,0
2150,78090.82,8624.68,1718.26,0.1992,720,31,0,0,0.03053333333333333,-1.6666666666666288,0.0,0,0,0.025633447117216036,0.2640402546270037,0.8008,0
2151,40021.14,12399.84,4057.71,0.3272,681,21,0,0,0.03806666666666664,1.3333333333333712,0.0,0,0,0.03424478062420609,1.2166699895455244,0.6728000000000001,1
2152,44544.6,1397.37,371.28,0.2657,648,36,0,0,0.005066666666666719,4.6666666666667425,0.0,0,0,0.003232259271778808,0.10002020444228386,0.7343,0
2153,28482.27,11605.75,3539.47,0.305,645,36,0,0,0.0025000000000000022,-0.33333333333325754,-0.3333333333333333,1,56,0.00566813706413119,1.491230859833336,0.6950000000000001,0
2154,45417.45,7838.8,990.38,0.1263,639,37,0,0,-0.0009333333333333138,9.333333333333371,0.0,0,0,0.0014035668847618332,0.2616738719778392,0.8737,0
2155,66740.66,2958.64,622.71,0.2105,682,45,0,0,0.035033333333333305,-2.3333333333333712,0.0,0,0,0.026345861998508305,0.11196353165606149,0.7895,0
2156,57062.47,2071.32,267.29,0.129,679,38,0,0,-0.005599999999999994,5.333333333333371,0.0,0,0,0.006854742883580683,0.05620997477546065,0.871,0
2157,37003.42,3607.48,1284.9,0.3562,768,52,0,0,0.024333333333333318,2.0,0.0,0,0,0.014719129654221317,0.41668580890630574,0.6437999999999999,0
2158,45810.6,10064.51,1611.64,0.1601,765,34,0,0,0.00416666666666668,3.3333333333333712,0.0,0,0,0.0025495097567963952,0.42216604879512626,0.8399,0
2159,34650.19,7441.57,4453.02,0.5984,706,35,0,0,0.1094,-5.333333333333371,0.3333333333333333,1,35,0.08785279512406599,1.5421629717324508,0.40159999999999996,0
2160,81932.34,15347.91,2736.31,0.1783,687,21,0,0,0.003966666666666674,2.6666666666667425,0.0,1,19,0.0037859755824768706,0.40076629076126474,0.8217,0
2161,72872.22,3884.59,917.18,0.2361,711,26,0,0,-0.010299999999999976,8.333333333333371,0.0,0,0,0.006760629490743539,0.15103368606291387,0.7639,0
2162,102234.99,11782.62,1840.63,0.1562,506,21,0,0,0.014333333333333337,-0.6666666666666288,-0.3333333333333333,1,42,0.011202455088059938,0.21604697175993695,0.8438,0
2163,55665.36,15621.21,4726.82,0.3026,706,51,0,0,-0.002766666666666695,8.0,0.0,0,0,0.003948733974326456,1.0189791279131626,0.6974,0
2164,81423.0,10013.86,3318.96,0.3314,567,32,0,0,0.002933333333333288,4.333333333333371,0.0,0,0,0.005562373594069358,0.4891433623684988,0.6686000000000001,0
2165,38694.34,5111.08,681.76,0.1334,746,41,0,0,0.004299999999999998,8.333333333333371,0.0,1,5,0.0030591847134671586,0.21142937177537718,0.8666,0
2166,52620.83,500.0,107.97,0.2159,667,47,0,0,-0.005599999999999994,-14.0,0.3333333333333333,1,56,0.004047530111067734,0.02462218858396064,0.7841,0
2167,38979.17,5320.04,1835.54,0.345,792,50,0,0,0.015933333333333355,4.333333333333371,0.0,0,0,0.015391538079231855,0.5650833507542362,0.655,0
2168,44259.56,5908.64,1707.64,0.289,764,21,0,0,-0.005100000000000049,4.6666666666667425,0.0,0,0,0.011584124673208768,0.4629887869297421,0.7110000000000001,0
2169,32840.28,7296.16,1631.55,0.2236,663,39,0,0,-0.007566666666666666,2.3333333333333712,0.0,0,0,0.00418449519058154,0.5961764026630066,0.7764,0
2170,38213.8,9360.92,1763.98,0.1884,619,55,0,0,0.02639999999999998,-7.0,0.0,1,8,0.021823210121336412,0.5539297320170421,0.8116,0
2171,51988.89,8528.42,1746.05,0.2047,773,32,0,0,0.0010999999999999899,0.0,0.0,0,0,0.005337550416103287,0.4030207222189923,0.7953,0
2172,51208.39,9592.38,3053.81,0.3184,635,43,0,0,0.056900000000000006,8.333333333333258,0.0,0,0,0.04733098879169967,0.7156194520353513,0.6816,1
2173,32126.97,7713.27,2397.14,0.3108,708,60,0,0,-0.015966666666666685,9.333333333333258,0.0,0,0,0.008067372558646339,0.8953748202602207,0.6892,0
2174,52759.87,9667.32,2273.52,0.2352,648,51,0,0,-0.0003999999999999837,-6.333333333333371,0.0,0,0,0.0021846688027657092,0.5171021079808341,0.7648,0
2175,47037.19,2087.11,296.28,0.142,649,21,0,0,0.0008999999999999841,0.0,0.0,0,0,0.0018271866656450564,0.07558614787773177,0.858,0
2176,70216.56,5580.49,1525.82,0.2734,620,26,0,0,0.009199999999999986,4.0,0.0,0,0,0.007734949543755571,0.2607624183934794,0.7266,0
2177,38067.72,8095.2,3336.09,0.4121,720,40,0,0,0.024933333333333363,3.0,0.0,0,0,0.02777678887128604,1.0516279931495889,0.5879,0
2178,67754.01,13248.09,7167.89,0.5411,683,35,0,0,0.12356666666666655,1.6666666666666288,0.0,0,0,0.09734651737193498,1.269514232216895,0.4589,1
2179,59230.22,11177.62,2361.16,0.2112,743,53,0,0,-0.003033333333333277,0.6666666666666288,0.0,0,0,0.0038534976896897875,0.47836931880819566,0.7888,0
2180,95496.37,18721.01,3632.61,0.194,721,35,0,0,-0.0015999999999999626,-11.0,0.0,0,0,0.0037688784066940155,0.4564709631844891,0.806,0
2181,75646.16,6725.14,1031.99,0.1535,703,37,0,0,0.006833333333333358,0.33333333333325754,-0.3333333333333333,2,33,0.0038058434603178834,0.16370797933478054,0.8465,0
2182,46252.58,500.0,48.89,0.0978,652,37,0,0,-0.006766666666666671,-1.6666666666667425,0.0,0,0,0.004335063757060303,0.012684265393363762,0.9022,0
2183,41718.09,3316.79,502.83,0.1516,699,30,0,0,0.0005666666666666875,7.3333333333332575,0.0,0,0,0.0027035984251446116,0.14463653533189946,0.8484,0
2184,48298.73,7086.58,1613.89,0.2277,711,40,0,0,0.03953333333333334,3.0,0.0,0,0,0.03387680294505044,0.40097700281535925,0.7723,1
2185,44626.3,13763.02,5543.42,0.4028,658,21,0,0,0.032366666666666655,-9.333333333333371,0.0,0,0,0.03189168299799251,1.4906241382797254,0.5972,0
2186,61260.89,7572.84,907.54,0.1198,703,46,1,43,0.011266666666666675,0.0,0.3333333333333333,1,43,0.005711610981150591,0.17777214790491508,0.8802,0
2187,52091.02,11094.82,3882.87,0.35,677,28,0,0,-0.009600000000000053,0.33333333333337123,0.3333333333333333,1,30,0.0062862946160675585,0.8944812366750781,0.65,0
2188,41273.29,5969.24,1712.84,0.2869,635,44,0,0,0.011166666666666658,0.33333333333337123,0.0,0,0,0.009666364937819777,0.4979995535617346,0.7131000000000001,0
2189,81405.99,3475.0,1033.27,0.2973,724,21,0,0,3.333333333327415e-05,-1.0,0.0,1,20,0.008597544869192475,0.15231360736688093,0.7027,0
2190,36441.58,10363.24,2879.21,0.2778,600,48,0,0,0.05669999999999997,6.333333333333371,0.0,0,0,0.04665723714256748,0.9481070795674258,0.7222,0
2191,61453.15,7882.51,4364.57,0.5537,531,22,0,0,0.07536666666666664,-6.3333333333332575,0.0,0,0,0.07106647904915825,0.8522726660842075,0.44630000000000003,0
2192,68193.68,6962.13,1259.98,0.181,645,38,0,0,0.0012666666666666382,-2.3333333333332575,-0.3333333333333333,1,27,0.0025400678031195206,0.22171790695764454,0.819,0
2193,59927.21,11010.48,2469.84,0.2243,732,66,0,0,0.004766666666666641,-0.6666666666667425,0.0,0,0,0.0033047104428544248,0.4945679933049642,0.7757000000000001,0
2194,45179.24,9556.36,1871.9,0.1959,694,21,0,0,0.005800000000000027,8.666666666666629,0.0,0,0,0.006788797962657163,0.4971929584037644,0.8041,0
2195,80192.34,3955.26,1065.5,0.2694,698,37,0,0,0.013399999999999967,4.0,0.0,0,0,0.008419240530541399,0.15944166235935628,0.7306,0
2196,68192.23,12457.17,3963.71,0.3182,680,21,0,0,-0.00883333333333336,1.3333333333333712,0.0,0,0,0.007954733042521145,0.6975064459928928,0.6818,0
2197,34099.77,2499.79,508.29,0.2033,743,21,0,0,0.005066666666666664,8.333333333333371,-0.3333333333333333,2,45,0.004206575540481571,0.17887158763397942,0.7967,0
2198,32724.72,10887.85,3528.76,0.3241,807,27,0,0,0.01323333333333332,5.0,0.0,0,0,0.01062579408797291,1.2939795966007426,0.6759,0
2199,66759.08,8587.75,2468.15,0.2874,733,47,0,0,0.02893333333333331,1.3333333333332575,0.0,0,0,0.027588755761078533,0.44365200950456735,0.7126,0
2200,48771.88,6308.89,1087.26,0.1723,750,36,0,0,0.0015666666666666884,-8.333333333333371,0.3333333333333333,1,42,0.0024967200706348955,0.2675131653073419,0.8277,0
2201,47725.47,6699.12,1092.68,0.1631,792,23,0,0,-0.0007666666666666655,3.0,0.0,0,0,0.005994997914928733,0.27474134873272293,0.8369,0
2202,42984.96,4912.51,1322.32,0.2692,725,41,0,0,-0.014600000000000002,-3.3333333333333712,0.0,0,0,0.010676258707993179,0.36914865096001526,0.7308,0
2203,32964.52,8682.73,4088.88,0.4709,659,46,0,0,0.042166666666666686,4.0,-0.3333333333333333,1,19,0.04381615316042449,1.488465780243074,0.5291,0
2204,82266.67,14277.96,3691.3,0.2585,629,43,0,0,0.010899999999999993,0.33333333333337123,0.0,0,0,0.010812736831060767,0.5384392001467755,0.7415,0
2205,42701.55,10811.24,4316.92,0.3993,542,37,0,0,0.06303333333333333,-5.666666666666629,0.0,2,45,0.05177851334718334,1.2131419113695474,0.6007,0
2206,47809.47,10123.84,1545.93,0.1527,659,48,0,0,-0.0018000000000000238,0.0,0.0,0,0,0.0030757112998459437,0.38802270753772694,0.8472999999999999,0
2207,45011.29,7889.48,1435.2,0.1819,670,28,0,0,-0.005466666666666675,2.6666666666666288,0.0,1,27,0.0038160115886150567,0.3826240037867946,0.8181,0
2208,49153.05,10806.06,2173.09,0.2011,721,21,0,0,0.00463333333333335,-3.0,0.0,0,0,0.0040537020117418785,0.5305282173463022,0.7988999999999999,0
2209,25936.44,14098.57,3855.24,0.2734,573,28,0,0,-0.01526666666666665,4.0,0.0,0,0,0.00897665181333094,1.7837020029963857,0.7266,0
2210,49935.3,8108.38,1335.4,0.1647,773,21,0,0,-0.0024666666666666726,-1.0,0.0,0,0,0.002565205211630787,0.3209112590922466,0.8352999999999999,0
2211,21172.69,6349.2,1292.71,0.2036,598,35,0,0,-0.005433333333333318,-6.0,-0.3333333333333333,1,5,0.004502345067974152,0.7326664675677962,0.7964,0
2212,14738.57,7928.2,1727.67,0.2179,680,29,0,0,-0.013399999999999995,7.0,0.0,0,0,0.00956183094972459,1.4066520688995048,0.7821,0
2213,44221.88,18377.86,2487.2,0.1353,716,29,0,0,-0.0037666666666666404,4.0,0.0,1,19,0.002375102336976472,0.6749238158102033,0.8647,0
2214,42192.54,11830.49,1394.92,0.1179,769,43,0,0,-0.0021333333333333204,-0.6666666666667425,0.0,0,0,0.002066465043928343,0.3967298483390486,0.8821,0
2215,28741.45,10148.75,3548.23,0.3496,721,30,0,0,0.0040999999999999925,9.333333333333258,0.0,1,28,0.011945059415693389,1.481440914853729,0.6504,0
2216,66640.88,8396.93,1541.59,0.1836,729,52,0,0,0.003500000000000031,2.3333333333333712,0.0,0,0,0.005580770556114992,0.27759357314412525,0.8164,0
2217,55073.09,500.0,143.74,0.2875,764,36,0,0,0.000500000000000056,-1.6666666666666288,-0.3333333333333333,1,53,0.005613104706349617,0.0313198333273866,0.7125,0
2218,70423.35,5756.9,1297.42,0.2254,633,49,0,0,0.006766666666666671,-6.0,0.0,0,0,0.004784117241224088,0.22107781009206556,0.7746,0
2219,38887.67,8797.48,2386.49,0.2713,578,30,0,0,-0.001966666666666672,5.0,0.0,0,0,0.008933084573650912,0.7364257100300144,0.7287,0
2220,49392.86,16265.52,3078.47,0.1893,731,33,0,0,-0.005200000000000038,1.3333333333332575,0.0,0,0,0.00555517776493245,0.7479145769454334,0.8107,0
2221,30621.94,9201.97,2165.87,0.2354,750,36,0,0,-0.01570000000000002,-1.6666666666667425,0.0,0,0,0.00791519284526776,0.8487522341763772,0.7646,0
2222,54642.32,7905.89,2118.49,0.268,618,44,0,0,0.013433333333333325,1.6666666666666288,0.0,0,0,0.007836293766826258,0.46524159286093814,0.732,0
2223,103901.55,3762.64,572.07,0.152,676,24,0,0,-0.007433333333333347,-4.0,0.0,0,0,0.004378641341786299,0.06607062165297008,0.848,0
2224,51509.56,5773.57,950.12,0.1646,659,62,0,0,0.004666666666666652,-3.0,0.0,0,0,0.0025243811122728737,0.22134609570230937,0.8354,0
2225,36186.81,11252.38,3301.58,0.2934,681,28,0,0,-0.014666666666666606,6.0,0.0,0,0,0.010619688214715978,1.094845331402847,0.7066,0
2226,25277.85,4537.55,1652.71,0.3642,669,48,0,0,0.0247,3.6666666666666288,0.0,1,12,0.017361363553720227,0.7845809667588435,0.6357999999999999,0
2227,23203.82,4174.28,726.26,0.174,673,33,0,0,0.0004333333333333411,2.6666666666666288,0.0,0,0,0.001774119499921025,0.3755898811270265,0.8260000000000001,0
2228,52700.64,1232.32,439.61,0.3567,707,31,0,0,0.01476666666666665,-4.666666666666629,0.0,0,0,0.009452380652512892,0.10009973311137782,0.6433,0
2229,29894.59,3529.71,1186.16,0.3361,725,32,0,0,0.04533333333333334,2.0,0.0,0,0,0.03839928746445406,0.47613698646766384,0.6638999999999999,0
2230,47211.27,7859.84,2192.5,0.2789,653,47,0,0,-0.010766666666666702,-3.6666666666667425,0.0,0,0,0.007076329871087426,0.5572821911656394,0.7211000000000001,0
2231,47895.38,3319.54,837.73,0.2524,631,22,0,0,-0.0022666666666666946,0.6666666666666288,0.0,0,0,0.0043903302837030355,0.20988997263371376,0.7476,0
2232,48886.68,6345.88,2394.89,0.3774,679,39,0,0,0.032333333333333325,4.0,0.0,0,0,0.02873956332305695,0.587863196947423,0.6226,0
2233,43586.36,12889.4,4122.6,0.3198,751,49,0,0,-0.0005999999999999894,3.3333333333333712,0.0,0,0,0.003740320841853002,1.135015633018674,0.6802,0
2234,61295.56,8122.16,2320.04,0.2856,723,33,0,0,-0.0010666666666666047,-4.3333333333332575,0.0,0,0,0.006650835369418724,0.4542005978010412,0.7143999999999999,0
2235,56687.2,9819.58,2444.79,0.249,719,32,0,0,0.002966666666666673,-7.666666666666629,0.0,0,0,0.0030339742912556113,0.5175327056864619,0.751,0
2236,30032.78,9358.42,2891.77,0.309,697,63,0,0,0.0013666666666666272,-3.0,0.0,0,0,0.0028314209232193663,1.1554454827736447,0.6910000000000001,0
2237,29986.11,15424.08,4666.87,0.3026,663,37,0,0,-0.0008000000000000229,3.6666666666667425,0.0,0,0,0.006348228099241544,1.8676127039348767,0.6974,0
2238,46290.72,4328.4,884.85,0.2044,598,40,0,0,-0.013633333333333303,-5.333333333333371,-0.3333333333333333,1,35,0.007396470629819184,0.22938074839292696,0.7956,0
2239,39864.36,10232.5,3570.82,0.349,704,34,0,0,0.03889999999999999,8.333333333333371,0.0,0,0,0.03231760785976861,1.0748909549056176,0.651,0
2240,51180.21,6293.37,2221.02,0.3529,650,42,0,0,0.0023333333333332984,-9.0,0.3333333333333333,1,51,0.008626412927747002,0.5207528455579015,0.6471,0
2241,79432.22,6188.75,1619.18,0.2616,705,39,0,0,-0.013433333333333353,12.333333333333371,0.0,0,0,0.007596380717157351,0.24461308014637692,0.7384,0
2242,51785.81,816.37,267.63,0.3278,639,57,0,0,-0.0012999999999999678,3.3333333333333712,0.0,0,0,0.004150836595729133,0.062016216397036285,0.6722,0
2243,53055.14,9571.42,1811.6,0.1893,632,37,0,0,-0.001799999999999996,4.666666666666629,0.0,0,0,0.0034931281746372294,0.40974729300654056,0.8107,0
2244,44682.27,8996.97,2812.33,0.3126,626,51,0,0,0.0022333333333333094,-2.6666666666667425,0.3333333333333333,1,54,0.0037138629185496015,0.7552874997384098,0.6874,0
2245,45978.77,10543.13,1896.22,0.1799,700,21,0,0,-0.00789999999999999,9.333333333333371,0.0,0,0,0.005480875842417883,0.494894491393773,0.8201,0
2246,42602.63,8969.19,1796.32,0.2003,688,54,0,0,0.014133333333333331,-5.333333333333371,0.0,0,0,0.010424064040052278,0.5059743962738523,0.7997,0
2247,52122.37,9971.49,2698.8,0.2707,754,61,0,0,0.009500000000000008,-1.0,0.0,0,0,0.009220598920050973,0.6213378246719009,0.7293000000000001,0
2248,38625.93,3779.83,768.05,0.2032,721,35,0,0,-0.0067000000000000115,2.3333333333332575,0.0,0,0,0.008281975073079541,0.23861173043954306,0.7968,0
2249,26231.48,6689.57,887.18,0.1326,714,29,0,0,-0.003766666666666696,5.0,0.0,0,0,0.005483941202375434,0.40585433971433366,0.8674,0
2250,100160.69,5619.89,1881.25,0.3347,678,45,1,7,0.009833333333333305,-1.6666666666666288,0.3333333333333333,1,7,0.0070258451448917975,0.22538782427812093,0.6653,0
2251,45856.41,13492.03,4214.79,0.3124,685,52,0,0,-0.014000000000000068,-5.3333333333332575,-0.3333333333333333,1,11,0.008210207061944284,1.1029533272832426,0.6876,0
2252,53187.01,6952.22,1098.16,0.158,632,47,0,0,-0.003333333333333327,4.0,0.0,0,0,0.003657792291047202,0.24776576079435206,0.842,0
2253,67397.03,12073.87,2514.72,0.2083,607,30,0,0,0.003066666666666662,-0.6666666666666288,0.0,0,0,0.0035786791480159866,0.4477443589817988,0.7917,0
2254,45854.44,9287.07,1456.59,0.1568,684,62,0,0,-0.008033333333333365,0.0,-0.3333333333333333,1,55,0.005655749287229749,0.3811862056417168,0.8432,0
2255,51090.01,4243.33,1239.26,0.292,714,32,0,0,0.02203333333333335,-2.3333333333333712,0.0,0,0,0.02906088436369409,0.29107686603520094,0.708,0
2256,62194.42,9463.01,2939.42,0.3106,646,51,0,0,0.01203333333333334,1.6666666666666288,0.0,0,0,0.006303526349944483,0.567141553747013,0.6894,0
2257,52931.51,14042.78,2174.26,0.1548,674,59,1,32,-0.00846666666666665,7.0,0.3333333333333333,1,32,0.009379025061866032,0.4929222686842853,0.8452,0
2258,108547.14,7456.39,1066.06,0.143,596,32,0,0,-0.0017666666666666664,-5.0,0.0,1,41,0.0025811818998280577,0.11785404938891758,0.857,0
2259,51810.06,6614.87,1218.5,0.1842,810,56,0,0,-0.002433333333333343,-3.3333333333332575,0.0,0,0,0.0023724694120496243,0.28222318207339114,0.8158,0
2260,66314.02,7898.36,1510.38,0.1912,623,36,0,0,-0.003966666666666646,1.3333333333333712,0.0,0,0,0.0030549595378298756,0.27331414980904833,0.8088,0
2261,38804.94,5391.38,2201.36,0.4083,667,59,0,0,0.052066666666666706,2.6666666666666288,0.0,1,30,0.043927810097932236,0.6807463171398034,0.5917,0
2262,81445.99,11062.8,1266.45,0.1145,647,40,0,0,0.0005000000000000004,-4.0,-0.3333333333333333,2,51,0.0015777973394718481,0.1865948218906893,0.8855,0
2263,52518.44,13230.01,1836.63,0.1388,656,30,0,0,0.0065333333333333354,-1.3333333333332575,0.0,0,0,0.004630364756450388,0.41965374437938663,0.8612,0
2264,51234.47,500.0,53.1,0.1062,623,43,0,0,-0.0005000000000000004,3.6666666666666288,0.0,0,0,0.0008700255424092142,0.012436939424780948,0.8938,0
2265,57591.46,10304.28,1828.61,0.1775,631,42,0,0,-0.0026666666666666505,0.33333333333337123,0.0,0,0,0.0018648800974265856,0.38101690763574664,0.8225,0
2266,45583.68,14215.85,5093.97,0.3583,683,56,0,0,0.058099999999999985,-4.333333333333371,0.0,0,0,0.05078460506010765,1.340998356953805,0.6416999999999999,1
2267,73707.09,5882.6,2262.34,0.3846,791,29,0,0,0.08180000000000004,-4.666666666666629,0.3333333333333333,1,10,0.066043338044045,0.3683238613216193,0.6154,0
2268,102464.7,2182.18,543.53,0.2491,662,46,0,0,-0.0036666666666666514,-12.666666666666629,0.3333333333333333,1,9,0.004557716289741794,0.06365470253888551,0.7509,0
2269,34729.36,7407.16,821.77,0.1109,625,48,0,0,0.0035333333333333328,5.0,0.0,0,0,0.0024520966085735223,0.28394534182584,0.8891,0
2270,91948.83,4628.24,1371.49,0.2963,814,43,0,0,0.01253333333333334,7.666666666666629,0.0,0,0,0.008873008383731961,0.1789895531879212,0.7037,0
2271,41612.85,1923.68,196.83,0.1023,724,32,0,0,0.0010999999999999899,0.0,0.0,0,0,0.002066666666666664,0.05676035165384914,0.8976999999999999,0
2272,52066.1,13880.25,3193.72,0.2301,674,44,0,0,0.003133333333333349,4.333333333333371,0.0,0,0,0.005192810200438468,0.7360766408693388,0.7699,0
2273,59618.72,7019.42,1544.82,0.2201,725,52,0,0,-0.0058333333333333015,4.666666666666629,0.0,0,0,0.0054228938563997044,0.31093991947946414,0.7799,0
2274,36653.93,5939.96,1322.09,0.2226,712,33,0,0,-0.019566666666666704,-2.3333333333333712,0.3333333333333333,1,22,0.01212752837326896,0.4328343507723725,0.7774,0
2275,43676.42,10464.75,2166.38,0.207,745,42,0,0,-0.0012999999999999956,9.0,0.0,0,0,0.005991823131939435,0.5952081235792106,0.793,0
2276,60101.27,22570.45,7583.34,0.336,604,44,0,0,0.005699999999999983,-5.0,0.0,0,0,0.008674819882856353,1.5141124302669586,0.6639999999999999,0
2277,29135.0,5081.97,547.9,0.1078,747,25,0,0,0.00393333333333333,6.666666666666629,0.0,0,0,0.0019494301161564636,0.22566672377868544,0.8922,0
2278,38559.8,6868.5,2307.5,0.336,596,33,0,0,0.0688,-1.3333333333333712,0.0,0,0,0.05285388138800951,0.7181053841405488,0.6639999999999999,0
2279,65963.15,7600.28,2837.13,0.3733,642,55,0,0,0.05240000000000006,0.33333333333337123,0.0,0,0,0.03992312752166483,0.5161299906660983,0.6267,1
2280,50655.73,6276.73,2294.26,0.3655,709,43,0,0,0.009033333333333338,-7.333333333333371,0.0,0,0,0.016619867628835067,0.5434946844804736,0.6345000000000001,0
2281,29033.16,7998.96,1388.56,0.1736,702,43,0,0,-0.005633333333333351,5.333333333333371,0.0,0,0,0.007597824981166937,0.5739203033053569,0.8264,0
2282,80817.29,5799.43,1531.69,0.2641,674,49,0,0,0.002599999999999991,-5.333333333333371,0.0,0,0,0.0061935001771570635,0.22743004618530072,0.7359,0
2283,64313.99,11569.59,2216.33,0.1916,590,29,0,0,-0.011700000000000016,3.3333333333333712,0.0,0,0,0.010120125712877497,0.4135330430445631,0.8084,0
2284,56554.16,8339.68,1629.32,0.1954,792,42,0,0,0.021966666666666662,6.0,0.0,0,0,0.02075174691441661,0.34571886481651165,0.8046,1
2285,35042.37,12107.45,3217.97,0.2658,652,29,0,0,0.02930000000000002,-8.333333333333371,0.3333333333333333,1,29,0.02567465243733162,1.101969986241694,0.7342,0
2286,34193.18,7500.92,1120.49,0.1494,657,35,0,0,-0.004799999999999999,5.333333333333371,0.0,0,0,0.0027803377093039987,0.39323280242671804,0.8506,0
2287,38163.27,5619.1,803.71,0.143,596,28,0,0,0.0011000000000000176,-3.6666666666667425,-0.3333333333333333,2,20,0.004292143986401207,0.2527173378216121,0.857,0
2288,189262.14,5631.74,1225.59,0.2176,558,30,0,0,0.003433333333333316,-5.0,0.0,1,53,0.005087921426716855,0.0777074590780148,0.7824,0
2289,28958.55,9734.62,3289.57,0.3379,735,21,0,0,-0.004900000000000071,9.333333333333258,0.0,0,0,0.0041692325432865955,1.3631497427751806,0.6621,0
2290,46919.26,7530.18,2891.78,0.384,726,33,0,0,0.01213333333333333,-7.333333333333371,0.0,1,20,0.015504031733713647,0.7395973421389177,0.616,0
2291,63094.82,11840.23,1396.98,0.118,476,57,0,0,-0.0009666666666666712,5.666666666666629,0.0,0,0,0.001142365965879589,0.26569154166398606,0.882,0
2292,49572.61,6653.91,2525.54,0.3796,696,61,0,0,0.0766,2.6666666666666288,0.0,0,0,0.062158507060578606,0.611355343054637,0.6204000000000001,0
2293,53747.53,10895.65,2237.7,0.2054,675,21,0,0,-0.010000000000000009,-0.33333333333337123,0.0,0,0,0.005691684968247793,0.49960249324954586,0.7946,0
2294,22182.1,8904.41,2797.68,0.3142,621,21,0,0,-0.008900000000000019,-2.6666666666666288,-0.3333333333333333,1,41,0.006159545437773811,1.5134797869380374,0.6858,0
2295,43836.43,7840.53,2798.38,0.3569,689,58,0,0,0.004633333333333378,6.333333333333371,0.0,0,0,0.006321941509097049,0.7660423075238447,0.6431,0
2296,35820.2,5565.7,934.84,0.168,688,35,1,31,-0.00039999999999995595,1.6666666666667425,0.3333333333333333,1,31,0.0020139789251904096,0.31317748075783697,0.832,0
2297,61587.37,8051.81,1616.78,0.2008,710,27,0,0,-0.0055666666666666365,4.0,0.0,0,0,0.010551829751806609,0.31502173247891146,0.7992,0
2298,40914.2,10101.59,2108.98,0.2088,655,41,0,0,-0.003766666666666668,-3.6666666666666288,0.0,0,0,0.004997999599839917,0.6185568822701487,0.7912,0
2299,56504.43,2892.72,669.01,0.2313,722,36,0,0,0.001366666666666655,5.0,0.0,0,0,0.0054087377866230925,0.14207947940179283,0.7686999999999999,0
2300,44383.5,10431.01,1589.25,0.1524,620,44,0,0,-0.00040000000000001146,3.0,0.0,0,0,0.003748814627467065,0.4296867077820307,0.8476,0
2301,40147.1,8071.13,2174.34,0.2694,603,37,0,0,-0.00880000000000003,-7.333333333333371,-0.3333333333333333,1,36,0.006759273465231158,0.6499119486139985,0.7306,0
2302,53679.11,6191.87,1244.15,0.2009,575,47,0,0,0.000466666666666643,4.0,0.0,0,0,0.00696223942261235,0.27813054271321624,0.7991,0
2303,26090.23,16253.27,1549.14,0.0953,658,33,0,0,-0.004866666666666672,10.0,0.0,0,0,0.0034314719873547025,0.712514990916133,0.9047000000000001,0
2304,55914.11,7788.29,1579.8,0.2028,711,46,0,0,0.03140000000000001,2.3333333333333712,0.0,1,38,0.025917615202363388,0.3390485871264233,0.7972,0
2305,32831.44,10970.79,5532.29,0.5043,704,27,0,0,0.07669999999999999,-6.0,0.0,1,58,0.06934628685084733,2.022070307477685,0.49570000000000003,0
2306,47287.1,14754.94,6638.78,0.4499,546,40,0,0,0.09179999999999999,-8.0,-0.3333333333333333,1,33,0.07728409891073612,1.6847165501750667,0.5501,0
2307,27430.0,3352.04,672.2,0.2005,730,26,0,0,-6.666666666665932e-05,4.0,0.0,1,44,0.002255425557282806,0.29407218361178034,0.7995,0
2308,51314.99,8969.15,1774.05,0.1978,725,21,0,0,-0.014466666666666655,4.666666666666629,0.0,0,0,0.006791538853603065,0.41486123245900786,0.8022,0
2309,14885.18,15288.56,2316.87,0.1515,655,51,0,0,-0.0030000000000000027,6.0,0.0,0,0,0.0063378054386181585,1.8677933338788297,0.8485,0
2310,53344.26,8132.86,2115.54,0.2601,711,48,0,0,-0.021366666666666645,-5.0,0.0,0,0,0.012629440913111615,0.47589900008528013,0.7399,0
2311,51766.56,12121.85,4318.85,0.3563,721,44,0,0,0.016366666666666696,12.333333333333371,0.0,0,0,0.00916296895116425,1.0011520948656076,0.6436999999999999,1
2312,55082.31,12574.26,7748.79,0.6162,658,31,0,0,0.09886666666666671,-7.333333333333371,0.3333333333333333,1,28,0.08236998846667397,1.6881187441075467,0.38380000000000003,1
2313,49975.33,11993.77,2395.17,0.1997,678,41,0,0,0.006966666666666649,-1.0,0.3333333333333333,2,36,0.003455108938626638,0.5751245663229939,0.8003,0
2314,35606.68,5904.46,1589.67,0.2692,621,42,0,0,0.009066666666666723,3.6666666666666288,0.0,0,0,0.00435510556065459,0.5357432929318623,0.7308,1
2315,86828.85,4968.13,1559.76,0.314,597,37,0,0,0.03816666666666668,-0.6666666666666288,0.0,0,0,0.03627153766308295,0.21556337550725638,0.6859999999999999,0
2316,101387.84,8357.16,2013.98,0.241,673,36,0,0,0.005433333333333318,3.6666666666666288,0.0,0,0,0.00658345991439491,0.2383694138975598,0.759,0
2317,48922.44,3943.82,925.72,0.2347,682,42,0,0,0.01679999999999998,5.6666666666667425,0.0,0,0,0.01011657056516684,0.2270663523175705,0.7653,0
2318,60183.6,13363.28,2344.13,0.1754,701,36,0,0,0.0022666666666667223,-0.6666666666667425,0.0,0,0,0.0021788758569500984,0.4673957688538281,0.8246,0
2319,47778.56,9049.64,2658.53,0.2938,750,32,0,0,-0.005666666666666653,-4.666666666666629,0.0,0,0,0.0044571415852664035,0.6677128819283681,0.7061999999999999,0
2320,48977.03,4970.86,1289.7,0.2595,617,59,0,0,0.031899999999999984,0.0,0.0,0,0,0.028770123392158047,0.3159930276745667,0.7404999999999999,0
2321,39829.34,6730.13,1029.94,0.153,612,37,0,0,0.0012999999999999956,-4.3333333333332575,-0.3333333333333333,1,7,0.0023333333333333327,0.3103059201150793,0.847,1
2322,66270.41,9374.03,1187.1,0.1266,741,51,0,0,-0.0010333333333333167,1.3333333333332575,0.0,0,0,0.0022844279614623645,0.21495566418587916,0.8734,0
2323,34287.19,3514.67,1303.72,0.3709,716,46,0,0,0.015900000000000025,0.6666666666666288,0.0,0,0,0.013657578278906,0.4562823606870266,0.6291,0
2324,84003.94,11053.67,3862.42,0.3494,847,47,0,0,0.00933333333333336,-1.0,0.0,0,0,0.008055450190881792,0.5517484060078494,0.6506000000000001,0
2325,34165.08,9659.34,1114.38,0.1154,573,52,1,49,-0.0015999999999999903,-2.0,0.0,2,49,0.0022181073012818805,0.3914101765692654,0.8846,0
2326,58917.67,11208.04,3415.0,0.3047,716,37,0,0,0.006400000000000017,0.33333333333337123,0.0,0,0,0.003791584248188503,0.6955468536290291,0.6953,0
2327,28834.05,8948.66,1674.32,0.1871,692,44,0,0,0.009000000000000008,-0.6666666666667425,0.0,0,0,0.004521921911950465,0.6968095009767371,0.8129,0
2328,37688.51,9760.33,2804.16,0.2873,650,38,0,0,0.06046666666666667,2.3333333333333712,0.0,0,0,0.04785405184284584,0.8928429377888879,0.7127,1
2329,86277.74,13332.24,3396.12,0.2547,647,46,0,0,0.012933333333333324,6.666666666666629,0.0,0,0,0.011362108079049414,0.47235173283783016,0.7453000000000001,0
2330,82536.73,12516.8,2750.42,0.2197,649,64,0,0,-0.0036333333333333218,3.0,0.0,0,0,0.00683174778353079,0.39988305806640756,0.7803,0
2331,51424.83,10028.7,2659.9,0.2652,736,44,0,0,-0.012200000000000044,1.3333333333333712,0.0,0,0,0.010003249472046566,0.6206884882760281,0.7348,0
2332,70820.54,8301.23,2593.78,0.3125,779,42,0,0,0.0019333333333333425,0.6666666666667425,0.0,0,0,0.00926913935834628,0.4394962251731778,0.6875,0
2333,17054.56,3188.99,1102.62,0.3458,599,40,0,0,-0.0001666666666666483,-1.6666666666666288,0.0,0,0,0.006895469527160553,0.7758300413901055,0.6542,0
2334,49185.74,7156.51,1357.14,0.1896,665,24,0,0,0.008300000000000002,0.33333333333337123,0.0,0,0,0.006143492492060191,0.33110572283809764,0.8104,0
2335,56979.44,10721.69,4921.33,0.459,678,37,0,0,0.05249999999999999,-4.6666666666667425,0.0,0,0,0.04027726129937062,1.036443320389998,0.5409999999999999,0
2336,36006.5,7474.41,2243.53,0.3002,700,46,0,0,0.008033333333333337,-0.33333333333337123,0.0,0,0,0.007358064358994916,0.7477083301911461,0.6998,0
2337,33024.94,8893.56,2718.53,0.3057,629,43,0,0,0.0159333333333333,2.6666666666667425,0.0,0,0,0.009342436037303718,0.9878098185234034,0.6942999999999999,0
2338,82756.17,4821.32,1507.49,0.3127,753,24,0,0,0.0042999999999999705,2.6666666666666288,0.0,0,0,0.003647640028535962,0.21859252303939258,0.6873,0
2339,69904.17,5447.58,517.58,0.095,663,24,0,0,0.00026666666666667893,-4.333333333333371,0.0,0,0,0.0029178092999905115,0.08884963513526882,0.905,0
2340,64417.76,6289.21,2076.2,0.3301,610,32,0,0,0.008933333333333293,3.6666666666666288,0.0,0,0,0.008305235965608955,0.38676290506467226,0.6698999999999999,0
2341,46961.56,7835.59,2658.12,0.3392,817,21,0,0,0.004699999999999982,0.0,0.0,0,0,0.004224268509984232,0.67922445489139,0.6608,0
2342,34166.88,6827.41,999.9,0.1465,704,54,0,0,-0.005166666666666708,0.0,0.0,0,0,0.003038411500183026,0.35118219737318174,0.8535,0
2343,44407.8,3892.5,1271.31,0.3266,706,23,0,0,0.00716666666666671,1.6666666666666288,0.0,0,0,0.005488270320520951,0.3435369461193204,0.6734,0
2344,31883.47,10756.94,1458.17,0.1356,669,31,0,0,-0.008366666666666633,-8.0,0.0,0,0,0.005773743249496908,0.5488122840272484,0.8644000000000001,0
2345,46474.54,12702.04,4787.72,0.3769,595,35,0,0,0.05756666666666671,9.333333333333371,0.0,0,0,0.049620512671452524,1.2362175071590895,0.6231,0
2346,44256.46,7861.22,1718.59,0.2186,712,36,0,0,-0.0026666666666666783,-3.0,0.0,0,0,0.0032762190267305257,0.4659902756435584,0.7814,0
2347,39663.5,7177.72,2381.25,0.3318,641,32,0,0,0.013966666666666627,1.0,-0.3333333333333333,1,28,0.009610468828892323,0.7204356648141181,0.6682,0
2348,15660.96,13978.76,1717.17,0.1228,669,43,0,0,0.002166666666666664,-1.3333333333333712,0.0,0,0,0.0015968719422671301,1.3157584199315304,0.8772,1
2349,80097.7,13358.19,2031.0,0.152,648,48,0,0,-0.012233333333333318,-3.6666666666667425,-0.6666666666666666,2,52,0.010045894683899482,0.304278399958409,0.848,0
2350,38948.09,7300.02,1528.3,0.2094,629,33,0,0,-0.0002666666666666928,4.0,0.0,0,0,0.0020815325550607652,0.47087289760164175,0.7906,0
2351,32389.3,9578.67,1078.06,0.1125,629,40,0,0,0.002533333333333332,-2.0,0.0,0,0,0.0025612496949731457,0.3994133863716425,0.8875,0
2352,44986.62,10782.2,6535.0,0.6061,688,42,0,0,0.10726666666666673,0.6666666666667425,0.0,0,0,0.09254369238365191,1.7431849732005156,0.39390000000000003,1
2353,33594.38,13270.6,6814.21,0.5135,799,37,0,0,0.09443333333333331,4.6666666666667425,0.0,0,0,0.07663256487942971,2.4340535521355466,0.48650000000000004,1
2354,26743.53,11918.56,1446.1,0.1213,593,21,0,0,-0.0015000000000000013,3.6666666666666288,0.0,0,0,0.0016995914541768856,0.6488746994960465,0.8787,0
2355,76980.1,8788.3,2334.09,0.2656,642,23,0,0,0.005066666666666664,0.6666666666666288,0.0,0,0,0.006271053429138609,0.36384831918422833,0.7343999999999999,0
2356,61409.33,10240.52,1519.1,0.1483,754,48,0,0,0.00849999999999998,2.0,0.0,0,0,0.004545877253072275,0.2968474008173974,0.8517,0
2357,111511.29,1969.45,273.44,0.1388,620,60,0,0,-0.004333333333333356,4.3333333333332575,0.0,0,0,0.0028548691349653457,0.02942554067527058,0.8612,0
2358,37110.74,8810.03,1818.43,0.2064,642,32,0,0,-0.010266666666666646,-2.0,0.0,1,34,0.009836793176640445,0.5880012091632769,0.7936,0
2359,48357.55,22051.17,6710.02,0.3043,647,21,0,0,0.017366666666666697,1.0,-0.3333333333333333,1,7,0.01588338579914386,1.665101726204466,0.6957,0
2360,93650.48,5922.83,1464.37,0.2472,579,40,0,0,-0.009133333333333299,-2.0,0.0,0,0,0.009626626846639697,0.18763854705014152,0.7528,0
2361,94089.6,9709.79,1725.39,0.1777,686,55,0,0,-0.005166666666666653,-1.0,0.0,0,0,0.0034882341919340353,0.2200528007065538,0.8223,0
2362,36238.0,14641.75,2094.45,0.143,654,31,0,0,-0.0036333333333333218,-0.6666666666666288,0.0,0,0,0.00255636460623283,0.693564766037784,0.857,0
2363,25497.74,6278.31,698.68,0.1113,742,39,0,0,0.0016666666666666635,0.6666666666666288,0.0,0,0,0.0019293781381574777,0.32881973053510477,0.8887,0
2364,27236.24,7960.23,1013.41,0.1273,703,30,0,0,-0.00016666666666667607,-3.0,0.0,0,0,0.0019990275413588367,0.4464977542657146,0.8727,0
2365,43472.82,7889.3,3064.2,0.3884,578,38,0,0,0.03533333333333327,3.0,0.0,0,0,0.03389716474541462,0.8458250463128478,0.6115999999999999,0
2366,47903.77,6096.66,1769.47,0.2902,665,38,0,0,-0.001033333333333275,0.33333333333337123,0.0,0,0,0.003299242337264718,0.44325613609703224,0.7098,0
2367,37324.52,5445.91,1109.38,0.2037,672,28,0,0,0.006599999999999995,-3.3333333333332575,0.0,0,0,0.004306229337960434,0.3566706282015135,0.7963,0
2368,30950.17,8567.0,3053.53,0.3564,781,37,0,0,0.0086666666666666,2.3333333333333712,-0.3333333333333333,1,50,0.011440279716860065,1.1839146597835497,0.6436,0
2369,78750.62,8722.16,2052.32,0.2353,729,46,0,0,-0.00019999999999997797,0.6666666666666288,0.0,0,0,0.003550391214750537,0.3127320139987116,0.7646999999999999,0
2370,75651.13,9597.2,3334.1,0.3474,663,21,0,0,0.0054333333333333456,-6.0,0.3333333333333333,1,54,0.004665684420437272,0.5288645390181695,0.6526000000000001,0
2371,70313.99,11892.97,1926.59,0.162,675,24,0,0,-0.003666666666666679,-1.6666666666667425,-0.3333333333333333,1,50,0.004853349358947904,0.3287977256880803,0.838,0
2372,31663.18,11810.94,2455.88,0.2079,745,59,0,0,0.007866666666666688,1.6666666666666288,0.0,0,0,0.006622688275919394,0.9307517434708384,0.7921,0
2373,38516.35,16689.75,3361.38,0.2014,643,35,0,0,0.03556666666666666,-0.33333333333325754,0.0,0,0,0.03159129626970061,1.0472581121376483,0.7986,0
2374,78087.88,9713.55,1583.8,0.1631,667,43,0,0,0.006133333333333324,8.0,0.0,0,0,0.004276810857532877,0.24338732204126107,0.8369,0
2375,33296.66,500.0,134.83,0.2697,722,35,0,0,-0.00649999999999995,1.6666666666666288,0.0,0,0,0.005203844732503068,0.04859226118826612,0.7303,0
2376,48048.74,9321.2,1508.45,0.1618,586,35,0,0,0.003133333333333349,-11.333333333333371,0.3333333333333333,1,16,0.0025354705896758365,0.37672996202354614,0.8382000000000001,0
2377,59344.39,1397.36,355.87,0.2547,705,44,0,0,-0.0027666666666666395,-2.3333333333332575,0.0,0,0,0.003421663013474248,0.07196029817033213,0.7453000000000001,1
2378,23587.4,9919.34,2457.26,0.2477,703,40,0,0,-0.011900000000000022,5.666666666666629,0.0,0,0,0.011505409355796267,1.2501216744956434,0.7523,0
2379,22001.25,9015.05,2651.37,0.2941,642,39,0,0,-0.010699999999999987,-2.0,-0.3333333333333333,1,36,0.00845080535281172,1.4461196515037356,0.7059,0
2380,57634.96,9613.84,1396.8,0.1453,793,38,0,0,-0.0024999999999999745,2.3333333333333712,0.0,0,0,0.0019532736054577106,0.2908234862401244,0.8547,0
2381,60413.77,6032.52,777.14,0.1288,651,34,0,0,-0.005766666666666642,0.0,0.0,0,0,0.0036807306038037957,0.15436348365857053,0.8712,0
2382,35429.85,8682.9,1467.2,0.169,748,40,0,0,-0.010833333333333334,6.0,0.0,0,0,0.00925472852113988,0.4969369047296774,0.831,0
2383,113643.09,7052.62,1442.59,0.2045,695,21,0,0,0.0018666666666666276,-1.6666666666667425,0.0,0,0,0.002103634421133522,0.15232848735609053,0.7955,0
2384,25728.6,7321.9,874.72,0.1195,699,54,0,0,0.005366666666666672,1.6666666666666288,0.0,0,0,0.003130495168499703,0.4079755600811663,0.8805000000000001,0
2385,82373.1,10207.61,1128.36,0.1105,612,48,1,19,-0.0065333333333333354,-0.33333333333337123,0.0,2,19,0.005618496240098409,0.16437793403462372,0.8895,0
2386,41528.59,13527.92,2012.86,0.1488,744,34,0,0,-0.009600000000000025,6.0,0.0,0,0,0.008552192701290127,0.5816311122776002,0.8512,0
2387,43263.7,11335.55,1470.12,0.1297,737,56,0,0,-0.007599999999999996,10.333333333333371,0.0,0,0,0.005746689868475972,0.4077654013666611,0.8703,0
2388,66346.9,4933.46,2259.67,0.458,706,57,0,0,0.07600000000000007,10.666666666666742,0.0,0,0,0.06546704853928001,0.40870093395615453,0.542,1
2389,49700.03,6006.15,646.35,0.1076,693,33,0,0,0.002066666666666661,5.0,0.0,0,0,0.0027137509916063513,0.1560602679339887,0.8924,0
2390,89627.72,16984.2,3491.06,0.2055,805,56,0,0,0.0068999999999999895,-1.6666666666666288,0.0,0,0,0.005247089140127555,0.46740807413589347,0.7945,0
2391,54717.25,6815.03,1077.25,0.1581,671,23,1,17,-0.0012000000000000344,3.0,0.3333333333333333,1,17,0.002764105239996812,0.23625090802562243,0.8419,0
2392,24146.15,8830.83,1529.75,0.1732,732,21,0,0,0.0046666666666666246,1.3333333333333712,0.0,0,0,0.0038777499203074516,0.7602454217702223,0.8268,0
2393,32018.17,8750.14,1854.91,0.212,788,32,0,0,0.0030999999999999917,-5.0,0.0,0,0,0.0034453269478784978,0.6951965084718347,0.788,0
2394,42952.57,10924.36,2084.56,0.1908,638,52,1,38,0.0013999999999999846,-2.0,0.3333333333333333,1,38,0.004240315763923464,0.5823800529982592,0.8092,0
2395,29506.72,7405.04,1117.22,0.1509,711,32,0,0,-0.001266666666666666,10.0,0.0,0,0,0.001059481005020854,0.4543588712858527,0.8491,0
2396,53480.14,5426.59,659.48,0.1215,701,27,0,0,0.0010999999999999899,-1.3333333333332575,0.0,0,0,0.0016822603841260663,0.14797567841490863,0.8785000000000001,0
2397,65157.95,8531.7,2519.52,0.2953,633,26,0,0,0.06476666666666664,6.0,0.0,1,16,0.04949371172179351,0.46401459828665303,0.7047,0
2398,36352.98,14065.76,1708.05,0.1214,637,32,0,0,-0.009599999999999997,3.0,0.0,0,0,0.006132087735836783,0.5638217277712622,0.8786,0
2399,58556.91,11006.52,4449.3,0.4042,766,45,0,0,0.02510000000000001,1.3333333333333712,0.0,0,0,0.02259231678641609,0.9117899149572359,0.5958,0
2400,44624.96,17529.34,5159.49,0.2943,619,21,0,0,-0.00163333333333332,8.333333333333258,0.0,0,0,0.004095254706500072,1.387427125612009,0.7057,0
2401,28184.82,1854.53,383.3,0.2067,663,40,0,0,0.00360000000000002,-5.3333333333332575,0.0,1,19,0.003440930106817049,0.16319423001607494,0.7933,0
2402,46139.07,7331.94,2119.35,0.2891,797,30,0,0,-0.013266666666666649,1.3333333333332575,0.0,0,0,0.011195026177330324,0.5512074689278633,0.7109,0
2403,55966.94,9743.56,2260.2,0.232,715,37,0,0,-0.0036666666666666514,-5.0,0.0,0,0,0.004474961204052816,0.48461466705495454,0.768,0
2404,31560.35,5892.0,1801.71,0.3058,785,57,0,0,0.006133333333333324,5.0,0.0,0,0,0.00612293048937987,0.6850532390096866,0.6941999999999999,0
2405,47093.94,13332.57,3986.06,0.299,646,36,0,0,0.04770000000000002,6.3333333333332575,0.0,0,0,0.04359672515733772,1.0156873684344896,0.7010000000000001,0
2406,53964.26,9436.97,2214.52,0.2347,700,51,0,0,-0.002266666666666667,0.0,0.0,0,0,0.002501221923602767,0.49244147875076394,0.7653,0
2407,101571.74,6555.22,1121.44,0.1711,717,40,0,0,0.0008333333333333526,4.0,0.0,0,0,0.0017923448328934916,0.13249039544276897,0.8289,0
2408,50163.34,5973.96,1477.24,0.2473,633,21,0,0,-0.007500000000000007,5.333333333333371,0.0,0,0,0.005641758984965974,0.35338316778267564,0.7527,0
2409,46229.93,10490.74,3067.79,0.2924,654,44,1,48,-0.010833333333333306,-3.0,0.0,2,48,0.012344105655917094,0.7963126915927462,0.7076,0
2410,42544.62,6376.4,1441.55,0.2261,679,52,0,0,-0.0040999999999999925,-7.0,0.0,0,0,0.0037992689355248847,0.4065990011221351,0.7739,0
2411,27643.69,11212.83,2429.07,0.2166,575,56,0,0,0.0049000000000000155,3.6666666666666288,0.0,1,58,0.006209289635520136,1.054448229861738,0.7834,0
2412,48365.79,15270.41,1868.7,0.1224,711,53,0,0,-0.0030666666666666897,1.0,0.0,0,0,0.0042424770018364396,0.46364175989757017,0.8776,0
2413,41670.67,503.74,119.92,0.2381,645,51,0,0,0.005666666666666681,6.0,0.0,0,0,0.00566615193740672,0.03453364199773117,0.7619,0
2414,26199.41,3221.16,587.56,0.1824,715,33,0,0,-0.0055333333333333345,-4.3333333333332575,-0.3333333333333333,1,32,0.005645130645078118,0.2691175105382369,0.8176,0
2415,98176.31,9782.92,1473.63,0.1506,703,58,1,49,-0.005033333333333334,-3.3333333333333712,0.3333333333333333,2,49,0.003146603106702704,0.18012043840146932,0.8493999999999999,0
2416,66520.2,8375.07,2464.84,0.2943,674,30,0,0,-0.01806666666666662,-8.666666666666629,0.0,0,0,0.009985865010103002,0.4446480917775988,0.7057,0
2417,54176.38,8420.27,2594.66,0.3081,681,53,0,0,-0.01093333333333335,-7.333333333333371,-0.3333333333333333,2,55,0.006623589996704533,0.5747139250186785,0.6919,0
2418,63055.65,12609.7,3716.11,0.2947,810,35,0,0,-0.011700000000000044,-1.3333333333333712,0.0,0,0,0.014934979447964186,0.7072057776188737,0.7053,0
2419,42943.17,10445.36,1910.88,0.1829,775,51,0,0,0.0017666666666666664,-0.33333333333325754,0.0,0,0,0.005739725119240866,0.5339745527307906,0.8170999999999999,0
2420,27521.28,13825.14,4910.31,0.3552,675,27,0,0,-0.004733333333333312,3.0,0.0,0,0,0.008449326074374909,2.141023963068132,0.6448,0
2421,68768.93,8338.46,1874.41,0.2248,686,45,0,0,0.0015666666666666884,-10.0,0.0,0,0,0.005046038049797095,0.3270796854927806,0.7752,0
2422,31445.01,10383.92,1948.76,0.1877,670,38,0,0,0.00743333333333332,1.3333333333333712,0.0,0,0,0.006314885412877871,0.7436830196929752,0.8123,0
2423,34618.97,500.0,139.61,0.2792,698,47,0,0,0.0005333333333333301,3.0,0.0,1,50,0.004492802886592927,0.048393120864638164,0.7208,0
2424,54920.62,6400.15,2335.61,0.3649,631,35,0,0,0.003033333333333388,1.6666666666667425,0.0,0,0,0.011834741700227814,0.51032417321356,0.6351,0
2425,63295.26,7729.07,1470.27,0.1902,812,54,1,46,6.666666666665932e-05,6.3333333333332575,0.3333333333333333,1,46,0.002244685080609552,0.2787450434148632,0.8098,0
2426,73989.43,1203.57,346.41,0.2878,626,29,0,0,0.007900000000000018,2.0,0.0,0,0,0.007927133431729586,0.05618261958939012,0.7121999999999999,0
2427,65910.89,7847.34,813.78,0.1037,706,30,0,0,-0.0012333333333333363,-3.0,0.3333333333333333,1,35,0.0013388427838995917,0.1481600384734917,0.8963,0
2428,74656.96,6102.07,2081.42,0.3411,672,43,0,0,-0.0025333333333333874,6.0,0.0,0,0,0.005900729710053757,0.3345574209823881,0.6589,0
2429,29940.98,6926.97,2064.65,0.2981,677,24,0,0,0.01150000000000001,4.0,0.0,0,0,0.007264984514780496,0.8274879442847278,0.7019,0
2430,56320.47,9203.54,2526.35,0.2745,666,31,0,0,-0.005800000000000027,4.0,0.0,0,0,0.005201201784203342,0.5382803089807423,0.7255,0
2431,31395.63,11078.72,1575.59,0.1422,698,38,1,10,0.013933333333333325,3.6666666666666288,0.3333333333333333,1,10,0.008878219290926399,0.6022201176652087,0.8578,0
2432,27722.72,9361.79,3268.91,0.3492,654,21,0,0,0.025933333333333364,-11.333333333333371,0.0,2,51,0.020206496480092748,1.414973710480801,0.6508,0
2433,86776.81,6834.89,1761.15,0.2577,708,46,0,0,0.004833333333333301,2.6666666666666288,0.0,0,0,0.0037089231740642854,0.24354202461553376,0.7423,0
2434,43374.08,3851.23,891.72,0.2315,656,22,0,0,0.0023000000000000242,0.33333333333325754,0.0,0,0,0.002870007742924124,0.2467058666613685,0.7685,0
2435,48584.4,6966.06,2230.09,0.3201,841,39,0,0,0.010199999999999987,-5.6666666666667425,0.0,0,0,0.0077183223565746644,0.5508163112725526,0.6799,0
2436,51890.31,3734.8,1138.66,0.3049,730,49,0,0,-0.013300000000000034,4.666666666666629,0.0,0,0,0.009233769544449344,0.26332315218082375,0.6951,0
2437,48810.66,5108.65,979.52,0.1917,733,21,0,0,0.0033999999999999864,-4.6666666666667425,0.0,0,0,0.003646573734342967,0.24081296989449116,0.8083,0
2438,110854.34,9453.31,2296.97,0.243,658,31,0,0,0.04833333333333334,-2.6666666666666288,0.0,0,0,0.035901183824492505,0.24864736912435031,0.757,0
2439,94389.77,6397.64,3160.91,0.4941,693,38,0,0,0.07583333333333331,8.666666666666629,0.0,0,0,0.06322039052218657,0.4018541415576894,0.5059,0
2440,67237.97,6028.42,1410.33,0.2339,673,45,0,0,-0.010199999999999987,-1.6666666666667425,0.3333333333333333,1,43,0.009398640563637052,0.25170242345180216,0.7661,0
2441,19963.48,500.0,102.17,0.2043,683,29,0,0,0.028000000000000025,1.3333333333333712,0.0,0,0,0.02270743270385272,0.061414142186784586,0.7957,0
2442,26218.2,11179.55,2835.01,0.2536,704,21,0,0,0.015166666666666662,3.3333333333333712,0.0,0,0,0.0074060410776908715,1.2975764920715034,0.7464,1
2443,101528.38,7527.64,1892.03,0.2513,737,38,0,0,0.0021000000000000185,2.0,0.0,0,0,0.009132496920338943,0.2236257487543531,0.7486999999999999,0
2444,36593.48,6171.23,2186.97,0.3544,746,33,0,0,0.027466666666666695,-5.333333333333371,0.0,0,0,0.017768370775059824,0.7171671016638481,0.6456,0
2445,29178.76,15945.54,4240.27,0.2659,676,38,0,0,0.006566666666666665,3.6666666666666288,0.0,1,6,0.006281122511144037,1.7438451798182606,0.7341,0
2446,60073.23,15667.41,3791.47,0.242,695,34,0,0,0.00463333333333335,2.0,0.0,0,0,0.002287526563294464,0.7573696302148487,0.758,0
2447,43415.18,9268.35,2625.7,0.2833,630,30,0,0,-0.00716666666666671,6.0,0.0,0,0,0.004698344862230162,0.7257461558673958,0.7167,0
2448,48181.61,8049.14,1742.9,0.2165,831,48,0,0,0.014599999999999974,-0.6666666666667425,0.0,0,0,0.01160295699858924,0.4340826301734419,0.7835,0
2449,77431.58,11129.98,2433.63,0.2187,576,28,0,0,-0.002933333333333288,5.333333333333371,0.0,0,0,0.002265502151841834,0.3771530943250049,0.7813,0
2450,58754.61,10189.21,1756.19,0.1724,702,57,0,0,0.0039333333333333165,6.333333333333371,0.0,0,0,0.004113122631016229,0.3586830036944472,0.8276,0
2451,62807.85,10176.1,3237.09,0.3181,667,25,0,0,0.00983333333333336,-0.6666666666667425,0.0,0,0,0.007290404652692451,0.6184749198162061,0.6819,0
2452,38272.33,15095.62,7108.99,0.4709,700,39,0,0,0.0548333333333334,4.3333333333332575,0.0,0,0,0.048306532799520095,2.2289701194897815,0.5291,1
2453,73697.49,10233.58,2806.9,0.2743,664,42,0,0,-0.014033333333333287,5.0,0.0,0,0,0.015102409667923153,0.4570413455670675,0.7257,0
2454,56782.67,5890.63,1558.45,0.2646,633,23,0,0,0.010833333333333334,5.333333333333371,0.0,0,0,0.0057358521598800125,0.32935048661938215,0.7354,0
2455,50486.96,7823.71,1327.51,0.1697,763,41,0,0,0.004466666666666647,-1.3333333333333712,0.0,0,0,0.002780187843373973,0.3155293960304531,0.8303,0
2456,94234.6,7282.11,2346.57,0.3222,734,40,0,0,0.011099999999999943,-1.6666666666667425,0.0,0,0,0.006390574656824256,0.2988163582846874,0.6778,0
2457,67449.48,2576.48,623.89,0.2421,729,40,0,0,0.005299999999999999,-4.0,0.0,0,0,0.0075914425506619,0.11099685273582595,0.7579,0
2458,49075.03,9095.78,1555.29,0.171,693,32,0,0,0.019266666666666654,6.666666666666629,0.0,0,0,0.018521796469145337,0.38030501449385445,0.829,0
2459,46348.76,500.0,165.92,0.3318,718,21,0,0,0.004766666666666641,-2.3333333333333712,0.0,0,0,0.01156892389118366,0.04295778354123188,0.6682,0
2460,24600.96,13228.3,4588.18,0.3468,623,36,0,0,0.06300000000000006,-7.0,-0.3333333333333333,1,21,0.05172753403921142,2.238049245766971,0.6532,0
2461,59846.1,14160.34,2187.66,0.1545,680,33,0,0,-0.012866666666666693,-0.6666666666666288,0.0,0,0,0.00740305867718052,0.43865715551616746,0.8455,0
2462,49516.57,2554.1,642.95,0.2517,725,53,0,0,0.0071666666666666545,3.0,0.0,0,0,0.012755195020069268,0.15581450811577266,0.7483,0
2463,30666.27,12180.31,3658.96,0.3004,695,42,0,0,0.029066666666666685,7.333333333333371,0.0,0,0,0.02582905340890371,1.431785475795347,0.6996,1
2464,33841.46,7025.96,1702.6,0.2423,708,44,0,0,0.03589999999999996,1.0,0.0,0,0,0.029205726226965236,0.6037328174598616,0.7577,1
2465,24250.78,10217.75,1476.2,0.1445,700,23,0,0,-0.001700000000000007,0.6666666666667425,0.0,0,0,0.0028976043744981888,0.7304672258473498,0.8555,0
2466,41558.02,16976.28,5569.36,0.3281,684,38,0,0,0.0328666666666666,-2.6666666666666288,0.0,0,0,0.02523414243528884,1.6081690124000607,0.6718999999999999,0
2467,25092.01,6001.01,1658.7,0.2764,733,21,0,0,-0.010666666666666658,5.666666666666629,0.0,0,0,0.007114265793304177,0.7932564984025164,0.7236,0
2468,58217.17,9420.07,3773.48,0.4006,786,39,0,0,0.03916666666666674,-2.6666666666667425,0.0,0,0,0.04325695833556083,0.7778076466215432,0.5993999999999999,0
2469,65432.69,10506.05,1551.51,0.1477,709,25,0,0,0.0009000000000000119,13.666666666666742,0.0,0,0,0.0025465663156493666,0.2845385081460893,0.8523000000000001,0
2470,30737.57,14009.65,2329.09,0.1662,666,29,0,0,0.011233333333333317,-4.6666666666667425,0.0,0,0,0.008002777295692081,0.9092807267812203,0.8338,0
2471,112094.36,11141.4,1261.85,0.1133,649,26,0,0,-0.005600000000000008,0.33333333333325754,0.0,0,0,0.0038526325775731216,0.13508440565947283,0.8867,0
2472,87899.01,6991.84,1382.42,0.1977,762,41,0,0,0.022133333333333338,-3.0,0.0,1,14,0.021590571501879655,0.1887284054477435,0.8023,0
2473,57166.26,4624.71,915.46,0.1979,676,41,0,0,0.014699999999999963,5.0,0.0,0,0,0.009671062219034911,0.19216789759718378,0.8021,0
2474,45611.9,7262.16,1718.36,0.2366,664,35,0,0,0.0063,-1.0,0.0,0,0,0.0036308095209991163,0.4520820223357285,0.7634,0
2475,26771.89,2930.21,279.09,0.0952,653,21,0,0,-0.0032999999999999835,7.0,0.0,0,0,0.002370888253611105,0.1250968832793963,0.9048,0
2476,62144.6,4617.98,567.58,0.1229,562,47,0,0,0.003500000000000003,-5.666666666666629,0.0,0,0,0.0019940188341916673,0.10959858135195685,0.8771,0
2477,67683.1,3211.79,860.52,0.2679,693,56,0,0,0.0028000000000000247,-2.3333333333332575,0.0,0,0,0.006159026799025229,0.152567479890389,0.7321,0
2478,73620.26,10596.14,3327.89,0.3141,659,48,1,50,0.004966666666666619,10.0,0.3333333333333333,1,50,0.006760362416320607,0.5424414419820128,0.6859,0
2479,59107.77,9979.26,2063.73,0.2068,654,27,0,0,-0.004333333333333328,-2.0,0.0,0,0,0.004299547779838122,0.418976388298396,0.7932,0
2480,59348.78,7486.54,2206.78,0.2948,540,32,0,0,0.030899999999999983,3.0,0.0,0,0,0.02332438518899146,0.4461988939729783,0.7052,0
2481,27850.43,5355.87,1975.6,0.3689,680,43,0,0,0.043899999999999995,-2.0,-0.3333333333333333,1,37,0.03757414152194448,0.8512328172234757,0.6311,1
2482,103745.43,7111.57,1914.21,0.2692,794,51,0,0,-0.012466666666666626,11.0,0.0,0,0,0.008471979960106417,0.2214123551981331,0.7308,0
2483,80165.6,5030.03,1071.52,0.213,819,31,0,0,-0.0028000000000000247,-5.6666666666667425,-0.3333333333333333,1,36,0.003302314003509944,0.16039598029672636,0.787,0
2484,55780.38,2830.94,1519.62,0.5368,632,49,0,0,0.10556666666666664,-2.0,0.0,0,0,0.08397951304402232,0.3269149474434742,0.46319999999999995,1
2485,27253.58,17393.89,3606.97,0.2074,721,46,0,0,-0.0021333333333333204,1.0,-0.3333333333333333,1,53,0.002449716536889755,1.5881818088097717,0.7926,0
2486,85733.66,9036.07,2815.25,0.3116,642,47,0,0,-0.003200000000000036,2.3333333333332575,0.0,0,0,0.006367888189973177,0.3940459324292401,0.6884,0
2487,39962.12,3221.97,661.6,0.2053,670,33,0,0,-0.004033333333333333,-4.0,0.0,0,0,0.004516635916254477,0.1986681386677179,0.7947,0
2488,34619.76,11165.25,1372.48,0.1229,764,55,0,0,0.0008666666666666545,3.6666666666666288,0.0,0,0,0.0020573715701782624,0.4757329338589062,0.8771,0
2489,44178.76,7616.96,1697.43,0.2228,613,33,0,0,0.009000000000000008,3.6666666666666288,0.0,1,19,0.012579955396493982,0.46106228410365646,0.7772,0
2490,89049.15,13041.29,5605.44,0.4298,700,21,0,0,0.07903333333333334,-0.6666666666666288,0.0,0,0,0.064780213885963,0.7553725104724248,0.5702,1
2491,31308.74,5713.26,639.08,0.1119,676,34,0,0,-0.0001666666666666622,-3.3333333333333712,0.0,0,0,0.002099073869855733,0.24494629924617356,0.8881,0
2492,61217.69,7230.8,1950.42,0.2697,745,40,0,0,0.008899999999999963,10.0,0.0,0,0,0.009451734114847787,0.38232478218979027,0.7303,0
2493,58167.22,16565.18,1859.24,0.1122,701,44,0,0,-0.005933333333333332,1.3333333333333712,0.0,0,0,0.00502338973646725,0.38356448864836973,0.8878,0
2494,30210.25,7674.5,1235.41,0.161,697,21,0,0,0.0017666666666666664,-5.666666666666629,0.0,1,35,0.0030463092423455695,0.4907248365740536,0.839,0
2495,158296.77,4168.69,799.69,0.1918,737,45,0,0,-0.003433333333333344,2.0,0.0,0,0,0.004638366570727705,0.06062208344031616,0.8082,0
2496,38005.67,5924.0,1427.3,0.2409,697,26,0,0,-0.0007333333333333081,8.666666666666629,0.0,1,9,0.00968600078004906,0.45065907256975324,0.7591,0
2497,24504.34,4592.74,1719.14,0.3743,645,30,0,0,0.07806666666666673,0.0,0.0,0,0,0.06188038416529461,0.8418786219052403,0.6256999999999999,0
2498,43750.23,10350.85,2188.6,0.2114,614,64,0,0,0.009633333333333327,-13.0,0.0,2,57,0.006925857347650188,0.6002985582657832,0.7886,0
2499,52517.68,3938.39,499.12,0.1267,697,27,0,0,-0.002600000000000019,-1.3333333333333712,0.0,0,0,0.0017621010186706111,0.11404616499874795,0.8733,0
2500,99181.84,7013.25,972.48,0.1387,653,21,0,0,0.001366666666666655,8.666666666666629,0.0,0,0,0.003071825371193995,0.11766024907975166,0.8613,0
2501,38450.71,9219.99,2615.68,0.2837,698,40,0,0,0.010133333333333328,0.33333333333337123,0.0,0,0,0.006781244559649647,0.816321987037538,0.7162999999999999,0
2502,89585.11,5926.16,1113.82,0.188,701,27,0,0,-0.003633333333333294,1.3333333333333712,0.0,0,0,0.003974012805437074,0.14919711543815298,0.812,0
2503,49577.54,7076.55,1502.33,0.2123,669,41,0,0,0.001266666666666666,-8.0,0.0,0,0,0.007252087821984625,0.36363159599359746,0.7877000000000001,0
2504,73562.7,4245.07,978.8,0.2306,775,38,0,0,0.0039000000000000146,-3.0,0.3333333333333333,1,6,0.005491584470806208,0.15966787513351174,0.7694,0
2505,34510.76,6906.76,2385.54,0.3454,654,50,1,13,0.009700000000000042,-3.6666666666666288,0.3333333333333333,1,13,0.012163515573678141,0.829494337129813,0.6546000000000001,0
2506,42052.34,15104.19,1773.56,0.1174,670,51,0,0,0.0011666666666666908,3.6666666666667425,0.0,1,39,0.002683281572999748,0.5061007305164658,0.8826,0
2507,69971.95,12648.4,2823.01,0.2232,769,54,0,0,-0.0223666666666667,-3.6666666666666288,0.0,1,51,0.015676504003692207,0.4841385725878775,0.7767999999999999,0
2508,60439.88,7223.63,1886.73,0.2612,725,28,0,0,-0.004433333333333345,8.0,0.0,0,0,0.0025792979234237133,0.3745996847694734,0.7388,0
2509,100745.98,7278.56,2338.28,0.3213,624,50,0,0,0.01963333333333328,0.0,0.0,0,0,0.010901834707974631,0.27851592685542204,0.6787000000000001,0
2510,70969.83,2835.63,1978.6,0.6978,664,26,0,0,0.15506666666666674,6.666666666666629,0.0,0,0,0.12197860468131287,0.33455342919639736,0.3022,1
2511,44344.79,2964.73,473.5,0.1597,587,50,0,0,0.00786666666666666,0.0,0.0,0,0,0.004172828776741267,0.12813230141494442,0.8403,0
2512,57542.24,5102.89,1308.17,0.2564,680,39,0,0,0.03169999999999998,1.6666666666666288,0.0,0,0,0.028242304753291265,0.2728089833959591,0.7436,1
2513,50199.43,3479.54,449.08,0.1291,630,43,0,0,0.005300000000000013,-1.3333333333333712,0.0,0,0,0.002918047292282974,0.107351019697072,0.8709,0
2514,86873.15,5927.59,982.16,0.1657,736,43,0,0,0.002266666666666639,1.3333333333332575,0.0,0,0,0.0036187398052053717,0.1356681552167958,0.8343,0
2515,43936.49,5105.82,2081.33,0.4076,565,45,0,0,0.05623333333333336,-5.0,0.0,0,0,0.0492394940853151,0.5684559689037183,0.5924,0
2516,71359.95,4959.96,711.63,0.1435,659,27,0,0,0.005099999999999993,-10.333333333333371,-0.3333333333333333,1,53,0.00344387540102393,0.11966880580162927,0.8565,0
2517,58352.27,4626.13,770.87,0.1666,649,31,0,0,0.007500000000000007,3.3333333333332575,0.0,0,0,0.008894801852767713,0.1585275088372341,0.8334,0
2518,59725.94,6672.84,3032.17,0.4544,691,30,0,0,0.06663333333333332,0.6666666666666288,0.0,1,22,0.06010149748550363,0.6092166986855192,0.5456,0
2519,74148.24,7613.41,1368.12,0.1797,683,33,0,0,0.004033333333333333,6.666666666666629,0.0,0,0,0.00616686936603797,0.22141375165941946,0.8203,0
2520,49035.41,6007.95,1898.17,0.3159,695,27,0,0,0.013866666666666638,-4.0,0.0,0,0,0.007335018745715657,0.4645222706290359,0.6840999999999999,0
2521,77372.22,8586.66,1727.49,0.2012,686,28,0,0,0.004933333333333345,-1.3333333333333712,0.0,1,19,0.004878268135311957,0.26792406882967695,0.7988,0
2522,55179.87,8625.77,3226.51,0.3741,662,21,0,0,0.004433333333333289,-2.3333333333332575,0.0,0,0,0.00887756222794925,0.7016710983838843,0.6259,1
2523,75122.84,4659.89,832.06,0.1786,756,34,0,0,0.008333333333333304,-2.6666666666667425,-0.3333333333333333,1,25,0.004860584098416335,0.13291190799502595,0.8214,0
2524,52872.99,2814.45,934.4,0.332,616,34,0,0,-0.010733333333333317,2.0,0.0,0,0,0.007733207613920636,0.21207047298545353,0.6679999999999999,0
2525,39292.0,7031.2,1045.57,0.1487,725,21,0,0,-0.00216666666666665,2.0,0.0,0,0,0.0025356349193928623,0.3193230173106007,0.8513,0
2526,68457.53,9201.89,1268.98,0.1379,618,34,0,0,-0.005299999999999999,-0.33333333333337123,0.0,0,0,0.0038307237494296584,0.222440979061481,0.8621,0
2527,43765.86,6946.06,2059.06,0.2964,657,25,0,0,-3.333333333332966e-05,2.6666666666666288,0.0,0,0,0.007140222529990088,0.5645660794332662,0.7036,0
2528,59898.81,4089.39,2236.29,0.5469,751,32,0,0,0.07410000000000005,-3.6666666666666288,0.0,0,0,0.0642914652189542,0.4480135748043047,0.45309999999999995,0
2529,31577.2,3565.62,1047.41,0.2938,538,68,0,0,0.002966666666666673,5.0,-0.3333333333333333,2,8,0.005879153378203741,0.398037824608374,0.7061999999999999,0
2530,31734.64,12969.52,1566.24,0.1208,624,37,0,0,0.007133333333333325,0.0,0.0,1,9,0.0034383862493908416,0.5922512432122433,0.8792,0
2531,29264.24,6326.81,1641.81,0.2595,843,31,0,0,0.0007333333333333636,1.6666666666667425,0.0,0,0,0.005039097141353804,0.673235320374668,0.7404999999999999,0
2532,62712.05,8342.16,841.02,0.1008,743,32,0,0,-0.0016000000000000042,4.6666666666667425,0.0,0,0,0.001500648008176609,0.1609298372173903,0.8992,0
2533,24315.54,12075.58,3322.65,0.2752,735,62,0,0,0.036933333333333346,-5.0,0.0,0,0,0.03492030211782253,1.6397661734151412,0.7248,0
2534,21458.37,4631.7,793.63,0.1713,696,53,0,0,0.0011666666666666492,-3.0,0.0,0,0,0.0020429417786885407,0.4438156297367513,0.8287,0
2535,31183.69,1845.8,416.9,0.2259,704,22,0,0,-0.0007666666666666933,-9.0,0.0,0,0,0.0022236106773543883,0.16043001960559639,0.7741,0
2536,32211.44,13202.12,3350.73,0.2538,564,35,0,0,0.005099999999999993,-1.3333333333333712,0.0,0,0,0.0035185224171518418,1.2482757673988092,0.7462,0
2537,59368.37,10941.77,2404.07,0.2197,740,32,0,0,-0.0010000000000000009,1.3333333333333712,0.0,0,0,0.006409129772788532,0.48592946031984446,0.7803,0
2538,80894.66,6474.45,858.86,0.1327,747,44,0,0,0.001700000000000007,5.0,0.0,0,0,0.004263540521418538,0.12740420688425105,0.8673,0
2539,34272.38,9014.98,1515.21,0.1681,680,21,0,0,-0.0048000000000000265,0.6666666666666288,0.0,0,0,0.005672178691747206,0.5305298317080298,0.8319,0
2540,74983.75,10628.65,2586.27,0.2433,684,40,0,0,-0.0048000000000000265,1.6666666666666288,0.0,0,0,0.00872639673633969,0.4138928767237339,0.7567,0
2541,92616.86,11878.01,4070.07,0.3427,657,51,0,0,0.008000000000000007,2.3333333333333712,0.0,0,0,0.004679684224864362,0.5273428616957202,0.6573,0
2542,89528.57,13305.97,4569.33,0.3434,699,54,0,0,-0.0005999999999999894,2.0,0.0,1,25,0.005501691659036418,0.6124520920266074,0.6566000000000001,0
2543,52906.23,9981.0,1378.86,0.1381,694,21,0,0,0.0012333333333333363,-2.6666666666666288,0.0,1,25,0.005220153254455264,0.31274804491355784,0.8619,0
2544,26793.42,5855.57,978.98,0.1672,649,59,1,26,0.0005666666666666598,-2.6666666666666288,0.3333333333333333,2,38,0.002239109445987629,0.43845690452127867,0.8328,0
2545,67372.55,6523.25,1370.28,0.2101,686,31,0,0,0.008666666666666684,-6.333333333333371,0.0,0,0,0.004845559249915786,0.24406616637000092,0.7899,0
2546,64850.78,5349.46,1665.98,0.3114,736,37,0,0,0.029200000000000004,0.33333333333337123,0.0,0,0,0.022920078533896892,0.30827323890785463,0.6886,1
2547,81261.67,2823.73,801.77,0.2839,702,29,0,0,-0.016000000000000014,-4.0,0.0,0,0,0.014548606271545209,0.11839825588840619,0.7161,0
2548,37336.38,9063.28,2045.88,0.2257,696,21,0,0,0.010800000000000032,6.0,0.0,0,0,0.00806537524097781,0.6575506246751666,0.7743,0
2549,41851.19,5156.58,1287.49,0.2497,589,44,0,0,0.007400000000000018,6.3333333333332575,0.0,0,0,0.008225941351061965,0.36916226266373914,0.7503,0
2550,59322.58,8713.6,3336.02,0.3829,762,29,0,0,0.05616666666666659,1.6666666666666288,0.0,0,0,0.04557834220084996,0.674822976207409,0.6171,0
2551,59737.61,1524.03,697.01,0.4573,629,57,0,0,0.062333333333333296,12.333333333333371,0.0,0,0,0.052887099351144044,0.14001430586727234,0.5427,1
2552,33362.27,10968.33,3315.46,0.3023,632,21,0,0,0.003933333333333344,-0.6666666666667425,0.0,0,0,0.005969087032369355,1.192530363961734,0.6977,0
2553,33400.37,8168.48,2354.0,0.2882,626,35,0,0,-0.010166666666666657,9.666666666666742,0.0,0,0,0.009483772690466807,0.8457391337237022,0.7118,0
2554,124456.9,9750.19,3454.23,0.3543,669,30,0,0,0.054766666666666686,-2.0,-0.3333333333333333,1,20,0.04914504044153389,0.33305312920379154,0.6456999999999999,1
2555,135712.81,10581.01,2640.58,0.2496,703,22,0,0,-0.0023999999999999855,6.3333333333332575,0.0,0,0,0.0039043067388604335,0.23348540198377865,0.7504,0
2556,51274.68,2394.3,718.5,0.3001,585,52,0,0,-0.0016999999999999793,5.333333333333371,0.0,0,0,0.00445785823013698,0.16815317029735066,0.6999,0
2557,27401.99,797.1,88.15,0.1106,623,44,0,0,0.0008666666666666684,1.6666666666666288,0.0,0,0,0.0019573224341204332,0.03860303574801551,0.8894,0
2558,56443.23,11261.4,2389.85,0.2122,698,54,0,0,0.0057333333333333125,3.6666666666666288,0.0,0,0,0.005607807058021873,0.5080892782695626,0.7878000000000001,0
2559,69609.67,8474.87,1523.13,0.1797,646,25,0,0,0.00983333333333336,-0.33333333333337123,-0.3333333333333333,1,45,0.00902119418061956,0.2625721397163517,0.8203,0
2560,42753.38,500.0,92.97,0.1859,649,40,0,0,0.0064333333333333464,-0.33333333333337123,0.0,0,0,0.004456175490260689,0.02609477893179119,0.8141,0
2561,71104.48,11000.76,3767.79,0.3425,567,27,0,0,0.06853333333333336,1.6666666666667425,0.0,0,0,0.054346918035892346,0.6358738576299203,0.6575,0
2562,38097.93,928.46,188.32,0.2028,695,45,0,0,0.0006333333333333468,-8.666666666666629,0.0,0,0,0.0033428198342783147,0.05931660852146562,0.7972,0
2563,61271.49,4185.2,1006.37,0.2405,543,57,0,0,0.015566666666666645,-0.6666666666666288,0.0,0,0,0.009935052983138938,0.1970972143428344,0.7595000000000001,0
2564,41482.0,9875.63,3556.23,0.3601,641,21,0,0,0.003599999999999992,1.0,-0.3333333333333333,1,19,0.004856953777832353,1.028753675995732,0.6399,0
2565,50561.91,9417.02,3434.82,0.3647,677,38,0,0,0.035099999999999965,8.666666666666742,0.0,0,0,0.029828779913216568,0.8151954700725833,0.6353,1
2566,23869.33,8767.02,1403.91,0.1601,845,46,0,0,-0.003466666666666701,-1.0,-0.3333333333333333,1,49,0.0045854237657070454,0.7057977744465566,0.8399,0
2567,43512.63,11944.02,3726.27,0.312,722,33,0,0,0.031033333333333357,-3.0,0.0,0,0,0.025033427651841845,1.027638182009875,0.688,0
2568,37550.46,8645.69,1608.73,0.1861,776,35,0,0,0.001966666666666672,-4.666666666666629,0.0,0,0,0.00661124883143201,0.5141018244205472,0.8139000000000001,0
2569,57161.33,1829.12,200.63,0.1097,758,32,0,0,0.0024000000000000132,-2.6666666666666288,0.0,0,0,0.0013345827479445112,0.04211868407356119,0.8903,0
2570,49670.84,3295.67,523.56,0.1589,651,43,0,0,0.0022999999999999965,-3.0,0.0,0,0,0.002001249609618951,0.1264870897790767,0.8411,0
2571,51055.23,7465.09,1999.34,0.2678,723,33,0,0,0.0005999999999999894,1.6666666666666288,0.0,0,0,0.00821408005263592,0.46992404097211804,0.7322,0
2572,31651.51,7147.79,1449.0,0.2027,607,22,0,0,-0.009200000000000014,3.6666666666667425,-0.3333333333333333,1,12,0.004929108551362113,0.5493576765660694,0.7973,0
2573,37435.39,6496.19,1380.77,0.2126,691,41,0,0,0.004933333333333345,-2.0,0.0,0,0,0.005333619783974106,0.44260898563334566,0.7874,0
2574,32302.8,2292.11,656.76,0.2865,827,34,0,0,0.006900000000000017,0.0,0.0,1,14,0.003553871128783401,0.24397637347450635,0.7135,0
2575,73612.78,10140.7,2733.92,0.2696,795,46,0,0,-0.0071666666666666545,2.3333333333333712,0.0,0,0,0.00886229528834251,0.44567043921791777,0.7303999999999999,0
2576,19773.44,6129.72,648.28,0.1058,632,27,0,0,-0.0008666666666666545,-2.6666666666666288,0.0,0,0,0.00201928205063087,0.3934247149347257,0.8942,0
2577,29500.18,10041.95,6259.31,0.6233,754,47,0,0,0.10236666666666666,-0.33333333333325754,0.0,0,0,0.08940775973035003,2.5461444631675563,0.37670000000000003,1
2578,37971.77,9598.8,2114.92,0.2203,757,23,0,0,-0.011399999999999993,2.6666666666666288,0.0,0,0,0.008647992702227384,0.6683659990561307,0.7797000000000001,0
2579,63799.79,10259.79,3713.89,0.362,667,34,0,0,0.010033333333333339,4.666666666666629,0.0,0,0,0.010992737501540655,0.6985396032121347,0.638,0
2580,37718.15,12095.24,2088.02,0.1726,687,27,0,0,-0.006366666666666687,3.3333333333333712,0.0,0,0,0.005624055476255557,0.6643019340033479,0.8274,0
2581,37321.17,10729.01,6486.18,0.6045,605,53,0,0,0.09390000000000004,-1.0,0.3333333333333333,1,58,0.07977176993008102,2.085523041613479,0.39549999999999996,1
2582,49063.91,6634.04,1633.25,0.2462,561,30,0,0,-0.0071999999999999564,-1.0,0.0,1,16,0.006584599034447301,0.3994585836148504,0.7538,0
2583,46809.36,9813.47,1648.33,0.168,680,40,0,0,0.00576666666666667,11.0,0.0,0,0,0.005706672507785176,0.42256420499936825,0.832,1
2584,65174.63,7196.66,1089.08,0.1513,686,43,0,0,-0.004033333333333361,7.0,0.0,0,0,0.004100135499115993,0.2005221970204316,0.8487,0
2585,32176.53,9394.0,1956.13,0.2082,584,55,0,0,-0.01423333333333332,0.0,0.0,0,0,0.010440798713593592,0.7295242834216651,0.7918000000000001,0
2586,45519.72,9065.99,3386.04,0.3735,741,40,0,0,0.04313333333333336,7.666666666666629,0.0,0,0,0.04185104538718237,0.8926346644770308,0.6265000000000001,1
2587,34625.46,4761.64,1094.43,0.2298,669,36,0,0,0.008899999999999963,-6.0,0.0,0,0,0.005421946145066354,0.3792920006102012,0.7702,0
2588,84805.6,10965.74,1769.59,0.1614,695,30,0,0,0.023999999999999994,8.333333333333371,0.0,0,0,0.018100345300573688,0.2503971435494263,0.8386,0
2589,50613.43,7828.76,1213.21,0.155,652,27,0,0,-0.007566666666666666,-0.6666666666666288,0.0,0,0,0.005149514540226097,0.28764144213400084,0.845,0
2590,19245.86,4906.42,1499.3,0.3056,756,47,0,0,-0.01313333333333333,-4.6666666666667425,0.0,0,0,0.009514725429564427,0.9348296199173247,0.6944,0
2591,58204.68,10710.1,1482.02,0.1384,683,55,0,0,0.008300000000000002,1.6666666666666288,0.0,1,57,0.0067788273322161,0.3055465642338973,0.8616,0
2592,45064.11,6802.03,1603.31,0.2357,672,21,0,0,0.011300000000000004,5.0,0.0,0,0,0.010203852758204198,0.4269410844877821,0.7643,0
2593,50524.21,10652.76,3267.43,0.3067,684,24,0,0,0.025133333333333285,-4.6666666666667425,0.0,0,0,0.027186827897184147,0.7760469681898526,0.6933,1
2594,19141.56,6505.28,1396.01,0.2146,684,31,0,0,0.005100000000000049,-0.33333333333337123,0.3333333333333333,1,58,0.0038349634215262655,0.8751700482874937,0.7854,0
2595,40475.53,9837.4,2732.88,0.2778,681,53,1,47,-0.004833333333333356,6.6666666666667425,0.0,2,47,0.0051161780439873085,0.8102317620121892,0.7222,0
2596,52965.21,17722.76,9512.07,0.5367,639,47,0,0,0.06936666666666669,3.3333333333333712,0.0,0,0,0.06135879000690213,2.15509086009739,0.46330000000000005,1
2597,57590.53,10287.78,2089.2,0.2031,773,36,0,0,0.0077333333333332865,1.0,0.0,0,0,0.004530391202141864,0.43532157100787466,0.7968999999999999,0
2598,47885.0,9103.19,2353.52,0.2585,811,55,0,0,-0.008599999999999997,-2.3333333333333712,0.0,1,22,0.013495410742586172,0.589793045691187,0.7415,0
2599,32978.48,1123.61,178.41,0.1588,667,56,0,0,-0.007933333333333348,1.6666666666666288,0.0,0,0,0.007661266213883966,0.06491869847309444,0.8412,0
2600,38474.53,5981.63,2649.75,0.443,707,26,0,0,0.0757666666666666,0.33333333333337123,0.0,0,0,0.06391741633632504,0.8264428438783447,0.5569999999999999,1
2601,38866.33,7958.55,2432.38,0.3056,625,32,0,0,0.011333333333333306,6.3333333333332575,0.0,0,0,0.011033559917109446,0.7509986147647081,0.6944,0
2602,43612.23,3159.4,561.75,0.1778,786,36,0,0,0.0016000000000000458,9.0,0.0,0,0,0.003614592339085802,0.15456673502238244,0.8222,0
2603,47719.13,7440.93,782.27,0.1051,675,57,0,0,-0.004133333333333322,7.333333333333371,0.0,1,10,0.005270436414567583,0.19671859058703245,0.8949,0
2604,62351.36,3844.8,1375.61,0.3578,720,40,0,0,0.021866666666666645,0.33333333333337123,0.0,0,0,0.014113803330231142,0.26474675126289204,0.6422,0
2605,49912.47,6462.61,1486.08,0.23,708,33,0,0,-0.0011666666666666492,-0.33333333333325754,0.0,0,0,0.00981962321069399,0.35728466244432666,0.77,0
2606,33858.55,11007.56,3918.76,0.356,645,36,0,0,0.059266666666666634,2.3333333333332575,0.0,0,0,0.055374703410291756,1.388869871371738,0.644,1
2607,32309.94,9312.82,1696.83,0.1822,709,54,0,0,-0.006566666666666665,4.0,0.0,0,0,0.004434554969529372,0.6302072982010339,0.8178,0
2608,37147.45,13730.61,4861.49,0.3541,584,34,0,0,0.047766666666666735,-1.3333333333332575,0.0,0,0,0.04698678301158506,1.5704410391872043,0.6458999999999999,0
2609,50895.78,7028.23,1943.92,0.2766,660,39,0,0,0.014500000000000013,-1.6666666666667425,0.0,0,0,0.015140627830810424,0.45832955098634987,0.7234,1
2610,51576.04,7430.52,1179.37,0.1587,610,42,0,0,-0.0002333333333333354,2.6666666666667425,0.0,0,0,0.0014177446878757853,0.27439950792474965,0.8412999999999999,0
2611,29697.22,11564.53,3577.46,0.3093,687,25,0,0,0.01366666666666666,-3.6666666666667425,0.0,0,0,0.00936909814229736,1.4455736928457652,0.6907,0
2612,45002.87,8957.68,2945.54,0.3288,696,25,0,0,-0.002533333333333332,1.6666666666666288,0.0,0,0,0.007804966367640507,0.7854272403198923,0.6712,0
2613,26570.65,5637.1,1791.96,0.3179,840,35,0,0,0.04496666666666671,-5.333333333333371,0.0,0,0,0.03704553879274056,0.809295970941187,0.6820999999999999,0
2614,80260.21,5145.99,2776.54,0.5396,643,35,0,0,0.10286666666666666,2.3333333333332575,0.0,0,0,0.07759091441657327,0.4151307353297285,0.46040000000000003,1
2615,32734.02,16329.82,1907.88,0.1168,704,48,0,0,-0.001533333333333331,2.3333333333333712,0.0,0,0,0.004930122829211361,0.6994118043432203,0.8832,0
2616,74314.31,6197.09,735.2,0.1186,727,47,0,0,-0.004400000000000001,-6.333333333333371,0.0,0,0,0.005857568703063687,0.11871737756261738,0.8814,0
2617,54768.63,11242.04,4236.73,0.3769,818,26,0,0,0.02396666666666669,-7.0,0.0,0,0,0.014335339006959134,0.9282824855918543,0.6231,0
2618,77928.09,9440.24,1339.94,0.1419,666,43,0,0,0.0007000000000000062,0.0,0.0,0,0,0.0035591821782226564,0.20633484020362852,0.8581,0
2619,60653.9,12731.03,4178.32,0.3282,798,34,0,0,0.01040000000000002,2.3333333333333712,0.0,0,0,0.00889655051753831,0.8266548398384957,0.6718,0
2620,70267.87,12073.69,1732.87,0.1435,627,33,0,0,-0.0049000000000000155,-4.6666666666667425,0.0,0,0,0.005622227711898937,0.2959309851920775,0.8565,0
2621,20055.14,11573.54,3275.28,0.283,698,31,0,0,-0.008233333333333315,5.333333333333371,0.0,0,0,0.010933892262136116,1.959764926920621,0.7170000000000001,0
2622,63319.1,9281.59,2098.73,0.2261,784,34,0,0,0.012866666666666693,-1.0,0.0,0,0,0.008519895017610916,0.39774349280433674,0.7739,0
2623,55138.61,10433.97,3084.35,0.2956,651,29,0,0,-0.010033333333333339,3.6666666666666288,-0.3333333333333333,2,45,0.007828118831778468,0.6712574000676641,0.7044,0
2624,88489.56,8521.49,1156.79,0.1357,687,21,0,0,0.0009666666666666712,1.0,0.0,0,0,0.0013401906995316388,0.15687138684063456,0.8643000000000001,0
2625,51290.33,4481.41,1259.76,0.2811,666,34,0,0,0.01156666666666667,-5.333333333333371,0.0,0,0,0.006676971202906624,0.2947362591830304,0.7189,0
2626,63003.55,12133.44,3277.85,0.2702,668,29,0,0,-0.001833333333333298,-2.6666666666666288,0.0,0,0,0.004591296113299575,0.6243172010546737,0.7298,0
2627,21117.93,5964.13,2691.58,0.4513,714,51,0,0,0.054133333333333256,-1.0,0.0,0,0,0.04666269923611362,1.5294567214517008,0.5487,1
2628,26589.94,5576.43,1424.56,0.2555,669,34,0,0,0.0019333333333333425,2.6666666666666288,0.0,0,0,0.0051729531647255935,0.6429017888827571,0.7444999999999999,0
2629,71484.45,8336.63,2515.19,0.3017,615,50,0,0,-0.0010666666666666602,8.666666666666629,0.0,0,0,0.003830832517583851,0.4222216159589021,0.6982999999999999,0
2630,69143.72,9608.88,2492.3,0.2594,613,30,0,0,0.0028666666666666285,2.0,0.0,0,0,0.003262327049481373,0.4325425359643579,0.7405999999999999,0
2631,27260.9,7049.58,2925.35,0.415,717,37,0,0,0.06053333333333327,3.6666666666667425,0.0,1,18,0.04863880766539317,1.2877124373937563,0.585,0
2632,62855.09,11878.54,2011.42,0.1693,684,37,0,0,-0.0017666666666666664,4.6666666666667425,0.0,0,0,0.0042848570571257195,0.38401090501010926,0.8307,0
2633,37067.81,7297.07,2388.31,0.3273,672,34,0,0,0.045033333333333314,1.0,0.0,0,0,0.040506587255792245,0.7731700359617134,0.6727000000000001,0
2634,27237.45,4829.56,1852.54,0.3836,583,54,0,0,0.06253333333333339,-5.0,0.0,0,0,0.045608847216789476,0.816173319830084,0.6164000000000001,0
2635,53740.06,14368.36,1590.89,0.1107,733,61,0,0,-0.0030333333333333323,-4.0,0.0,1,22,0.004473253849269011,0.35524113660716244,0.8893,0
2636,47580.62,14049.93,4380.09,0.3118,656,35,0,0,0.058833333333333376,-7.666666666666629,-0.3333333333333333,1,25,0.051159896403335306,1.1046741296507678,0.6881999999999999,0
2637,61362.27,12103.85,4456.67,0.3682,714,49,0,0,0.00493333333333329,-4.0,0.3333333333333333,1,35,0.007342418614537803,0.8715459840312532,0.6317999999999999,0
2638,39819.14,10840.57,2291.82,0.2114,636,44,0,0,-0.012966666666666682,-2.0,0.0,0,0,0.010590260200349724,0.6906688590389439,0.7886,0
2639,51623.65,7308.65,1326.31,0.1815,672,75,0,0,-0.0016666666666666774,-10.666666666666629,0.3333333333333333,1,56,0.002263294059551265,0.3083028804879229,0.8185,0
2640,36158.93,13731.9,2472.54,0.1801,656,44,0,0,0.0039000000000000146,-2.6666666666667425,0.0,0,0,0.002384032531470809,0.8205574664447568,0.8199,0
2641,42071.68,7957.71,3062.03,0.3848,728,54,0,0,0.02893333333333331,-4.666666666666629,0.0,0,0,0.015769758329720145,0.8733751537737381,0.6152,0
2642,19934.86,500.0,122.52,0.245,708,24,0,0,-0.0018333333333333535,-5.0,0.0,0,0,0.005879862054315372,0.0737522109066717,0.755,0
2643,41161.55,3183.53,1086.27,0.3412,614,28,0,0,0.009099999999999997,3.0,0.0,0,0,0.01113969379192168,0.3166848672170941,0.6588,0
2644,40480.89,7286.28,2197.55,0.3016,718,22,0,0,0.0023666666666666836,-3.3333333333333712,0.0,0,0,0.007041326421760162,0.6514333057445824,0.6984,0
2645,54053.53,9119.45,2087.93,0.229,770,43,0,0,-9.999999999998899e-05,4.3333333333332575,0.0,0,0,0.006018882325186668,0.4635249537715242,0.771,0
2646,15209.35,14489.84,6272.47,0.4329,703,36,0,0,0.03706666666666664,1.0,0.0,0,0,0.0379591227506643,4.948905767873915,0.5670999999999999,1
2647,45979.21,8317.37,2329.46,0.2801,667,44,0,0,-0.00986666666666669,-2.0,0.0,0,0,0.007534586916347824,0.6079599887145621,0.7199,0
2648,85929.58,8789.39,3765.58,0.4284,665,44,0,0,0.03416666666666668,-4.333333333333371,0.0,0,0,0.03773095546100046,0.5258603613992955,0.5716,1
2649,37900.49,11420.47,2316.42,0.2028,684,23,0,0,-0.004766666666666697,0.0,0.0,0,0,0.0034999206340207965,0.7334216520999846,0.7972,0
2650,49056.83,4092.46,1281.64,0.3132,648,44,0,0,0.0018000000000000238,-9.333333333333371,0.0,0,0,0.003719542982679426,0.3135074157102673,0.6868000000000001,0
2651,85502.96,5831.63,1614.94,0.2769,727,26,1,29,-0.011766666666666648,-4.0,0.0,2,48,0.007609533494242607,0.2266503989719209,0.7231000000000001,0
2652,53136.3,6115.13,1243.63,0.2034,583,29,0,0,0.008733333333333343,-6.666666666666629,0.0,0,0,0.005323871815803893,0.28085433115647396,0.7966,0
2653,93418.83,5641.22,2275.05,0.4033,691,26,0,0,0.0758666666666667,-1.3333333333332575,0.0,0,0,0.06306225099058865,0.29223872742243867,0.5967,0
2654,45157.09,15555.51,4527.79,0.2911,751,35,0,0,0.004566666666666663,-1.0,0.0,0,0,0.006433009490985609,1.2032103925554432,0.7089,0
2655,56177.76,5221.37,1776.61,0.3403,613,36,0,0,0.012433333333333352,4.0,0.0,0,0,0.012353586973470929,0.3794975092535912,0.6597,0
2656,27240.34,14915.59,5577.33,0.3739,714,21,0,0,0.07916666666666666,1.3333333333332575,0.0,0,0,0.0681377118619181,2.4569429005113994,0.6261,1
2657,84350.39,8575.27,4924.54,0.5743,704,25,0,0,0.09513333333333335,1.6666666666667425,0.0,0,0,0.07967371133427749,0.700583364126627,0.42569999999999997,0
2658,39428.1,7639.52,1031.4,0.135,744,25,0,0,0.002333333333333326,8.666666666666742,0.0,0,0,0.002228851223787228,0.3139081009795832,0.865,0
2659,61509.42,6620.79,1769.92,0.2673,646,21,0,0,0.013700000000000018,-1.3333333333333712,0.0,0,0,0.012110578479623152,0.34529735438663595,0.7327,0
2660,32657.39,10356.01,3039.71,0.2935,607,33,0,0,-0.0001666666666666483,-3.3333333333332575,0.3333333333333333,1,37,0.005379074682921251,1.1169453525403181,0.7065,0
2661,49320.15,2790.36,1626.89,0.583,672,67,0,0,0.10026666666666656,11.333333333333258,0.0,0,0,0.0861053682672831,0.395835778991953,0.41700000000000004,1
2662,58620.22,9258.87,2485.6,0.2685,675,41,0,0,0.009799999999999975,-2.0,-0.6666666666666666,2,29,0.01097528789802093,0.5088210176265825,0.7315,0
2663,42148.59,2072.39,366.23,0.1767,685,41,0,0,0.0028333333333333266,-4.0,0.0,0,0,0.0025821502667350703,0.1042682566308572,0.8233,0
2664,30364.83,8550.6,1650.73,0.1931,712,21,0,0,0.028200000000000003,1.3333333333333712,0.0,0,0,0.024762931526331387,0.6523586660018086,0.8069,0
2665,71852.82,7556.99,1099.51,0.1455,717,21,0,0,0.010166666666666685,2.6666666666666288,0.0,1,12,0.007968863016627772,0.18362703089170992,0.8545,0
2666,32782.89,5524.68,2363.28,0.4278,655,36,1,27,0.049533333333333374,-1.3333333333333712,0.3333333333333333,1,27,0.03878044323854199,0.8650658922876908,0.5722,1
2667,78995.72,500.0,138.4,0.2768,694,57,0,0,-0.004766666666666697,-0.33333333333325754,0.0,0,0,0.007340545695730753,0.021023923824578256,0.7232000000000001,0
2668,37946.82,7737.82,1934.39,0.25,671,22,1,44,0.01403333333333337,1.6666666666667425,0.3333333333333333,1,44,0.010379480290992959,0.6117160803635037,0.75,0
2669,60283.14,5008.63,1603.96,0.3202,694,29,0,0,0.03859999999999997,5.666666666666629,0.0,0,0,0.03419776227247105,0.3192852926401739,0.6798,0
2670,110661.94,8145.08,1181.79,0.1451,622,45,0,0,-0.001533333333333331,1.0,0.0,1,56,0.0029052156164005843,0.12815137705395535,0.8549,0
2671,30288.06,12716.16,1477.54,0.1162,614,40,0,0,0.00736666666666666,-0.6666666666666288,0.0,0,0,0.006082990857939684,0.5853950366241766,0.8838,0
2672,56263.63,9741.17,1817.46,0.1866,625,28,0,0,-0.005066666666666664,3.0,0.0,0,0,0.006121773526610646,0.3876308726498527,0.8134,0
2673,36242.25,13373.04,2766.85,0.2069,719,51,0,0,-0.0026333333333333486,-4.0,-0.3333333333333333,1,28,0.003260155074702905,0.916118618159926,0.7931,0
2674,27815.47,10270.55,1672.47,0.1628,629,45,0,0,0.0018333333333333257,-2.0,0.0,0,0,0.002003122562401011,0.721527983936337,0.8371999999999999,0
2675,43382.52,11565.28,3363.2,0.2908,527,21,0,0,-0.0020000000000000018,2.6666666666666288,-0.6666666666666666,2,54,0.005463744137493991,0.9302917393649909,0.7092,0
2676,56543.19,15205.97,2875.7,0.1891,619,49,0,0,-0.006533333333333363,0.0,0.0,0,0,0.005374425033847278,0.6103016117887295,0.8109,0
2677,68071.96,8430.85,3905.99,0.4633,681,41,0,0,0.07773333333333327,-1.3333333333333712,0.0,0,0,0.06952713499059197,0.6885636904202145,0.5367,0
2678,48337.88,3265.42,701.54,0.2148,617,45,0,0,0.007566666666666638,6.6666666666667425,0.0,0,0,0.006434088902090173,0.17415906526951724,0.7852,0
2679,47159.44,12061.07,1185.54,0.0983,536,46,0,0,-0.0006000000000000033,-6.666666666666629,0.0,0,0,0.0022104549556847108,0.3016677042047146,0.9017,0
2680,51698.72,9080.08,832.21,0.0917,740,38,0,0,-0.003500000000000003,3.3333333333333712,0.0,0,0,0.004496140320072069,0.19316764511156154,0.9083,1
2681,47681.89,4111.98,1181.41,0.2873,645,40,0,0,0.00030000000000002247,0.33333333333325754,0.0,0,0,0.004587482969995598,0.29732294580672297,0.7127,0
2682,48193.89,9013.62,2651.12,0.2941,745,39,0,0,0.007799999999999974,-4.666666666666629,0.0,0,0,0.007288003841930944,0.6601135536491999,0.7059,0
2683,51660.44,11027.5,1731.86,0.157,694,21,0,0,0.00743333333333332,6.0,0.0,0,0,0.004658534581222341,0.4022869335834645,0.843,0
2684,37116.06,7735.02,3328.74,0.4303,671,21,0,0,0.0636000000000001,-0.33333333333337123,-0.3333333333333333,1,33,0.05109053239104092,1.076215524683531,0.5697,1
2685,27784.36,2676.05,678.62,0.2536,686,36,0,0,0.0155666666666667,1.0,0.0,0,0,0.01244786907243342,0.29309438822714895,0.7464,0
2686,61186.14,10673.71,1940.72,0.1818,664,67,0,0,0.0010333333333333306,10.0,0.0,1,53,0.005887510320821342,0.3806195323880958,0.8182,0
2687,47873.24,2452.91,572.86,0.2335,637,68,0,0,-0.016233333333333322,8.0,0.0,0,0,0.009105080999090536,0.14359420833594866,0.7665,0
2688,37719.01,7893.98,1839.46,0.233,658,23,0,0,0.001266666666666666,-2.3333333333332575,0.0,0,0,0.0018784597709589437,0.5852094207397672,0.767,0
2689,44659.4,3634.58,663.77,0.1826,656,38,0,0,0.0016666666666666774,4.666666666666629,-0.3333333333333333,1,45,0.0036350531098061196,0.17835528461779013,0.8174,0
2690,36188.17,9858.8,1206.71,0.1224,641,22,0,0,0.008566666666666639,1.6666666666666288,0.0,0,0,0.004629914806031643,0.40014513016818093,0.8776,0
2691,44822.63,15791.32,4760.98,0.3015,732,41,0,0,-0.017633333333333334,7.0,0.0,0,0,0.009443442757337576,1.2746186465342302,0.6985,0
2692,40975.64,6250.07,1385.99,0.2218,633,41,0,0,0.02523333333333333,6.333333333333371,0.0,0,0,0.02450372420674051,0.4058967717192273,0.7782,0
2693,57080.84,5484.13,1576.34,0.2874,608,36,0,0,0.00013333333333331865,2.0,0.0,0,0,0.003582402979999752,0.3313910586463567,0.7126,0
2694,65689.48,5756.81,1847.36,0.3209,551,27,0,0,-0.020766666666666656,4.333333333333371,0.0,0,0,0.010354467634794173,0.3374713880510295,0.6791,0
2695,48401.42,1677.32,201.54,0.1202,619,38,0,0,-0.0010000000000000009,7.333333333333371,0.0,0,0,0.0027097047809678297,0.04996712905118062,0.8798,0
2696,42255.51,7091.2,1110.34,0.1566,568,21,0,0,0.0014333333333333143,1.0,0.0,0,0,0.0029081781238431805,0.3153217177171957,0.8434,0
2697,62594.14,9938.34,1459.32,0.1468,588,42,0,0,0.01373333333333332,2.0,0.0,0,0,0.009776814977849952,0.2797680421305059,0.8532,0
2698,52570.5,500.0,110.28,0.2206,684,34,0,0,-0.0036999999999999533,-4.3333333333332575,-0.3333333333333333,1,59,0.004693346354148591,0.025173053322641466,0.7794,0
2699,37708.57,7066.14,779.22,0.1103,684,45,0,0,0.0007666666666666794,4.0,0.0,0,0,0.003348424173315622,0.247971217074112,0.8897,0
2700,65132.15,12044.3,4745.86,0.394,631,27,0,0,0.06146666666666667,0.0,0.0,0,0,0.051010538126939994,0.8743810850633277,0.606,0
2701,42422.02,12522.61,2841.09,0.2269,778,26,0,0,0.007600000000000023,3.0,0.0,0,0,0.0061326539478797045,0.8036647003220504,0.7731,0
2702,92009.79,7385.38,2055.38,0.2783,691,26,0,0,-0.006299999999999972,2.3333333333333712,0.0,0,0,0.00567849256209584,0.2680645178820996,0.7217,0
2703,45228.31,4768.67,1314.36,0.2756,682,49,0,0,-0.020633333333333337,2.6666666666666288,0.0,0,0,0.012772148518466994,0.34872671554199747,0.7243999999999999,0
2704,30245.26,7247.46,1036.26,0.143,560,21,0,0,0.006033333333333307,-2.0,0.0,0,0,0.002910946772290943,0.4111427706379872,0.857,0
2705,31566.36,10496.93,3370.54,0.3211,494,23,0,0,0.009899999999999964,1.6666666666666856,0.0,0,0,0.005648033089295588,1.2813159320436125,0.6789000000000001,0
2706,26682.29,9711.77,4379.05,0.4509,680,33,0,0,0.054233333333333356,-0.33333333333337123,0.0,0,0,0.046081534021533824,1.9694186659528468,0.5490999999999999,0
2707,38799.17,9243.59,1433.46,0.1551,626,24,0,0,-0.0010000000000000009,7.0,0.0,0,0,0.002824004249288583,0.44334762817554685,0.8449,0
2708,51385.55,2885.55,745.11,0.2582,664,41,0,0,0.0019666666666666166,-5.333333333333371,0.0,0,0,0.002818145568355977,0.17400455960697014,0.7418,0
2709,39392.0,10807.59,2904.19,0.2687,695,28,0,0,0.04043333333333332,-2.0,0.0,0,0,0.036077143425966754,0.8847045082601429,0.7313000000000001,0
2710,48802.43,7569.52,4111.28,0.5431,754,37,0,0,0.1011333333333333,4.333333333333371,0.0,0,0,0.08166275160683727,1.0109201527028255,0.4569,1
2711,39077.54,16653.42,3118.75,0.1873,673,56,0,0,0.0106333333333333,-6.333333333333371,0.3333333333333333,1,17,0.012955114820023799,0.9577112578864347,0.8127,0
2712,34287.4,12828.02,2494.72,0.1945,640,38,0,0,0.0010000000000000009,3.3333333333333712,0.0,0,0,0.0022113972455842963,0.8731090718317134,0.8055,0
2713,91713.7,2254.78,665.55,0.2952,722,45,0,0,-0.003166666666666651,-2.3333333333333712,-0.3333333333333333,2,40,0.0052714904070017025,0.08708186453010855,0.7048,0
2714,77653.47,5106.13,1139.19,0.2231,615,49,0,0,-0.003966666666666674,1.3333333333333712,-0.3333333333333333,1,27,0.0037980258029665995,0.17604210086023836,0.7769,0
2715,29903.47,5105.68,542.89,0.1063,533,23,0,0,0.003233333333333338,2.0,0.0,1,45,0.0020378365434395836,0.21785699109119164,0.8936999999999999,0
2716,24892.83,8591.99,1943.02,0.2261,682,45,0,0,-0.0024666666666667003,3.6666666666666288,0.0,0,0,0.006381374808334362,0.9366648946206607,0.7739,0
2717,56327.92,11574.42,3376.97,0.2918,735,46,0,0,0.03216666666666668,5.333333333333371,-0.6666666666666666,2,53,0.027158337168865437,0.7194236888450153,0.7081999999999999,0
2718,37989.08,4978.23,618.89,0.1243,687,23,0,0,-0.005299999999999971,6.0,0.0,0,0,0.002824889378365111,0.19549512643249214,0.8757,0
2719,64942.82,11113.87,1987.97,0.1789,726,26,0,0,0.001833333333333298,3.6666666666666288,0.0,0,0,0.004670861210145771,0.3673329860882543,0.8210999999999999,0
2720,41058.04,7706.53,907.6,0.1178,666,32,0,0,0.0008333333333333248,3.3333333333332575,0.3333333333333333,1,43,0.0019460073084252385,0.26526351469326925,0.8822,0
2721,59970.28,16830.92,2381.39,0.1415,691,32,0,0,0.0003333333333333244,-5.333333333333371,0.0,1,25,0.0025585369082956545,0.4765140331891368,0.8585,0
2722,39020.29,8400.57,2169.33,0.2582,793,24,0,0,0.0030000000000000304,8.0,0.0,0,0,0.008037274275385748,0.6671390702630434,0.7418,0
2723,36031.36,13071.57,6984.24,0.5343,805,51,0,0,0.0761,3.0,0.0,0,0,0.06576967386265496,2.3260537479597594,0.4657,0
2724,86751.2,8763.06,2663.8,0.304,671,21,0,0,-0.016000000000000014,-5.0,0.0,0,0,0.017436583508372412,0.36847444180113137,0.696,0
2725,36845.81,6508.1,1366.06,0.2099,691,39,0,0,0.006800000000000028,3.0,0.0,0,0,0.004909797461312549,0.4449005190728931,0.7901,0
2726,75443.43,500.0,51.42,0.1028,633,21,0,0,-0.004133333333333336,-2.6666666666667425,0.0,0,0,0.003116399275517258,0.008178843404943995,0.8972,0
2727,28803.99,9954.04,1926.44,0.1935,600,28,0,0,0.0001666666666666483,-2.0,0.0,0,0,0.004499567880487087,0.802572143316573,0.8065,0
2728,52697.68,9549.53,2195.9,0.2299,713,49,0,0,-0.005499999999999977,0.0,0.0,0,0,0.011819592961594657,0.50003719317434,0.7701,0
2729,20016.73,5834.84,1517.1,0.26,740,52,0,0,0.0050666666666666915,4.333333333333371,0.0,0,0,0.0037578066888959262,0.9094992033706808,0.74,0
2730,60334.5,7980.28,1398.65,0.1753,668,62,0,0,-0.0010000000000000009,7.333333333333371,-0.3333333333333333,1,58,0.0024341322889276148,0.2781791511765549,0.8247,0
2731,34188.61,8961.39,1035.07,0.1155,647,55,0,0,-0.00010000000000000286,-1.0,0.0,0,0,0.0024962193635798702,0.36330345093410815,0.8845,0
2732,41497.75,7217.91,1307.19,0.1811,729,34,0,0,-0.004300000000000026,0.33333333333337123,0.0,0,0,0.003331666249791527,0.37800314463950363,0.8189,0
2733,50494.92,500.0,154.82,0.3096,707,46,0,0,-0.004599999999999993,2.3333333333332575,0.0,0,0,0.009005276231188014,0.03679261200054359,0.6904,0
2734,54984.57,6472.8,2152.46,0.3325,807,33,0,0,0.006266666666666698,0.6666666666666288,0.0,0,0,0.005701632319880972,0.4697594251325942,0.6675,0
2735,67793.1,3971.03,415.71,0.1047,548,50,0,0,0.0013000000000000095,0.0,0.0,0,0,0.002289529306308273,0.0735844798234184,0.8953,0
2736,22129.31,6185.32,1338.0,0.2163,672,42,0,0,0.006466666666666648,11.0,0.0,0,0,0.004508818519794785,0.7255535753845626,0.7837000000000001,0
2737,81002.29,15484.49,3343.45,0.2159,662,48,0,0,0.004633333333333323,6.333333333333371,0.0,0,0,0.006170921955249288,0.4953119225895497,0.7841,0
2738,53138.72,6775.55,2159.4,0.3187,637,37,0,0,-0.0027666666666667505,4.333333333333371,0.0,1,58,0.005460540266310635,0.4876444143582733,0.6813,0
2739,45703.03,15487.39,5073.24,0.3276,667,26,0,0,0.05660000000000001,-4.0,0.0,0,0,0.04827102593113642,1.3320534761921772,0.6724,0
2740,77159.03,4871.74,965.27,0.1981,727,36,0,0,0.010000000000000009,4.0,0.0,0,0,0.005125210022796904,0.1501216383642788,0.8019000000000001,0
2741,35672.38,10186.6,3036.6,0.2981,624,35,0,0,-0.01966666666666672,8.333333333333371,0.0,0,0,0.009787492017876702,1.0214961824173785,0.7019,0
2742,87019.43,8218.17,2655.02,0.3231,786,32,0,0,0.021166666666666667,-4.666666666666629,0.0,0,0,0.021684672005820197,0.36612788656058154,0.6769000000000001,0
2743,199460.95,10486.41,3907.92,0.3727,662,38,0,0,0.011199999999999988,4.3333333333332575,0.0,0,0,0.010782393055347233,0.23510887718713208,0.6273,0
2744,106077.93,8959.95,4153.56,0.4636,648,44,0,0,0.06803333333333339,6.6666666666667425,0.0,0,0,0.057332228671528596,0.4698688972754425,0.5364,0
2745,85503.24,12862.18,2210.05,0.1718,658,33,0,0,0.0034333333333333715,10.666666666666742,0.0,0,0,0.004494008356813669,0.31017070225967985,0.8282,0
2746,55262.25,2766.86,536.91,0.1941,596,33,0,0,0.025333333333333347,1.6666666666666288,0.0,0,0,0.023709726086800564,0.11658808677896651,0.8059000000000001,0
2747,52194.03,1408.87,287.83,0.2043,760,35,0,0,0.01853333333333332,6.0,0.0,0,0,0.021311968468445134,0.06617538441093541,0.7957,0
2748,46463.01,7834.5,1697.75,0.2167,779,21,0,0,0.0019333333333333425,-7.3333333333332575,0.0,0,0,0.00167564249700757,0.4384778341897838,0.7833,0
2749,42154.63,8159.7,6256.23,0.7667,733,39,0,0,0.16410000000000002,-13.666666666666742,-0.3333333333333333,3,56,0.12963370617928727,1.780937467097416,0.23329999999999995,0
2750,54495.61,4026.37,1476.11,0.3666,715,42,0,0,0.03643333333333332,0.33333333333325754,0.0,0,0,0.035003249849121156,0.32504122802000934,0.6334,1
2751,47836.5,3917.7,1888.65,0.4821,697,30,0,0,0.05120000000000002,10.666666666666742,0.0,0,0,0.048784947587458875,0.47377630040480984,0.5179,0
2752,61864.56,1691.16,610.13,0.3608,649,47,0,0,0.050500000000000045,1.6666666666666288,0.0,0,0,0.03830355002404405,0.11834821097215951,0.6392,0
2753,79083.88,10114.91,1763.31,0.1743,650,21,0,0,-0.001366666666666655,4.333333333333371,-0.3333333333333333,1,14,0.0016381731016931994,0.2675604686668038,0.8257,0
2754,88392.91,7335.91,1475.61,0.2011,706,42,0,0,0.0036000000000000476,-3.6666666666666288,0.0,0,0,0.002673948391424187,0.20032511654606797,0.7988999999999999,0
2755,31823.68,8732.29,3143.66,0.36,651,41,0,0,0.020366666666666644,12.666666666666629,0.0,0,0,0.02082696569354258,1.1854040760143123,0.64,0
2756,28672.61,8723.74,913.81,0.1047,743,58,0,0,-0.0034666666666666734,0.33333333333325754,0.0,0,0,0.0048509735563538655,0.38244582531589033,0.8953,0
2757,39623.47,8652.45,1577.91,0.1824,756,32,0,0,-0.0019666666666666444,-1.0,0.0,0,0,0.004108223460329298,0.4778713220792007,0.8176,0
2758,26658.34,7901.37,2685.05,0.3398,620,40,0,0,0.04766666666666669,0.6666666666666288,0.0,0,0,0.04387983591582812,1.2086499003875038,0.6602,0
2759,54542.06,10418.26,1718.53,0.165,622,40,0,0,0.004133333333333322,-3.0,0.0,0,0,0.00760821923974329,0.37810013034826334,0.835,0
2760,44227.14,5703.76,618.06,0.1084,663,43,0,0,-0.001266666666666652,3.6666666666666288,0.0,0,0,0.001730446313655659,0.16769612500350795,0.8916,0
2761,112262.12,10759.17,1282.44,0.1192,689,51,0,0,-0.003066666666666662,10.0,0.0,0,0,0.002658947160061667,0.13708346144144615,0.8808,0
2762,46247.64,5558.6,1606.55,0.289,692,28,0,0,0.004433333333333289,2.6666666666666288,0.0,0,0,0.005168413683133341,0.41685586540194763,0.7110000000000001,0
2763,58211.32,9843.28,2865.49,0.2911,668,46,0,0,-0.0062333333333333685,1.0,0.0,0,0,0.011120026978384557,0.5907077866111179,0.7089,0
2764,73189.74,3878.91,715.76,0.1845,623,50,0,0,0.005666666666666681,-4.666666666666629,0.0,0,0,0.0037409149207706474,0.11735415371870085,0.8155,0
2765,59107.45,7533.08,2109.93,0.2801,676,28,0,0,6.666666666665932e-05,-9.666666666666742,-0.3333333333333333,1,45,0.0051203027254255185,0.4283581848795659,0.7199,0
2766,34149.01,13287.73,2993.71,0.2253,707,31,0,0,0.008133333333333326,0.33333333333337123,0.0,0,0,0.00641541113257754,1.05199301494761,0.7746999999999999,0
2767,48605.57,3247.97,600.73,0.185,776,30,0,0,-0.002466666666666645,-3.6666666666666288,0.0,0,0,0.0029190942278575272,0.1483113971962527,0.815,0
2768,78831.5,9203.02,3400.07,0.3695,767,36,0,0,0.010699999999999932,-1.3333333333332575,0.0,0,0,0.011569896283026921,0.5175702605403824,0.6305000000000001,0
2769,65097.12,13719.98,3305.47,0.2409,721,44,0,0,0.012300000000000005,7.666666666666629,0.0,0,0,0.007037775058765218,0.6093301822367568,0.7591,0
2770,57226.31,1851.85,510.1,0.2755,649,28,0,0,0.006900000000000017,-4.333333333333371,0.0,0,0,0.006018513105410687,0.10696478593004552,0.7244999999999999,0
2771,30585.72,14528.12,2309.03,0.1589,673,37,0,0,0.00626666666666667,4.666666666666629,0.0,0,0,0.005059397197295352,0.9059247253008563,0.8411,0
2772,36183.91,8360.21,1785.06,0.2135,708,50,0,0,0.01313333333333333,2.0,-0.3333333333333333,1,54,0.008933473257610645,0.5919957238699756,0.7865,0
2773,21378.08,12857.48,3691.26,0.2871,720,41,0,0,-0.00019999999999997797,0.0,0.0,0,0,0.008292885170098784,2.071987754519402,0.7129,0
2774,20512.47,5883.9,3362.43,0.5715,649,21,0,0,0.1041333333333333,-9.0,-0.3333333333333333,1,57,0.0781937728410077,1.9670551609043343,0.4285,0
2775,26953.72,6749.23,3083.19,0.4568,632,51,0,0,0.055933333333333335,5.333333333333371,0.0,0,0,0.04807347963736809,1.3726595061285822,0.5432,1
2776,26976.94,6649.85,2324.13,0.3495,539,25,0,0,0.03846666666666665,4.666666666666629,0.0,1,16,0.03420756495279954,1.033829633293993,0.6505000000000001,1
2777,79206.97,7663.83,2979.06,0.3887,671,21,0,0,0.04543333333333327,6.0,0.0,0,0,0.03246964394288576,0.4513330076202132,0.6113,1
2778,38627.26,13967.2,4551.6,0.3259,682,23,0,0,0.004999999999999949,-4.333333333333371,0.0,0,0,0.008312356932770491,1.4140065845475946,0.6740999999999999,0
2779,48320.93,3319.82,699.45,0.2107,622,29,0,0,-0.011966666666666681,-3.6666666666666288,0.0,0,0,0.007504517158203975,0.17370112698401266,0.7893,0
2780,95870.11,8653.37,3011.45,0.348,701,31,1,59,0.00830000000000003,-4.0,0.3333333333333333,1,59,0.006509693626516641,0.3769412593296983,0.652,0
2781,36293.51,3831.44,1130.06,0.2949,700,21,0,0,0.028666666666666674,-1.3333333333333712,0.0,1,6,0.02254988913498247,0.3736403559621628,0.7051000000000001,0
2782,40091.46,9218.32,5963.39,0.6469,711,37,2,13,0.1378333333333333,-8.666666666666629,0.6666666666666666,2,59,0.10605695141971809,1.7849357438861237,0.35309999999999997,0
2783,52921.82,4680.26,1151.49,0.246,652,44,0,0,-0.004066666666666663,-3.0,0.0,0,0,0.008636855780767543,0.2610998638532613,0.754,0
2784,47258.03,4395.79,1468.72,0.3341,719,29,0,0,0.01703333333333329,3.3333333333332575,0.0,0,0,0.015527717153529071,0.3729448729776646,0.6658999999999999,0
2785,41777.89,6438.51,1336.76,0.2076,717,48,0,0,-0.005700000000000038,1.0,0.0,0,0,0.0030467651333468096,0.3839619472259719,0.7924,0
2786,72808.4,7858.03,2572.18,0.3273,757,29,0,0,-0.00833333333333336,5.0,0.0,1,59,0.007557850958514016,0.4239367984314002,0.6727000000000001,0
2787,50042.05,4145.9,845.6,0.204,688,48,0,0,0.0004999999999999727,0.33333333333325754,0.0,0,0,0.009165424158215479,0.20277346746519612,0.796,0
2788,29359.44,5676.91,1615.0,0.2845,669,50,0,0,-0.0037000000000000366,2.0,0.0,0,0,0.010724206782373739,0.6600943339545601,0.7155,0
2789,66718.69,13640.33,5605.66,0.411,560,43,0,0,0.0707000000000001,3.6666666666666288,0.0,0,0,0.05503773705377066,1.0082320259570625,0.589,0
2790,47101.69,11311.3,6513.52,0.5758,732,45,0,0,0.08750000000000008,0.33333333333337123,0.0,0,0,0.07613655677647747,1.659435998582785,0.4242,1
2791,41345.18,12652.33,3163.83,0.2501,678,35,0,0,0.007799999999999946,-13.0,0.3333333333333333,2,37,0.0062697908878827585,0.9182681025691697,0.7499,0
2792,40625.68,10172.14,989.96,0.0973,730,63,0,0,-0.008233333333333342,7.6666666666667425,0.0,0,0,0.006178681988184143,0.29241405919829605,0.9027000000000001,0
2793,58974.96,19145.7,2401.45,0.1254,630,32,0,0,9.999999999998899e-05,-2.3333333333333712,0.0,0,0,0.0041895703837028404,0.48863788960834126,0.8746,0
2794,64121.19,9130.02,1816.23,0.1989,634,47,0,0,0.009699999999999959,5.3333333333332575,0.0,0,0,0.007217859793595334,0.3398994933799763,0.8011,0
2795,54819.04,14144.73,3406.04,0.2408,732,47,0,0,0.0040999999999999925,-2.6666666666666288,0.0,0,0,0.0037731875708006367,0.7455891236156804,0.7592,0
2796,61622.02,4729.69,1583.1,0.3347,680,27,0,0,0.0010333333333333306,1.3333333333333712,0.0,0,0,0.003945919129655068,0.308285901635496,0.6653,0
2797,23935.05,3578.62,543.02,0.1517,669,50,0,0,-0.0055333333333333345,4.0,0.0,0,0,0.007430754410630926,0.27224676767890765,0.8483,0
2798,35631.33,12014.71,1241.21,0.1033,616,54,0,0,-0.006100000000000022,0.33333333333337123,0.0,0,0,0.0030120590963658117,0.4180175142208778,0.8967,0
2799,52370.21,4205.98,1001.94,0.2382,721,21,0,0,0.0014000000000000123,9.333333333333258,0.0,0,0,0.002612470095522623,0.22958242858382677,0.7618,0
2800,51974.19,3701.86,1320.06,0.3566,770,21,0,0,0.043433333333333324,4.333333333333371,0.0,0,0,0.03961643528189334,0.30478050733147805,0.6434,0
2801,23368.26,3742.79,1312.26,0.3506,693,24,0,0,0.015266666666666595,0.0,0.0,0,0,0.013509944896671882,0.6738678871218304,0.6494,0
2802,101476.99,4585.81,1343.05,0.2929,656,39,0,0,0.004833333333333356,1.3333333333333712,0.0,0,0,0.00471540030114094,0.1588202409048017,0.7071000000000001,0
2803,38569.51,9219.94,2995.61,0.3249,690,48,0,0,-0.006166666666666654,5.0,0.0,0,0,0.011343990087756174,0.932013914328075,0.6751,0
2804,54701.13,10757.01,4782.48,0.4446,644,46,0,0,0.05473333333333341,-0.6666666666667425,0.0,0,0,0.048714653852819256,1.0491512695882184,0.5554,0
2805,58843.19,7174.34,2025.87,0.2824,583,28,0,0,-0.001333333333333353,3.0,0.0,0,0,0.005479963503528113,0.41313939633528235,0.7176,0
2806,57025.43,6569.8,1310.39,0.1995,740,31,0,0,0.018633333333333363,-2.3333333333333712,0.0,0,0,0.015963926348002384,0.2757485563316404,0.8005,0
2807,42251.55,6380.17,2082.1,0.3263,648,42,0,0,0.005699999999999927,1.6666666666667425,0.0,0,0,0.007286116935652325,0.5913439860290065,0.6737,0
2808,59326.42,6712.43,1687.29,0.2514,737,31,0,0,0.03179999999999997,8.666666666666742,0.0,0,0,0.026362067656219814,0.34128942882285035,0.7485999999999999,0
2809,51174.54,13415.09,1648.07,0.1229,666,28,0,0,-0.001366666666666655,8.666666666666629,0.0,1,43,0.0019322554466506495,0.38645857872611056,0.8771,0
2810,29504.64,13126.22,1509.1,0.115,686,43,0,0,-0.003066666666666662,-1.3333333333333712,0.0,0,0,0.002299999999999997,0.6137746467211498,0.885,0
2811,67035.26,5244.66,1282.02,0.2444,611,40,1,28,-0.0008000000000000229,0.0,0.0,2,44,0.0034597687784012378,0.2294947464550158,0.7556,0
2812,68132.04,9586.32,1181.96,0.1233,652,38,0,0,0.0009000000000000119,4.3333333333332575,0.0,0,0,0.0019300978674092622,0.20817694578794174,0.8767,0
2813,59958.75,7210.05,1031.26,0.143,705,46,0,0,0.0023999999999999855,3.3333333333333712,0.0,0,0,0.003033562262423503,0.20639389576205763,0.857,0
2814,137630.41,14896.25,3999.11,0.2685,762,39,0,0,0.004700000000000093,-1.6666666666666288,0.0,0,0,0.003915070596780843,0.3486825331394116,0.7315,0
2815,30305.78,6637.2,1873.89,0.2823,716,21,0,0,0.009033333333333338,5.3333333333332575,0.0,0,0,0.009067723590356676,0.7419931112512559,0.7177,0
2816,65690.61,7964.94,2587.91,0.3249,640,48,0,0,0.03503333333333336,-2.6666666666666288,0.0,0,0,0.03165627899801238,0.47274519134967774,0.6751,0
2817,49905.33,16256.12,2124.92,0.1307,555,26,0,0,-0.0010999999999999899,-1.0,0.0,0,0,0.002147091055358386,0.5109482292546431,0.8693,0
2818,70479.4,12607.66,2778.99,0.2204,750,34,0,0,-0.0040999999999999925,7.0,0.0,0,0,0.004435651023243381,0.47315783043445464,0.7796,0
2819,21239.87,9830.71,1357.79,0.1381,708,42,0,0,0.001433333333333342,11.333333333333371,0.0,0,0,0.001720787933218702,0.7671176890816463,0.8619,0
2820,59336.26,11681.03,3326.37,0.2848,698,49,0,0,0.01146666666666668,7.333333333333371,0.0,0,0,0.007488658090739611,0.6727158063539462,0.7152000000000001,0
2821,40950.54,5048.65,792.22,0.1569,636,38,0,0,-0.0001666666666666483,-13.0,-0.3333333333333333,1,28,0.0014422205101855962,0.2321493195746432,0.8431,0
2822,55403.68,13592.28,1750.37,0.1288,656,39,0,0,-0.0020999999999999908,-8.666666666666742,0.0,0,0,0.001620528034657555,0.3791163329845707,0.8712,0
2823,48354.47,12324.64,2225.03,0.1805,813,55,0,0,0.0037333333333333385,-0.33333333333337123,0.0,0,0,0.0062311939287569736,0.552179767317765,0.8195,0
2824,64133.32,10880.77,2540.43,0.2335,624,45,0,0,-0.002633333333333293,-6.666666666666629,0.0,0,0,0.008086408349817603,0.475340431374766,0.7665,0
2825,29491.59,8207.56,1617.86,0.1971,700,30,0,0,0.002799999999999997,-0.33333333333337123,0.0,0,0,0.004819232304008594,0.6583002134540863,0.8029,0
2826,69013.42,8309.23,1991.6,0.2397,745,34,0,0,0.004033333333333333,3.3333333333333712,0.0,0,0,0.003452092763012667,0.34629786490575926,0.7603,0
2827,94364.55,6959.14,3593.09,0.5163,641,29,0,0,0.10966666666666669,8.333333333333371,0.0,0,0,0.08611265876745415,0.4569203158868129,0.4837,0
2828,43162.97,10265.19,2765.08,0.2694,589,35,0,0,-0.004133333333333322,-0.33333333333325754,0.0,0,0,0.004086087506541084,0.7687367201741483,0.7306,0
2829,84690.4,5297.03,958.92,0.181,711,39,0,0,-0.0077666666666666995,-4.0,0.0,0,0,0.007554873335212913,0.1358718343326934,0.819,0
2830,28316.95,11562.56,4062.47,0.3513,657,43,0,0,0.0035666666666666624,4.0,0.0,1,17,0.004356157838177006,1.7215710017971972,0.6487,0
2831,49981.78,3788.94,1373.13,0.3624,718,21,0,0,0.03203333333333336,-1.6666666666666288,0.0,0,0,0.018981204153348964,0.3296713321543159,0.6376,0
2832,48004.46,9078.58,1069.89,0.1178,578,36,0,0,0.0017666666666666664,-4.6666666666667425,0.0,0,0,0.0024509068616421262,0.2674476495890305,0.8822,1
2833,83917.52,13366.61,7468.13,0.5587,661,36,1,47,0.09993333333333332,-3.0,0.3333333333333333,1,47,0.08670136164508094,1.0679243141025248,0.4413,0
2834,48066.39,10767.29,3141.11,0.2917,702,41,0,0,0.009033333333333282,-0.33333333333337123,0.0,0,0,0.005109060579010598,0.7841928630502455,0.7082999999999999,0
2835,58283.88,6893.0,1279.76,0.1857,610,39,0,0,-0.0020000000000000018,-2.3333333333333712,-0.3333333333333333,1,9,0.0028996168329242663,0.2634882920772972,0.8143,0
2836,55611.48,7107.6,1892.94,0.2663,727,21,0,0,0.009933333333333294,-1.0,0.0,0,0,0.006450387585254069,0.408463863847868,0.7337,0
2837,84281.81,14786.61,4582.08,0.3099,568,51,0,0,-0.002799999999999969,-3.0,0.0,0,0,0.006752592094892167,0.6523941523345461,0.6900999999999999,0
2838,50344.74,7905.18,1381.15,0.1747,577,34,0,0,-0.011066666666666697,-1.3333333333333712,0.0,0,0,0.006681462747366369,0.3292061890884634,0.8253,0
2839,69389.86,9992.46,2421.82,0.2424,705,41,0,0,-0.013133333333333302,1.0,0.0,0,0,0.008455323766716455,0.4188196949089415,0.7576,0
2840,36636.15,7524.72,1825.84,0.2426,675,41,0,0,0.007033333333333336,2.3333333333332575,0.0,1,6,0.0036083237105337448,0.5980453730215498,0.7574,0
2841,30618.85,5521.44,1381.5,0.2502,737,53,0,0,-0.0044999999999999485,5.3333333333332575,0.0,0,0,0.005734859293052578,0.541431176987471,0.7498,0
2842,71964.14,7463.83,3253.73,0.4359,711,27,1,17,0.05743333333333339,-4.0,0.3333333333333333,1,17,0.04509115766976937,0.5425585575467072,0.5641,0
2843,37238.18,15139.51,2543.2,0.168,714,38,0,0,-0.004766666666666669,-6.333333333333371,0.0,0,0,0.0028328430948430594,0.8195459603601853,0.832,0
2844,30050.15,8826.37,2416.32,0.2738,747,25,0,0,0.0036333333333332662,-0.33333333333337123,-0.3333333333333333,1,47,0.0033581989220414243,0.9649149834001168,0.7262,0
2845,37747.85,11725.52,3488.2,0.2975,762,30,0,0,0.00326666666666664,1.0,0.0,0,0,0.005694466124619981,1.108894943333018,0.7025,0
2846,30650.78,874.11,97.53,0.1116,687,23,0,0,-0.007299999999999987,11.333333333333258,0.0,0,0,0.00504738656248074,0.03818369384210763,0.8884,0
2847,40868.99,2379.65,754.18,0.3169,630,44,0,0,-0.014400000000000024,11.0,0.0,0,0,0.010545470328271002,0.221443201736639,0.6831,0
2848,25614.15,500.0,137.44,0.2749,671,35,0,0,-0.008566666666666667,10.666666666666742,0.0,0,0,0.0055847510637847,0.06438940972967391,0.7251000000000001,0
2849,75997.28,6917.06,900.8,0.1302,645,68,0,0,0.0003333333333333244,1.3333333333333712,0.0,0,0,0.002345622400226534,0.14223666950045,0.8698,0
2850,35662.46,16707.06,2346.3,0.1404,664,38,0,0,-0.001966666666666672,2.0,0.0,0,0,0.0028526790527112836,0.7895024625481802,0.8596,0
2851,54180.54,14269.79,1389.53,0.0974,727,21,0,0,-0.000633333333333333,6.666666666666629,0.0,0,0,0.0014159802258506267,0.30775551510389026,0.9026,0
2852,46021.55,9116.66,2932.86,0.3217,695,42,0,0,0.040633333333333355,-2.0,0.0,0,0,0.034037520147298904,0.7647356508162626,0.6783,1
2853,90515.63,4594.96,776.84,0.1691,778,47,0,0,-0.006366666666666687,4.6666666666667425,0.0,0,0,0.00498458735615207,0.10298862195141475,0.8309,0
2854,68146.87,9406.88,2946.17,0.3132,810,34,0,0,-0.012166666666666714,-2.3333333333332575,0.3333333333333333,1,5,0.006846897107449495,0.5187918387707975,0.6868000000000001,0
2855,33906.06,14404.81,3509.22,0.2436,637,37,0,0,0.0018666666666666554,3.0,0.0,0,0,0.002041717686437353,1.241979751852508,0.7564,0
2856,28170.82,1296.62,153.84,0.1186,663,43,0,0,0.0031000000000000055,4.333333333333371,0.0,0,0,0.0030634947364080803,0.06553163873872399,0.8814,0
2857,70209.09,18188.83,4900.46,0.2694,526,45,0,0,-3.333333333332966e-05,-2.6666666666666288,0.0,0,0,0.005752777107140924,0.8375770144570892,0.7306,0
2858,66688.82,9669.56,2663.23,0.2754,641,37,0,0,0.0022999999999999687,-0.6666666666667425,-0.3333333333333333,1,11,0.008561266131699071,0.4792221543918355,0.7246,0
2859,63809.63,11274.19,1263.14,0.112,793,21,0,0,0.002766666666666681,3.6666666666666288,0.0,1,51,0.0024662724910277127,0.23754533598062638,0.888,0
2860,32784.37,6787.25,2918.55,0.43,696,46,0,0,0.08769999999999994,0.0,0.0,0,0,0.06982223459933408,1.0682712520381128,0.5700000000000001,1
2861,30139.36,11551.72,2318.1,0.2007,720,42,0,0,-0.0003999999999999837,-1.0,0.0,0,0,0.0052134441590948235,0.9229525772585938,0.7993,0
2862,50639.37,7896.52,1542.15,0.1953,622,59,0,0,-0.012666666666666632,3.0,-0.3333333333333333,1,29,0.007436396977031284,0.36544293492621815,0.8047,0
2863,45812.19,8556.62,2709.83,0.3167,757,56,0,0,0.001433333333333342,4.333333333333371,0.0,0,0,0.015593089637542792,0.7098102053510709,0.6833,0
2864,44163.64,4962.63,1159.53,0.2337,575,34,1,34,-0.007233333333333342,-2.6666666666667425,0.3333333333333333,1,34,0.00684160068989706,0.31506370390255956,0.7663,0
2865,48695.0,4757.49,901.43,0.1895,729,21,0,0,0.021300000000000013,-4.0,0.0,0,0,0.02048150249479868,0.2221410821918946,0.8105,0
2866,52330.31,9865.19,2802.09,0.284,640,49,0,0,-0.012400000000000022,-6.333333333333371,0.0,1,23,0.010917531772337572,0.6425545729098365,0.716,0
2867,83388.96,14730.03,1524.35,0.1035,720,38,0,0,0.0016333333333333339,5.3333333333332575,0.0,0,0,0.0018426279542484356,0.21935997279936909,0.8965,0
2868,32789.13,1423.85,447.03,0.314,685,34,0,0,-0.012466666666666681,6.0,0.0,0,0,0.012588001341665718,0.16360177894432634,0.6859999999999999,0
2869,21619.11,10147.5,2808.83,0.2768,700,56,0,0,0.006933333333333347,-3.6666666666666288,0.0,0,0,0.008423297717903885,1.5590817559691872,0.7232000000000001,0
2870,81291.45,500.0,331.44,0.6629,711,40,0,0,0.11730000000000002,-0.6666666666666288,0.3333333333333333,1,23,0.10234546887869538,0.04892617857613422,0.33709999999999996,1
2871,25959.2,4533.2,1296.89,0.2861,689,43,0,0,-0.013733333333333375,3.6666666666666288,0.0,0,0,0.008100891583303934,0.5995053773924441,0.7139,0
2872,58366.15,10593.12,4813.28,0.4544,732,21,0,0,0.07999999999999996,-0.33333333333337123,0.0,0,0,0.0744046444189549,0.9896037341528393,0.5456,1
2873,63320.71,15680.95,5027.69,0.3206,714,47,0,0,-0.0036333333333333218,7.0,0.0,0,0,0.004247057805116394,0.9528048562400254,0.6794,0
2874,71872.91,15281.71,1503.89,0.0984,731,38,0,0,-0.0003333333333333105,2.0,0.0,0,0,0.001378404875209027,0.25109154474177964,0.9016,0
2875,62918.56,2936.34,806.88,0.2748,516,48,0,0,-0.025099999999999956,-2.6666666666666288,0.0,0,0,0.02081052084350077,0.15389036236928047,0.7252000000000001,0
2876,53289.02,12216.98,1171.48,0.0959,707,33,0,0,-0.00343333333333333,0.0,0.0,1,49,0.004571104899255756,0.2638021865824212,0.9041,0
2877,44100.66,500.0,58.27,0.1165,667,45,0,0,-0.0006666666666666488,0.33333333333337123,0.0,0,0,0.0049162994213127415,0.015855545014739767,0.8835,0
2878,84224.82,15380.09,3861.58,0.2511,618,34,0,0,-0.006000000000000033,6.333333333333371,0.0,0,0,0.004819232304008581,0.5501817634445264,0.7489,0
2879,52580.63,8493.82,3259.57,0.3838,704,36,0,0,0.05606666666666671,-1.6666666666667425,0.0,0,0,0.044429235244875014,0.7439020793602734,0.6162000000000001,0
2880,75210.86,9098.51,2351.0,0.2584,579,43,0,0,-0.004966666666666619,0.33333333333325754,0.0,0,0,0.00809955417154415,0.3751054036012716,0.7416,0
2881,29115.47,8154.96,2793.71,0.3426,714,27,0,0,0.008733333333333315,12.333333333333371,0.0,0,0,0.007042549254353853,1.1514332410290062,0.6574,0
2882,23122.39,14217.0,2388.3,0.168,793,37,0,0,-0.0051666666666666805,3.3333333333333712,0.0,0,0,0.0037676621103514252,1.2394739464703395,0.832,0
2883,53756.78,11030.67,1918.47,0.1739,735,36,0,0,-0.008166666666666683,8.666666666666742,0.0,1,58,0.007115319935025935,0.42825556134241916,0.8261000000000001,0
2884,52128.74,9397.6,1549.88,0.1649,702,30,0,0,-0.0017666666666666664,3.6666666666667425,0.0,0,0,0.0064857750329299635,0.35678130711999995,0.8351,0
2885,46422.02,4721.61,571.11,0.121,666,44,0,0,-0.00033333333333335213,5.333333333333371,0.0,0,0,0.002049390153191923,0.14763080103425985,0.879,0
2886,34634.34,5880.08,1028.82,0.175,658,52,0,0,0.024900000000000005,6.666666666666629,0.0,0,0,0.020789961519925904,0.3564624010656029,0.825,0
2887,44455.38,6439.54,2008.89,0.312,617,36,0,0,0.014133333333333331,-5.0,0.0,0,0,0.012598919706775588,0.5422668750889724,0.688,0
2888,85644.08,8983.33,1474.72,0.1642,691,44,0,0,0.014233333333333348,-5.333333333333371,0.3333333333333333,1,16,0.015500161289483425,0.20663004375224112,0.8358,0
2889,59175.65,12708.08,3393.38,0.267,547,43,0,0,0.005266666666666697,2.6666666666667425,0.0,0,0,0.006694794827160701,0.6881303372543003,0.733,0
2890,33194.7,5133.87,1005.68,0.1959,583,31,0,0,-0.00013333333333331865,3.3333333333332575,0.0,0,0,0.002754138300408647,0.36355683273647055,0.8041,0
2891,40774.82,8057.83,2392.66,0.2969,746,34,0,0,0.010600000000000054,1.3333333333333712,0.0,0,0,0.00791050637513873,0.7041581052117484,0.7031000000000001,0
2892,21742.28,12136.92,4010.63,0.3304,631,40,0,0,0.0006000000000000449,10.333333333333371,0.0,0,0,0.005803447251418761,2.2135470600800575,0.6696,0
2893,50020.18,11521.07,7147.53,0.6204,673,53,0,0,0.1211666666666667,3.0,0.0,0,0,0.1003778361990335,1.714715140557739,0.37960000000000005,0
2894,67728.72,11374.06,4091.99,0.3598,684,64,0,0,0.018699999999999994,-3.6666666666666288,0.0,0,0,0.009367096668658892,0.7250082386216644,0.6402,0
2895,57172.71,7858.65,1087.92,0.1384,790,35,0,0,0.0015000000000000013,5.0,0.0,0,0,0.0028491226719816716,0.22834390738623153,0.8616,0
2896,129553.89,6785.01,2303.51,0.3395,693,48,0,0,0.010999999999999954,5.3333333333332575,0.0,0,0,0.005685459035508413,0.21336387504411977,0.6605,0
2897,29569.11,7625.3,2022.79,0.2653,684,53,0,0,-0.003500000000000003,-1.6666666666667425,0.0,0,0,0.007396357962613181,0.8209066823502337,0.7347,0
2898,34625.99,9289.14,3558.41,0.3831,626,44,0,0,0.07186666666666669,-3.6666666666667425,0.0,0,0,0.058399374521003584,1.2332043065108478,0.6169,0
2899,73031.18,9284.38,2309.85,0.2488,631,32,0,0,-0.02350000000000002,3.0,0.0,0,0,0.01636656483335596,0.37953925974420144,0.7512,0
2900,131978.91,9624.22,1265.08,0.1314,708,23,0,0,-0.0006000000000000172,5.666666666666629,0.0,0,0,0.0010758717395674981,0.11502565067873109,0.8686,0
2901,81486.48,10859.28,2639.82,0.2431,648,45,0,0,-0.01100000000000001,6.0,0.0,0,0,0.010059834878256067,0.388749642828295,0.7569,0
2902,28588.89,9088.54,2191.5,0.2411,652,55,0,0,-0.008533333333333337,1.6666666666666288,0.0,0,0,0.0053726157502654165,0.9198678223939996,0.7589,0
2903,47079.03,10556.25,3724.35,0.3528,691,42,0,0,0.006466666666666621,0.6666666666667425,0.3333333333333333,1,55,0.01133414212800323,0.9493016315036308,0.6472,0
2904,43648.63,10833.49,6566.91,0.6062,789,21,0,0,0.1288333333333333,-5.0,0.3333333333333333,1,6,0.10342905781258958,1.8053927460801242,0.39380000000000004,1
2905,144080.49,500.0,86.06,0.1721,694,34,0,0,0.004733333333333339,-5.0,0.0,0,0,0.002596632434519767,0.007167660242646233,0.8279,0
2906,47739.23,8778.66,2211.82,0.252,713,42,0,0,0.005500000000000033,-2.3333333333332575,0.0,1,30,0.005318599439702147,0.55597545233403,0.748,0
2907,38644.96,12400.23,1296.98,0.1046,740,55,0,0,-0.007866666666666675,-5.666666666666629,-0.3333333333333333,1,16,0.0039613059013972165,0.4027371226459325,0.8954,0
2908,32796.31,4966.82,1232.85,0.2482,598,37,1,7,-0.0015000000000000013,6.0,0.3333333333333333,1,7,0.008745141508289056,0.45109343077275704,0.7518,0
2909,57875.02,11756.45,3867.75,0.329,742,21,0,0,0.060200000000000004,6.0,0.0,0,0,0.05106278270695573,0.8019522065025044,0.671,1
2910,36954.03,17044.68,4411.13,0.2588,717,41,0,0,0.0009666666666666712,-1.6666666666667425,0.0,0,0,0.007515982969645422,1.4324164369301806,0.7412000000000001,1
2911,59447.14,9897.78,3322.5,0.3357,686,30,0,0,0.03476666666666661,1.3333333333333712,0.0,0,0,0.0312500799998976,0.670679867727057,0.6643,1
2912,58555.96,2312.09,415.94,0.1799,689,42,0,0,-0.011333333333333334,3.0,0.0,0,0,0.011146424439154368,0.08523948713294302,0.8201,0
2913,45771.53,13326.73,1880.84,0.1411,649,21,0,0,-0.0024666666666666726,-3.6666666666666288,0.0,0,0,0.003053458876603901,0.4931030270144512,0.8589,0
2914,90906.6,12382.78,3446.38,0.2783,702,25,0,0,0.007033333333333336,3.3333333333333712,0.0,0,0,0.004149933065055935,0.45493462514867766,0.7217,0
2915,68478.19,8081.22,1179.87,0.146,702,40,0,0,0.009000000000000008,4.6666666666667425,0.0,0,0,0.008782953818492836,0.2067583853708589,0.854,0
2916,34781.82,8319.68,2456.6,0.2953,634,37,0,0,-0.003433333333333344,3.6666666666666288,0.0,0,0,0.0025293828847720427,0.8475462178180856,0.7047,0
2917,37872.81,3078.17,677.35,0.22,616,41,0,0,0.03956666666666667,3.3333333333332575,-0.3333333333333333,2,55,0.03312908255764277,0.2146183501415549,0.78,0
2918,25050.21,8630.43,1709.44,0.1981,659,58,0,0,-0.0018666666666666831,3.3333333333333712,0.0,0,0,0.002349999999999996,0.8188865478642041,0.8019000000000001,0
2919,45109.67,6770.35,933.48,0.1379,628,58,0,0,-0.001466666666666644,5.666666666666629,0.0,0,0,0.003497896193110629,0.24832280965522754,0.8621,0
2920,45618.33,8697.69,2761.89,0.3175,601,21,0,0,0.006833333333333358,-8.666666666666629,-0.3333333333333333,2,56,0.005963010984393712,0.7265211153341594,0.6825,1
2921,58327.74,11511.51,3618.71,0.3144,595,34,0,0,0.010733333333333317,-0.33333333333337123,0.0,0,0,0.011867368893080023,0.7444917288251885,0.6856,0
2922,35362.59,9222.55,2660.45,0.2885,686,41,0,0,-0.0008666666666666822,-2.6666666666666288,0.0,0,0,0.015630179141647743,0.902801519604938,0.7115,0
2923,33055.66,15184.06,3177.63,0.2093,707,57,0,0,0.0017666666666666386,-0.6666666666667425,-0.3333333333333333,1,39,0.003023702660278896,1.153556153050864,0.7907,0
2924,85995.46,1941.39,350.86,0.1807,689,47,0,0,-0.0016333333333333477,-4.0,0.0,0,0,0.003336331984546975,0.04895979391717286,0.8193,0
2925,61632.72,16135.59,3398.0,0.2106,712,55,0,0,-0.00843333333333332,-3.0,0.0,0,0,0.0068689518851131805,0.6615966323092805,0.7894,0
2926,52298.66,14982.1,2386.92,0.1593,704,58,0,0,0.0005666666666666598,3.3333333333333712,0.0,0,0,0.002158188540831823,0.5476821010983419,0.8407,1
2927,59526.29,12469.7,2529.07,0.2028,636,43,0,0,0.0,3.3333333333333712,0.0,0,0,0.004116160562681902,0.5098392658753288,0.7972,0
2928,57233.74,9865.0,3626.2,0.3676,622,21,0,0,0.019299999999999984,3.0,0.0,0,0,0.0124683710956074,0.7602927921690331,0.6324000000000001,0
2929,35584.66,3108.04,450.06,0.1448,643,21,0,0,0.003233333333333366,3.6666666666666288,0.0,0,0,0.0016236105170610096,0.1517710158865856,0.8552,0
2930,37709.78,12829.84,1847.57,0.144,635,39,0,0,-0.0022999999999999965,6.666666666666629,-0.3333333333333333,1,26,0.0031063554922842263,0.58793342185886,0.856,0
2931,135996.0,3156.75,1330.26,0.4214,648,50,0,0,0.06043333333333323,-1.6666666666667425,-0.3333333333333333,1,32,0.050109915297385135,0.117379334675957,0.5786,1
2932,38962.98,13118.05,1804.69,0.1376,739,42,0,0,-0.0030999999999999917,5.333333333333371,0.0,0,0,0.003732217095031379,0.5558168290343859,0.8624,0
2933,59293.23,6753.4,2028.84,0.3004,690,34,0,0,-0.005166666666666708,4.0,0.0,0,0,0.0037118054905934737,0.41060471819586725,0.6996,0
2934,49869.0,2007.8,467.93,0.2331,645,44,0,0,0.016233333333333322,-0.6666666666666288,0.0,0,0,0.012636466190267669,0.11259820727603964,0.7669,0
2935,76004.9,9048.37,1454.06,0.1607,660,41,0,0,0.01676666666666668,1.6666666666666288,0.0,0,0,0.015575737899409818,0.2295736195593326,0.8392999999999999,0
2936,35891.12,8585.19,2327.9,0.2712,737,60,0,0,0.0300333333333333,1.0,0.0,0,0,0.029135421359193996,0.7783206539851683,0.7288,1
2937,41446.45,11098.4,3048.67,0.2747,650,44,0,0,0.0562,-7.0,0.3333333333333333,1,53,0.04825880748630244,0.882682111240114,0.7253000000000001,1
2938,38985.67,1514.18,473.19,0.3125,700,47,0,0,0.0036333333333333218,-1.3333333333333712,0.0,0,0,0.004797858318504661,0.14565044023232626,0.6875,0
2939,66819.54,3342.59,1038.16,0.3106,660,39,0,0,-0.007533333333333336,-7.0,0.0,1,11,0.005256900227320278,0.18644127148679424,0.6894,0
2940,57563.08,7495.49,2609.04,0.3481,611,37,0,0,0.0731,-0.6666666666666288,0.0,0,0,0.055973575114612005,0.5438986237962461,0.6518999999999999,0
2941,53908.48,9950.72,3352.4,0.3369,637,49,0,0,0.05383333333333329,5.0,0.0,0,0,0.04339817904526001,0.746242520491119,0.6631,0
2942,40838.36,15767.83,8663.93,0.5495,681,45,0,0,0.10233333333333333,5.3333333333332575,0.0,0,0,0.08654842735589006,2.545821134086926,0.4505,0
2943,49839.7,4958.4,1763.54,0.3557,732,31,0,0,-0.010133333333333328,2.3333333333333712,0.0,0,0,0.008137259981099296,0.42461090245135236,0.6443,0
2944,45932.54,13606.11,4815.83,0.3539,681,44,0,0,0.00216666666666665,-8.666666666666629,0.0,0,0,0.005999675917173438,1.258148580176542,0.6461,0
2945,22770.2,4651.14,1302.08,0.2799,673,21,0,0,-0.0027000000000000357,2.6666666666666288,0.0,0,0,0.005774753481991886,0.6862021410337007,0.7201,0
2946,34578.92,10866.04,2040.84,0.1878,655,73,0,0,0.02200000000000002,-1.6666666666666288,0.0,0,0,0.02107791761799802,0.7082372726360787,0.8122,1
2947,39782.55,6518.57,1835.78,0.2816,609,30,0,0,0.018600000000000005,0.33333333333325754,0.0,0,0,0.014660216384639225,0.5537442922425805,0.7183999999999999,1
2948,65697.94,10990.01,1381.1,0.1257,573,36,0,0,-0.0032000000000000084,-2.6666666666666288,-0.3333333333333333,1,26,0.0036676892513467494,0.2522636173519723,0.8743,0
2949,26649.24,10656.37,2680.21,0.2515,670,39,0,0,0.02483333333333332,-6.3333333333332575,0.3333333333333333,1,40,0.014563863193229729,1.2068831976265515,0.7484999999999999,0
2950,64316.71,10608.44,2986.35,0.2815,692,37,0,0,0.0029333333333333433,3.0,0.0,0,0,0.006100978974266705,0.557183350847918,0.7185,0
2951,61030.77,9746.12,1917.79,0.1968,667,66,0,0,0.03213333333333335,5.333333333333371,0.0,0,0,0.029498606370094476,0.37707995484040324,0.8032,1
2952,80963.33,10066.54,3378.63,0.3356,583,34,0,0,0.014566666666666672,-6.3333333333332575,0.0,1,52,0.008258497307487456,0.5007644818214718,0.6644,0
2953,45331.38,7471.35,1171.68,0.1568,709,49,0,0,-0.0004666666666666708,1.3333333333333712,0.0,0,0,0.0031260998064681126,0.31016395257056006,0.8432,0
2954,45486.73,7148.12,782.62,0.1095,699,68,0,0,-0.001533333333333331,-4.333333333333371,0.0,0,0,0.0025825267558041726,0.20646548999065034,0.8905,0
2955,26888.53,13071.37,1955.77,0.1496,650,26,0,0,-0.001533333333333331,-3.6666666666666288,0.0,0,0,0.002322953101358502,0.8728346246345928,0.8504,0
2956,51284.37,14719.51,1779.06,0.1209,694,26,0,0,-0.0033666666666666706,4.666666666666629,-0.3333333333333333,1,11,0.002085665361461427,0.4162812177473297,0.8791,0
2957,32274.9,17496.08,3689.96,0.2109,642,33,0,0,-0.009466666666666651,7.0,0.0,0,0,0.0056905623623680615,1.3719490992547339,0.7891,0
2958,53246.09,3291.78,786.43,0.2389,679,52,1,31,0.008333333333333331,-2.3333333333333712,0.3333333333333333,1,31,0.009114518333101564,0.17723667593006656,0.7611,0
2959,44727.3,8861.47,1916.81,0.2163,660,49,1,24,0.005899999999999989,-3.6666666666666288,0.3333333333333333,1,24,0.00432206869193188,0.5142657838463044,0.7837000000000001,0
2960,35042.97,4539.35,1747.13,0.3849,629,37,0,0,0.04396666666666671,-5.333333333333371,0.0,0,0,0.04466665422885399,0.5982814810736825,0.6151,1
2961,71385.58,6134.57,2062.3,0.3362,825,53,0,0,-0.0041999999999999815,-3.3333333333333712,0.3333333333333333,2,33,0.010057225152982185,0.3466750567249002,0.6638,0
2962,39148.59,11540.81,1515.62,0.1313,682,58,0,0,-0.011866666666666664,-0.6666666666667425,0.0,0,0,0.009021101805088878,0.46457458606874746,0.8687,1
2963,57217.94,4293.81,1316.43,0.3066,656,39,0,0,-0.01376666666666665,-2.0,0.0,0,0,0.010103313537866887,0.2760875347257687,0.6934,0
2964,80341.69,6177.76,2050.68,0.3319,680,39,0,0,0.011099999999999943,6.0,0.0,0,0,0.005501363467359703,0.30629378092898557,0.6681,0
2965,47708.13,7257.57,3017.74,0.4158,710,35,0,0,0.0843666666666667,6.0,0.0,0,0,0.06894803195966591,0.7590505012644888,0.5842,1
2966,35445.68,11518.97,2033.39,0.1765,734,21,0,0,-0.013799999999999979,5.0,0.0,1,14,0.013641246684636671,0.6883964418721616,0.8235,0
2967,44965.78,9742.59,4688.06,0.4812,658,28,1,29,0.08229999999999993,-5.666666666666629,0.3333333333333333,1,29,0.07163240847859607,1.2511007255959266,0.5187999999999999,0
2968,27127.07,8596.07,2446.22,0.2846,658,58,0,0,-0.0076666666666665995,0.33333333333337123,0.0,0,0,0.004092981798151558,1.0821161292765715,0.7154,0
2969,53349.32,17713.77,6237.66,0.3521,747,40,0,0,0.005066666666666664,0.6666666666666288,0.0,0,0,0.005824397918335524,1.4030529345671765,0.6478999999999999,0
2970,44540.41,1580.89,841.89,0.5325,656,44,0,0,0.0808666666666667,0.0,0.0,0,0,0.07447728587368842,0.22682054335104126,0.4675,1
2971,84406.85,11798.34,2362.23,0.2002,634,59,0,0,-0.005199999999999982,-4.333333333333371,0.0,1,36,0.0038397410213595125,0.3358348285236326,0.7998000000000001,0
2972,75643.1,6720.9,1233.12,0.1835,698,35,0,0,-0.002433333333333343,-4.666666666666629,0.0,0,0,0.0037208123366335505,0.19562180817090435,0.8165,0
2973,45360.69,10288.96,1264.95,0.1229,671,42,0,0,-0.0027333333333333237,6.0,0.0,0,0,0.0025044959572736334,0.3346377666650209,0.8771,0
2974,55238.67,11089.15,4088.48,0.3687,582,41,0,0,0.012333333333333363,3.0,0.0,0,0,0.00966002645499024,0.888177792646743,0.6313,0
2975,68664.17,11562.64,3387.95,0.293,634,39,0,0,-0.015933333333333355,-3.3333333333333712,-0.3333333333333333,1,42,0.010620616742920329,0.5920904598846081,0.7070000000000001,0
2976,44415.82,10918.23,1862.07,0.1705,779,52,0,0,0.008766666666666645,9.333333333333371,0.0,0,0,0.008963258336118619,0.5030829104126189,0.8295,0
2977,35681.32,7120.86,2317.21,0.3254,736,30,0,0,-0.007199999999999984,0.6666666666666288,0.0,0,0,0.008558394189981638,0.7793018865515172,0.6746,0
2978,43868.79,7992.32,2473.14,0.3094,639,37,0,0,-0.009666666666666712,2.3333333333333712,-0.3333333333333333,2,28,0.007675140244827953,0.6765101109896552,0.6906,0
2979,55012.44,4094.56,1001.94,0.2447,724,26,0,0,0.0017999999999999683,9.666666666666742,-0.3333333333333333,1,36,0.0038962945359804478,0.21855565754540848,0.7553,0
2980,46248.89,11309.3,2071.95,0.1832,668,47,0,0,-0.01100000000000001,-1.3333333333332575,0.0,0,0,0.01261501530364157,0.5375999292858444,0.8168,0
2981,36166.73,4166.18,481.2,0.1155,663,21,0,0,0.0039333333333333165,3.6666666666667425,0.0,0,0,0.002336902032844147,0.15966054985020967,0.8845,0
2982,45331.83,12278.07,1707.99,0.1391,578,51,0,0,6.666666666665932e-05,-3.0,0.0,0,0,0.002754541704167859,0.4521299933087731,0.8609,0
2983,48028.74,5873.8,935.6,0.1593,638,28,0,0,0.0019333333333333425,4.6666666666667425,0.0,1,5,0.005178588396250251,0.2337600361199332,0.8407,0
2984,33077.76,14662.16,6216.97,0.424,663,42,0,0,0.04896666666666677,-4.333333333333371,0.0,0,0,0.04461595691130148,2.2554018159916267,0.5760000000000001,0
2985,25777.67,4269.76,718.99,0.1684,693,38,0,0,0.011766666666666648,6.0,0.0,0,0,0.015617538218298031,0.3347036406309631,0.8316,0
2986,40694.94,8508.01,1513.05,0.1778,701,46,0,0,0.0010666666666666602,3.3333333333333712,0.0,0,0,0.002788269076765072,0.446163576961805,0.8222,0
2987,46275.72,10875.72,3567.14,0.328,660,55,0,0,-0.016666666666666607,2.6666666666667425,0.0,0,0,0.010782831003240479,0.9250138082973065,0.6719999999999999,0
2988,53842.2,9116.76,3791.25,0.4159,655,57,0,0,0.03336666666666671,-0.33333333333337123,0.0,0,0,0.02561032235468953,0.8449691875491784,0.5841000000000001,0
2989,40081.97,12013.17,2693.22,0.2242,623,32,0,0,0.00796666666666665,3.3333333333333712,0.0,0,0,0.00861336171305954,0.806313661487303,0.7758,0
2990,96584.17,5621.52,947.7,0.1686,686,31,1,6,-0.0040999999999999925,-1.0,0.3333333333333333,1,6,0.0038360135557633187,0.11774600329005311,0.8314,0
2991,62861.38,10525.88,2096.0,0.1991,778,41,0,0,0.007033333333333336,5.6666666666667425,0.0,0,0,0.0046421977553740505,0.40011848284588375,0.8009,0
2992,30560.25,8219.64,2502.08,0.3044,641,21,0,0,0.008166666666666655,0.0,0.0,1,26,0.00564581949567798,0.9824841088737883,0.6956,0
2993,33857.02,14183.26,3749.5,0.2644,762,24,0,0,0.0017000000000000348,-3.3333333333332575,0.0,0,0,0.0039534794801541675,1.328941530709221,0.7356,0
2994,76228.58,5055.28,631.66,0.125,724,46,0,0,-0.0013333333333333391,7.0,0.0,0,0,0.0016170961628796197,0.09943672043748891,0.875,0
2995,48272.22,4818.66,1288.32,0.2674,602,37,0,0,-0.007299999999999918,2.6666666666666288,0.0,0,0,0.010343046510149305,0.32026370438643254,0.7325999999999999,0
2996,70104.9,9265.95,1407.29,0.1519,669,21,0,0,0.0023999999999999855,3.6666666666667425,0.0,0,0,0.00403043973338448,0.2408887252832446,0.8481,0
2997,42816.07,9090.66,1569.58,0.1727,652,30,0,0,0.004366666666666713,-6.0,0.0,0,0,0.0026564910021388173,0.4399039891966066,0.8273,0
2998,35628.31,7858.7,2289.63,0.2913,714,25,0,0,0.04453333333333334,7.3333333333332575,0.0,0,0,0.03658247910923723,0.7711721378517796,0.7087,1
2999,67691.31,12797.85,3104.64,0.2426,725,45,0,0,-0.008200000000000013,-3.6666666666666288,0.0,0,0,0.009079662866966893,0.5503761116958068,0.7574,0
3000,36041.66,7398.74,1008.22,0.1363,638,42,0,0,0.004299999999999998,6.0,0.0,0,0,0.002853555287317523,0.33568487122878865,0.8637,0
3001,63656.96,14866.5,5401.66,0.3633,746,31,0,0,0.05410000000000004,8.666666666666742,0.0,0,0,0.04976291568806814,1.0182691725740713,0.6367,0
3002,59969.61,13305.99,2397.51,0.1802,850,27,0,0,0.004133333333333322,-0.6666666666666288,0.0,0,0,0.007690416113579277,0.4797449907418618,0.8198,0
3003,39274.98,8569.46,5608.14,0.6544,725,42,1,49,0.12563333333333332,-4.333333333333371,0.6666666666666666,2,58,0.10729530511630038,1.71350004454332,0.3456,1
3004,57026.81,11261.8,1118.98,0.0994,665,40,0,0,-0.00033333333333335213,-4.0,0.0,0,0,0.0013055437351710717,0.23546398610012437,0.9006,0
3005,34886.29,7502.85,1436.75,0.1915,758,34,0,0,0.018199999999999994,-2.0,0.0,0,0,0.017907664405065346,0.49420560323466706,0.8085,1
3006,48756.67,6440.12,1121.6,0.1742,733,57,0,0,0.01949999999999999,0.0,0.0,0,0,0.019026764774332447,0.276048384696646,0.8258,0
3007,58884.84,18269.92,12170.95,0.6662,739,47,0,0,0.1387666666666666,-6.0,0.3333333333333333,1,52,0.12356384427133658,2.4802886442458965,0.3338,1
3008,35246.39,9084.67,1260.47,0.1387,604,21,0,0,0.0016333333333333477,-3.6666666666667425,0.0,0,0,0.0014729034063523671,0.4291401188845246,0.8613,0
3009,24714.32,5889.77,1725.27,0.2929,793,23,0,0,0.025633333333333286,4.666666666666629,0.0,0,0,0.021844303859613157,0.8377021900642047,0.7071000000000001,0
3010,37040.13,3342.79,695.64,0.2081,749,29,0,0,0.004366666666666658,3.3333333333333712,0.0,0,0,0.004573018696659789,0.2253685394002553,0.7919,0
3011,40710.04,6945.42,1382.1,0.199,633,31,0,0,-0.011133333333333328,-2.3333333333333712,0.0,0,0,0.010864864369966956,0.40739827313142457,0.8009999999999999,0
3012,49503.59,9092.35,1722.65,0.1895,661,53,0,0,0.002433333333333315,3.3333333333333712,0.0,0,0,0.0031761262219530463,0.4175818358827919,0.8105,0
3013,62639.03,14063.19,4280.02,0.3043,736,45,0,0,-0.008566666666666667,0.6666666666667425,0.0,0,0,0.007560937625571159,0.8199398999339664,0.6957,0
3014,26345.95,12090.53,3217.85,0.2661,662,58,0,0,0.006466666666666676,8.333333333333371,0.0,0,0,0.0048222862258937415,1.4656598066272837,0.7339,0
3015,51710.56,7421.28,2820.55,0.3801,665,36,0,0,0.022599999999999953,9.666666666666629,0.0,0,0,0.021060270653531485,0.6545394208097055,0.6199,0
3016,37484.43,12202.18,4367.08,0.3579,666,35,0,0,0.006433333333333402,-3.6666666666666288,0.0,0,0,0.009543642444638779,1.3980460682801752,0.6421,0
3017,44506.37,4852.42,1540.47,0.3175,585,51,0,0,0.02889999999999998,-1.0,0.0,0,0,0.027886486173613043,0.41534818487816066,0.6825,0
3018,27873.25,15073.51,2333.22,0.1548,670,44,0,0,-0.003400000000000014,-2.6666666666666288,0.0,0,0,0.007429576778734502,1.00449857795363,0.8452,0
3019,33837.01,4284.23,1899.29,0.4433,688,48,0,0,0.08423333333333327,-0.6666666666666288,0.0,0,0,0.07364015171388802,0.6735666062668422,0.5567,0
3020,46198.84,9117.44,2653.03,0.291,707,46,0,0,0.011533333333333284,-5.0,0.0,0,0,0.012170570150070129,0.6891160035994542,0.7090000000000001,0
3021,37616.37,4927.11,2245.27,0.4557,767,47,0,0,0.07746666666666663,-1.3333333333333712,0.0,0,0,0.0633432667648618,0.7162636902870967,0.5443,1
3022,83509.94,7283.58,1267.18,0.174,632,52,0,0,-0.00019999999999997797,0.0,0.0,0,0,0.006787202009010132,0.18208802446529052,0.8260000000000001,0
3023,20677.09,9718.97,1420.84,0.1462,713,37,0,0,0.0019333333333333425,-6.0,0.3333333333333333,1,22,0.0015374040168775142,0.8245879855484956,0.8538,0
3024,67879.61,10481.93,1452.35,0.1386,721,25,0,0,-0.0009333333333333416,4.666666666666629,0.0,0,0,0.002778038876617814,0.256751622422683,0.8613999999999999,0
3025,29870.93,11895.89,5420.43,0.4557,727,46,0,0,0.07999999999999996,7.0,0.0,0,0,0.07081010599562118,2.1775405042249947,0.5443,1
3026,56363.64,7897.1,1445.05,0.183,762,22,0,0,-0.0009333333333333416,-2.0,0.0,0,0,0.006088057526374433,0.30765578653735154,0.817,0
3027,27602.66,500.0,204.28,0.4086,703,48,0,0,0.06440000000000001,3.0,0.0,0,0,0.053369399263789495,0.08880883215365092,0.5913999999999999,0
3028,57158.15,12122.04,1977.22,0.1631,728,38,0,0,-0.00273333333333331,3.6666666666666288,0.0,0,0,0.0030099833886584834,0.4151051074084577,0.8369,0
3029,57329.11,11255.41,3667.88,0.3259,803,49,0,0,0.004066666666666663,6.0,0.0,0,0,0.014382715320828644,0.7677523685748299,0.6740999999999999,0
3030,81787.06,3613.52,792.68,0.2194,767,38,0,0,-0.00843333333333332,-3.3333333333333712,0.0,0,0,0.007982759199953646,0.11630397276298171,0.7806,0
3031,26215.18,8551.73,3404.6,0.3981,655,21,0,0,0.04403333333333331,-2.3333333333333712,0.0,0,0,0.04689759529490229,1.5584558252622538,0.6019,0
3032,61412.35,8843.64,2649.31,0.2996,703,33,0,0,0.015233333333333265,-0.33333333333337123,0.0,0,0,0.008185726058885137,0.5176763304740477,0.7004,0
3033,97986.4,11607.86,3647.15,0.3142,679,46,0,0,-0.008166666666666711,5.3333333333332575,0.0,0,0,0.00575248738469812,0.4466517801923551,0.6858,0
3034,31337.85,4384.13,1388.59,0.3167,634,38,0,0,0.016133333333333333,1.6666666666666288,0.0,0,0,0.010591440464408568,0.5317237779113537,0.6833,0
3035,30887.73,1333.02,188.04,0.1411,696,33,0,0,-0.002366666666666656,5.666666666666629,-0.3333333333333333,1,29,0.002149676978318172,0.07305425161134693,0.8589,0
3036,50713.92,12716.69,1729.7,0.136,747,38,0,0,-0.006766666666666671,4.0,0.0,0,0,0.007433370702447173,0.40928407812073275,0.864,0
3037,51971.33,14079.86,4330.53,0.3076,736,30,0,0,-0.0012666666666666382,-4.666666666666629,-0.3333333333333333,1,42,0.007011557918497446,0.9999043701210097,0.6924,0
3038,83847.57,10513.83,3145.14,0.2991,642,43,0,0,0.00013333333333331865,-7.0,0.0,0,0,0.0029929082845954365,0.4501225258477798,0.7009000000000001,0
3039,31496.71,14894.71,7653.58,0.5138,817,37,0,0,0.0800333333333334,7.0,0.0,0,0,0.06479625332104047,2.9159540779023763,0.48619999999999997,0
3040,34168.07,7669.86,2500.45,0.326,720,21,0,0,0.05186666666666667,1.3333333333332575,0.0,0,0,0.04520189278239476,0.8781707597023171,0.6739999999999999,0
3041,27950.97,500.0,76.97,0.1539,764,38,0,0,-0.004966666666666675,0.33333333333337123,-0.3333333333333333,1,57,0.0037093725135721395,0.03304500701061394,0.8461,0
3042,26486.32,4977.68,3193.24,0.6415,669,31,0,0,0.11730000000000002,-8.666666666666629,0.6666666666666666,2,50,0.10164564673413218,1.4467423176431868,0.35850000000000004,0
3043,35567.44,8407.31,2818.77,0.3353,659,31,0,0,0.0683333333333333,2.6666666666667425,0.0,1,17,0.055044287724623275,0.9510169972477017,0.6647000000000001,0
3044,39883.04,4285.88,643.65,0.1502,655,39,0,0,0.003666666666666679,4.0,0.0,1,56,0.002225670935046586,0.1936612654821715,0.8498,0
3045,69551.64,8579.96,5933.14,0.6915,706,53,0,0,0.14733333333333332,8.666666666666629,0.0,0,0,0.10967979531344867,1.0236664439216099,0.3085,1
3046,42305.02,5528.66,1178.01,0.2131,676,21,0,0,-0.0027333333333333376,10.0,0.0,0,0,0.0035352196222834223,0.33414757860864336,0.7868999999999999,0
3047,51172.65,9229.38,1644.98,0.1782,703,30,0,0,0.004899999999999988,-0.33333333333337123,0.0,0,0,0.004322325762827226,0.38574824628724563,0.8218,0
3048,29451.43,10970.52,6769.63,0.6171,630,31,0,0,0.09973333333333334,-0.33333333333337123,0.3333333333333333,1,33,0.08797203785547114,2.7582891549544635,0.3829,1
3049,82194.72,4505.53,666.11,0.1478,728,46,0,0,0.006166666666666654,0.33333333333337123,0.0,1,25,0.0032840523747346066,0.09724858237649592,0.8522000000000001,0
3050,54325.24,5351.64,1359.79,0.2541,771,42,0,0,0.0071666666666666545,-6.0,0.3333333333333333,1,56,0.007627599738959661,0.3003664594283541,0.7459,0
3051,41629.52,8607.83,1120.78,0.1302,638,54,0,0,0.0029666666666667008,2.3333333333332575,0.0,0,0,0.0032508118644083007,0.3230726656498352,0.8698,0
3052,38789.2,10506.9,1791.19,0.1705,624,36,0,0,-0.00016666666666667607,4.666666666666629,0.0,0,0,0.0023130667473676065,0.5541305310073535,0.8295,0
3053,55749.21,9277.07,1081.26,0.1166,850,48,0,0,0.0022000000000000075,1.0,0.0,0,0,0.004406529246470511,0.2327408764573903,0.8834,0
3054,104378.81,9783.6,3200.12,0.3271,689,22,0,0,0.0470666666666667,3.3333333333332575,0.3333333333333333,1,52,0.0391320662770459,0.3679045583637631,0.6729,0
3055,33170.9,5942.31,2339.3,0.3937,716,40,0,0,0.01713333333333339,9.333333333333371,0.0,0,0,0.014267192357916006,0.8462718825791504,0.6063000000000001,0
3056,37442.99,14932.28,3530.45,0.2364,712,43,0,0,0.012900000000000023,5.333333333333371,0.0,0,0,0.011276647452934644,1.1314641268344872,0.7636000000000001,0
3057,45753.65,15625.43,2772.61,0.1774,601,28,0,0,-0.010099999999999998,5.333333333333371,0.0,1,19,0.005924759723210532,0.7271839512535895,0.8226,0
3058,29650.92,14475.58,4673.4,0.3228,655,54,0,0,0.007833333333333303,7.333333333333371,0.0,0,0,0.005461939012638085,1.8913679567886454,0.6772,0
3059,37696.83,8376.94,3018.25,0.3603,594,30,0,0,0.06603333333333333,-6.3333333333332575,0.0,0,0,0.0544021369065591,0.9607969685639465,0.6396999999999999,1
3060,33872.93,9669.42,1236.76,0.1279,753,34,0,0,0.0005000000000000282,1.0,0.0,0,0,0.0031337322441104907,0.43814101687519524,0.8721,0
3061,68026.66,11272.4,2190.05,0.1943,659,28,0,0,0.0007999999999999674,-4.0,0.0,0,0,0.009377766258550052,0.38632794841557805,0.8057,0
3062,56205.92,7588.28,1720.41,0.2267,709,28,0,0,0.0031000000000000194,0.6666666666667425,0.0,0,0,0.008832484235920127,0.36730863929622176,0.7733,0
3063,52095.39,6203.7,3387.11,0.546,648,40,0,0,0.1059,3.6666666666666288,0.0,0,0,0.0876667664764958,0.7802095346754767,0.45399999999999996,1
3064,34184.68,13175.36,1534.26,0.1164,762,21,0,0,0.0002000000000000196,7.666666666666629,0.0,0,0,0.003037862918419971,0.5385780997083215,0.8835999999999999,0
3065,82779.9,4462.87,855.24,0.1916,799,36,0,0,-0.0031333333333333213,1.3333333333333712,0.0,0,0,0.008258547760418363,0.12397792215878813,0.8084,0
3066,44997.12,15182.22,2863.37,0.1886,633,30,0,0,0.004166666666666652,1.3333333333333712,-0.3333333333333333,1,20,0.006108600494384932,0.7636142044387869,0.8114,0
3067,32211.85,6508.86,2046.68,0.3144,639,42,0,0,-0.009566666666666668,-3.6666666666666288,-0.6666666666666666,2,43,0.007506404672751859,0.7624572941588427,0.6856,0
3068,63152.79,6346.4,1459.36,0.23,592,30,0,0,0.01773333333333335,3.3333333333333712,0.0,0,0,0.008610313583139703,0.27730081278550617,0.77,0
3069,41185.76,8599.18,2469.68,0.2872,749,72,0,0,0.006933333333333347,-2.0,0.3333333333333333,1,51,0.0055066121869782846,0.7195729784120803,0.7128,0
3070,59897.14,5964.73,4162.5,0.6979,689,54,2,44,0.14093333333333324,-8.0,0.6666666666666666,2,44,0.11383685816895062,0.8339296332010651,0.30210000000000004,0
3071,63775.21,7740.78,2378.29,0.3072,658,21,0,0,-0.018199999999999994,-0.33333333333337123,0.0,0,0,0.009279472566429135,0.4475011527932246,0.6928000000000001,0
3072,71034.18,10267.39,2921.09,0.2845,610,27,0,0,0.006199999999999983,0.0,0.0,0,0,0.004924880145185707,0.49346779246383066,0.7155,0
3073,39069.96,9793.55,3077.75,0.3143,659,28,0,0,-0.010899999999999965,-1.3333333333333712,0.0,0,0,0.006872065030089416,0.9453042692814723,0.6857,0
3074,97445.23,14717.66,4108.24,0.2791,692,38,1,15,-0.0022333333333333094,3.6666666666666288,0.0,2,52,0.003937356699332414,0.5059137321952961,0.7209,0
3075,43777.69,7601.63,2095.08,0.2756,807,49,0,0,-0.006466666666666676,-6.666666666666629,-0.3333333333333333,1,15,0.010275821135072354,0.5742870396566963,0.7243999999999999,0
3076,73073.42,6619.54,1791.71,0.2707,556,29,0,0,0.004633333333333378,-1.0,0.0,0,0,0.009779968188996185,0.2942317465977262,0.7293000000000001,0
3077,75599.76,2857.17,883.48,0.3092,790,28,0,0,0.012166666666666659,6.0,0.0,0,0,0.006766297198451881,0.14023536580429855,0.6908000000000001,0
3078,53315.69,5272.58,982.09,0.1863,622,26,0,0,-0.009699999999999986,2.0,0.0,0,0,0.010468059886042772,0.22104337386138073,0.8137,0
3079,47132.63,11847.19,6576.88,0.5551,813,28,0,0,0.09349999999999997,5.666666666666629,0.0,0,0,0.07304566684235582,1.674478168943814,0.44489999999999996,1
3080,37554.48,11200.98,2839.67,0.2535,720,25,0,0,0.002600000000000019,-10.333333333333371,0.3333333333333333,1,31,0.003508956793375751,0.9073761636191336,0.7464999999999999,0
3081,106359.92,9400.64,3573.2,0.3801,687,46,0,0,0.03503333333333325,2.6666666666667425,0.0,0,0,0.03251864849590155,0.40314434229700685,0.6199,1
3082,29683.27,8723.98,3149.51,0.361,612,70,0,0,0.022600000000000064,-2.0,0.0,0,0,0.018997631431312674,1.273246511746214,0.639,0
3083,48038.42,7507.88,898.06,0.1196,712,47,0,0,-0.009000000000000022,-1.0,0.0,0,0,0.005083497265116239,0.22433543812032067,0.8804,0
3084,44532.29,9920.71,1536.34,0.1549,765,55,1,51,-0.005833333333333329,1.3333333333333712,0.3333333333333333,1,51,0.005336197147782312,0.41399353132372213,0.8451,0
3085,45147.43,7466.31,2353.35,0.3152,774,41,0,0,0.01849999999999996,-1.3333333333333712,0.3333333333333333,1,18,0.01227383169366618,0.6255106878175318,0.6848000000000001,0
3086,45284.12,7050.03,807.08,0.1145,838,25,0,0,0.0029333333333333433,6.3333333333332575,0.0,0,0,0.0033608034753612134,0.2138709993135242,0.8855,0
3087,81517.87,8556.74,2037.72,0.2381,629,29,0,0,-0.004833333333333328,9.0,0.0,0,0,0.006313301654267583,0.2999666207716222,0.7619,0
3088,66699.15,5591.75,1425.88,0.255,777,21,0,0,0.006300000000000028,4.0,0.3333333333333333,1,50,0.005384262045793992,0.2565334040526993,0.745,0
3089,53622.42,3353.87,1049.89,0.313,688,60,0,0,-0.00940000000000002,-7.333333333333371,0.0,0,0,0.01067033790988417,0.23495172349887566,0.687,1
3090,49409.11,9486.85,2971.29,0.3132,664,40,0,0,-0.0030000000000000027,4.6666666666667425,0.0,0,0,0.0057360216565529466,0.721637770673067,0.6868000000000001,0
3091,23039.72,12513.58,2953.05,0.236,596,21,0,0,0.04300000000000001,-10.0,0.0,2,45,0.04083166663265167,1.538065565967955,0.764,0
3092,62824.72,7040.43,1922.89,0.2731,637,46,0,0,-0.009200000000000041,-1.3333333333332575,0.0,0,0,0.008694506567048205,0.36728663487226937,0.7269,0
3093,58063.79,5538.06,933.35,0.1685,764,21,0,0,-0.0041999999999999815,-4.0,0.0,0,0,0.0036965449333728516,0.19289474554942523,0.8315,0
3094,33160.51,9867.44,1126.98,0.1142,794,37,0,0,-0.00020000000000000573,1.0,0.0,0,0,0.0018753518188447799,0.407827261857736,0.8858,0
3095,48945.33,5131.37,473.99,0.0924,611,33,0,0,-0.0007666666666666794,-7.666666666666629,-0.3333333333333333,1,11,0.001743878181270445,0.11620883950737473,0.9076,0
3096,35190.31,4331.63,1383.09,0.3193,473,35,0,0,0.003300000000000025,6.0,0.0,0,0,0.008358345795936214,0.4716377887645874,0.6807000000000001,0
3097,41814.72,11336.7,1805.11,0.1592,636,30,0,0,0.002066666666666661,4.333333333333371,0.0,0,0,0.004747309179360908,0.5180309707630143,0.8408,0
3098,97049.4,500.0,137.79,0.2756,652,30,0,0,-0.0041999999999999815,-10.666666666666629,-0.3333333333333333,1,58,0.005709738269930711,0.017037508730559384,0.7243999999999999,0
3099,99295.47,7169.36,919.92,0.1283,736,34,0,0,-0.0011000000000000176,4.0,0.0,0,0,0.0019900446672820728,0.11117365171508746,0.8717,0
3100,180454.11,4841.05,1473.28,0.3043,634,35,0,0,0.017133333333333334,3.3333333333333712,0.0,0,0,0.01729392957080603,0.09797150089196828,0.6957,0
3101,34546.95,9318.27,2977.28,0.3195,666,24,0,0,0.06623333333333331,0.6666666666666288,0.0,0,0,0.052015617312922896,1.0341682836716406,0.6805,1
3102,65266.16,15309.87,2156.15,0.1408,781,46,0,0,0.0007333333333333636,4.0,0.0,0,0,0.001421267040355191,0.3964351510069349,0.8592,0
3103,29194.19,13878.78,3651.56,0.2631,695,22,0,0,0.0446,7.0,0.0,0,0,0.03695453663324405,1.5009397411604408,0.7369,0
3104,35097.79,13015.1,2020.89,0.1553,674,49,0,0,-0.001966666666666672,-5.666666666666629,-0.3333333333333333,1,20,0.0024336187047275834,0.6909460678780245,0.8447,0
3105,35157.34,11738.92,3138.38,0.2673,657,59,0,0,-0.003566666666666718,0.6666666666666288,0.0,0,0,0.004216963098934794,1.0712004943248152,0.7327,0
3106,35434.26,6048.51,1488.07,0.246,770,36,0,0,-0.013566666666666671,-0.6666666666667425,0.0,0,0,0.00810200592446094,0.5039427941758255,0.754,0
3107,65731.28,3298.08,936.27,0.2839,706,37,0,0,-0.008333333333333304,-1.3333333333332575,0.0,0,0,0.0052701992372205415,0.1709268402798314,0.7161,0
3108,93944.81,4903.74,1048.83,0.2139,731,21,0,0,0.0005333333333333024,3.6666666666666288,0.0,0,0,0.0029542342493444904,0.13397185005102824,0.7861,0
3109,42804.37,10981.36,1339.57,0.122,746,21,0,0,-0.0032666666666666816,7.333333333333371,0.0,0,0,0.003930790138268766,0.37554202983231605,0.878,0
3110,90215.97,14098.5,3322.42,0.2357,736,48,0,0,0.008966666666666678,-3.3333333333332575,0.0,0,0,0.009791081542800966,0.4419288513408086,0.7643,0
3111,96141.83,10128.42,1248.47,0.1233,657,28,0,0,-0.007000000000000006,-4.0,-0.3333333333333333,2,45,0.006167409865125268,0.15582852956023466,0.8767,0
3112,38874.64,10514.77,4662.51,0.4434,701,43,0,0,0.06,3.0,0.0,0,0,0.05201063459631225,1.439244710246296,0.5566,1
3113,82478.56,12391.69,2432.87,0.1963,752,28,0,0,-0.005199999999999982,-1.3333333333333712,0.0,0,0,0.003424908757908742,0.35396398768058546,0.8037,0
3114,51740.4,8806.52,2775.32,0.3151,709,46,0,0,0.016733333333333378,1.6666666666667425,0.3333333333333333,1,15,0.018801529193126797,0.643671869414924,0.6849000000000001,0
3115,49716.44,8238.41,2769.95,0.3362,704,69,0,0,0.03699999999999998,7.333333333333371,0.0,1,16,0.02987720703144793,0.6685796487434948,0.6638,0
3116,52713.01,1779.32,240.36,0.1351,615,50,0,0,-0.00026666666666666505,-1.0,0.0,0,0,0.002043893343596972,0.05471742173978285,0.8649,0
3117,83581.57,4650.83,976.9,0.21,743,49,0,0,0.014133333333333331,2.3333333333333712,0.0,1,39,0.01046849771669481,0.14025580039136534,0.79,0
3118,50530.98,12232.32,2840.29,0.2322,746,52,0,0,0.013900000000000023,-3.0,0.0,0,0,0.009877752780870755,0.6745066094484199,0.7678,0
3119,48263.19,2703.25,348.65,0.129,627,41,0,0,-0.0011333333333333473,0.0,0.0,0,0,0.0023946700074215636,0.08668718331630697,0.871,0
3120,39532.12,16616.25,8109.18,0.488,659,31,1,52,0.09410000000000002,1.6666666666666288,0.3333333333333333,1,52,0.07784971811837929,2.4615467111417613,0.512,0
3121,67824.84,6229.12,1528.49,0.2454,582,30,1,19,-0.01043333333333335,1.0,0.3333333333333333,1,19,0.009093129274347769,0.27043012555215523,0.7545999999999999,0
3122,45593.11,12222.16,2461.25,0.2014,603,28,0,0,-0.004566666666666663,-2.3333333333332575,0.0,0,0,0.008419735414159059,0.647795247839563,0.7986,0
3123,67599.52,5127.06,1020.59,0.1991,731,36,0,0,0.002599999999999991,3.6666666666667425,0.0,0,0,0.0044470339678386915,0.1811711088751214,0.8009,0
3124,35456.64,17226.37,3695.53,0.2145,787,41,0,0,-0.004400000000000043,8.0,0.0,0,0,0.002628265165042856,1.2507208800662262,0.7855,0
3125,70702.75,12456.63,5850.21,0.4696,734,41,0,0,0.07203333333333334,0.0,0.0,0,0,0.0564570436507065,0.992924886062917,0.5304,1
3126,33295.76,6552.37,1314.08,0.2005,685,21,0,0,-0.011333333333333306,1.3333333333332575,0.0,0,0,0.010123117108875096,0.47360264473064334,0.7995,0
3127,39648.72,11570.35,3574.85,0.309,769,46,0,0,-0.007666666666666655,-0.6666666666666288,0.0,0,0,0.006872671322790801,1.08195674379946,0.6910000000000001,0
3128,52580.02,15631.4,2584.13,0.1653,592,45,1,8,-0.006666666666666654,-6.666666666666629,0.3333333333333333,1,8,0.0035952901289202123,0.5897593799493208,0.8347,0
3129,58227.29,9695.55,2680.13,0.2764,753,55,0,0,0.004166666666666707,-6.6666666666667425,0.0,0,0,0.007346597852067332,0.5523451287767618,0.7236,0
3130,59077.33,1754.75,360.83,0.2056,726,50,0,0,0.0184,6.666666666666629,0.0,0,0,0.016811677489174018,0.07329308889078912,0.7944,0
3131,167654.58,9245.73,1901.53,0.2057,746,30,0,0,-0.0018666666666666554,-8.333333333333258,-0.3333333333333333,1,26,0.0056517204853428855,0.13610340975096988,0.7943,0
3132,55914.77,5080.7,2090.81,0.4115,688,36,0,0,0.06986666666666669,-0.33333333333325754,0.0,0,0,0.048041556085446614,0.44871364032464833,0.5885,0
3133,84321.6,1684.56,364.03,0.2161,750,24,1,33,0.005166666666666653,-3.0,0.3333333333333333,1,33,0.004060309238359944,0.051805942953861504,0.7839,0
3134,43156.57,14066.97,1835.82,0.1305,844,38,0,0,-0.004866666666666658,-2.0,0.0,0,0,0.002366138438703676,0.5104631807827741,0.8694999999999999,0
3135,50191.24,5260.78,907.43,0.1725,803,31,0,0,0.0032999999999999696,6.666666666666629,0.3333333333333333,1,55,0.0034626579386361537,0.21695339659662835,0.8275,0
3136,40205.6,6510.47,2310.35,0.3549,675,21,0,0,0.01210000000000011,3.6666666666667425,0.0,0,0,0.010709315778538071,0.6895606580109555,0.6451,0
3137,50199.01,5966.71,673.14,0.1128,690,43,0,0,-0.004533333333333334,1.0,-0.3333333333333333,1,39,0.002018043607061055,0.1609131335073947,0.8872,0
3138,29707.47,6426.19,1936.49,0.3013,658,29,0,0,0.003066666666666662,6.333333333333371,0.0,0,0,0.006281321517005789,0.7822234606519276,0.6987,0
3139,36386.24,10213.57,1061.48,0.1039,741,41,0,0,-0.001966666666666672,2.0,0.0,0,0,0.0033941125496954284,0.3500707958777591,0.8961,0
3140,61182.64,15547.52,3014.7,0.1939,685,48,0,0,-0.0028000000000000247,3.3333333333333712,0.0,0,0,0.003846426913383368,0.5912853710285233,0.8061,0
3141,38249.76,5393.49,1392.98,0.2583,627,67,0,0,0.01576666666666665,5.0,0.0,0,0,0.012156594003987213,0.43701607525787894,0.7417,0
3142,26619.2,12188.3,1829.98,0.1501,695,21,0,0,0.017599999999999977,4.6666666666667425,0.0,0,0,0.013695893545147029,0.8249594274095572,0.8499,1
3143,78929.08,8111.91,2481.97,0.306,752,42,0,0,-0.002333333333333354,-11.333333333333371,0.0,0,0,0.006509949649916217,0.3773468535991023,0.694,0
3144,71937.49,1910.63,541.19,0.2833,712,39,0,0,-0.008066666666666666,5.0,0.0,0,0,0.006440389049670137,0.09027671105728988,0.7167,0
3145,81910.16,12435.96,2275.4,0.183,659,48,0,0,-0.004466666666666702,-1.0,0.0,0,0,0.005359130319163529,0.33335058796124667,0.817,0
3146,52547.58,12165.95,3269.96,0.2688,683,21,0,0,-0.006599999999999995,3.3333333333333712,0.0,0,0,0.006247555077343798,0.7467426661901287,0.7312000000000001,1
3147,89537.09,6540.67,655.23,0.1002,639,21,0,0,-0.0019333333333333425,2.3333333333332575,0.0,0,0,0.0041112987945146695,0.08781567503418093,0.8998,0
3148,68352.02,13944.44,2122.5,0.1522,696,64,0,0,0.005800000000000027,-1.6666666666666288,0.0,0,0,0.0044913806340589855,0.37262980663231954,0.8478,0
3149,89030.2,6434.8,1000.65,0.1555,655,23,0,0,-0.005899999999999989,-2.6666666666666288,0.0,0,0,0.006352514812611179,0.13487333509732113,0.8445,0
3150,50485.07,4023.31,821.43,0.2042,666,27,0,0,0.025966666666666666,1.0,0.0,0,0,0.021531823992510357,0.19524901119592408,0.7958000000000001,0
3151,33631.06,6146.52,586.29,0.0954,663,39,0,0,0.0008666666666666684,-1.3333333333332575,0.0,0,0,0.0016688319268278568,0.20919590394979073,0.9046,0
3152,71628.45,5691.69,1318.9,0.2317,681,44,0,0,-0.002799999999999997,7.333333333333371,0.0,0,0,0.005458250635505851,0.22095689628001888,0.7683,1
3153,61807.58,6471.48,1126.31,0.174,639,37,0,0,0.010266666666666646,3.3333333333332575,0.0,0,0,0.005978456694201643,0.21867414963303705,0.8260000000000001,0
3154,25285.06,5412.41,1515.67,0.28,662,59,0,0,0.0008333333333334081,2.0,0.0,0,0,0.004206179316724918,0.7193196295111882,0.72,0
3155,48687.74,3169.94,881.98,0.2782,661,62,0,0,0.010599999999999998,1.6666666666666288,0.0,0,0,0.008083625424275915,0.21738039180687863,0.7218,0
3156,36443.29,11797.54,1908.24,0.1617,691,46,0,0,0.021600000000000008,2.6666666666667425,0.0,0,0,0.01925006493495542,0.6283428305309395,0.8383,1
3157,31534.64,5498.32,1917.64,0.3488,691,35,0,0,0.017699999999999994,6.666666666666629,0.0,0,0,0.016004530608549547,0.7297270554299423,0.6512,0
3158,24197.63,9801.17,2782.57,0.2839,789,30,0,0,0.011666666666666603,5.3333333333332575,0.0,0,0,0.011702041607248616,1.3799219172886326,0.7161,1
3159,36428.11,11332.89,3393.51,0.2994,679,21,0,0,0.004833333333333301,1.3333333333332575,0.0,0,0,0.004829193629490432,1.1178762770449933,0.7006,0
3160,31282.99,10939.27,2400.72,0.2195,719,46,0,0,0.0023999999999999855,6.0,0.0,0,0,0.003487278467675222,0.9209042993955867,0.7805,0
3161,38273.07,6763.56,771.72,0.1141,630,28,0,0,-0.004066666666666663,2.0,0.0,0,0,0.0032109188716004686,0.24196229874155517,0.8859,0
3162,41152.69,5207.47,1139.82,0.2189,649,50,0,0,0.0068999999999999895,2.3333333333333712,0.0,0,0,0.007799323332472144,0.3323680662433387,0.7811,0
3163,58961.04,500.0,119.73,0.2395,682,49,0,0,-0.013666666666666688,3.6666666666666288,0.0,0,0,0.01335187252785163,0.024367955512785807,0.7605,0
3164,18717.33,12345.06,1404.94,0.1138,614,56,0,0,0.004199999999999995,-3.0,0.0,0,0,0.002467848815826812,0.9007310331757374,0.8862,0
3165,79624.79,7827.91,1211.59,0.1548,720,30,0,0,-0.009733333333333316,0.33333333333337123,0.0,1,37,0.008666169857555292,0.18259489284441266,0.8452,0
3166,57852.92,7436.07,1225.37,0.1648,606,41,0,0,-0.009766666666666673,-1.6666666666667425,0.0,0,0,0.008048050143426728,0.2541693659879219,0.8351999999999999,0
3167,59708.23,500.0,102.47,0.2049,653,21,0,0,0.007633333333333325,1.0,0.0,0,0,0.004113325229597626,0.020594145895010955,0.7951,0
3168,31777.46,9436.25,2121.49,0.2248,683,39,0,0,-0.009000000000000008,6.3333333333332575,0.0,0,0,0.005618743434058696,0.8011301089006623,0.7752,0
3169,63188.87,3958.94,1241.38,0.3136,850,40,0,0,-0.00033333333333335213,1.0,0.0,0,0,0.004920873906126856,0.23574658000959725,0.6864,0
3170,32183.25,10346.47,2625.69,0.2538,643,37,0,0,-0.01573333333333332,3.0,0.0,0,0,0.01217344560006644,0.9790272886750615,0.7462,0
3171,44311.55,8654.54,4123.82,0.4765,777,29,0,0,0.05276666666666674,2.3333333333333712,0.0,0,0,0.05375998615244532,1.1167706836388875,0.5235000000000001,1
3172,35831.92,7092.06,1413.94,0.1994,754,35,0,0,0.024400000000000005,5.6666666666667425,0.0,0,0,0.024507776543601645,0.4735241648875559,0.8006,0
3173,55009.55,12788.66,2645.67,0.2069,680,29,0,0,0.0035666666666666347,-0.33333333333325754,0.0,0,0,0.0032053774262080954,0.5771368788342089,0.7931,0
3174,32923.44,1887.82,647.36,0.3429,635,37,0,0,0.018633333333333335,-4.6666666666667425,0.0,0,0,0.010211037056919238,0.23595104269689277,0.6571,0
3175,74507.04,11215.06,2520.04,0.2247,724,48,0,0,-0.013966666666666627,5.0,0.0,0,0,0.00906655943564039,0.40587412941286505,0.7753,0
3176,36904.99,8583.93,3454.51,0.4024,807,30,0,0,0.01200000000000001,-2.3333333333333712,0.0,1,14,0.02252205092299053,1.1232659861585335,0.5976,0
3177,27743.44,8330.99,1029.6,0.1236,744,21,0,0,-0.002066666666666661,-4.333333333333371,0.0,1,49,0.0021854315617541352,0.44533770846931553,0.8764,0
3178,32912.73,10290.23,3087.86,0.3001,734,35,0,0,0.057099999999999956,1.3333333333333712,0.0,0,0,0.04890616298359317,1.1258355045749766,0.6999,0
3179,58563.45,12074.88,1203.67,0.0997,617,43,0,0,0.0014666666666666717,3.6666666666667425,0.0,2,15,0.0024500000000000043,0.24663915799086855,0.9003,0
3180,56648.04,10423.83,2006.57,0.1925,653,27,0,0,0.008133333333333381,6.0,0.0,0,0,0.01010086629948145,0.4250604256546082,0.8075,0
3181,72893.21,14599.56,2880.46,0.1973,738,21,0,0,0.008333333333333331,12.666666666666629,0.0,0,0,0.00400718105405784,0.4741939611976159,0.8027,0
3182,35268.16,12180.96,2236.72,0.1836,677,42,0,0,0.0020999999999999908,5.333333333333371,0.0,0,0,0.005634713834792324,0.7610445226194806,0.8164,0
3183,64484.7,11857.11,3636.37,0.3067,694,25,0,0,-0.012966666666666682,4.333333333333371,0.0,0,0,0.007170735279205655,0.676694471585968,0.6933,0
3184,109638.62,500.0,115.75,0.2315,596,25,0,0,-0.01620000000000002,1.6666666666666288,0.0,1,22,0.009375692567011297,0.012668893496178384,0.7685,0
3185,64816.72,3157.42,571.6,0.181,646,32,0,0,-0.0033333333333333826,7.333333333333371,0.0,0,0,0.004485284581582061,0.10582454648630947,0.819,0
3186,55192.26,12489.16,2193.43,0.1756,567,45,0,0,0.005133333333333323,-4.0,0.0,0,0,0.003555629339512204,0.4768994781927248,0.8244,0
3187,47788.84,9843.47,1184.33,0.1203,704,21,1,9,0.0038000000000000117,3.6666666666666288,0.3333333333333333,1,9,0.0035509779560628715,0.2973907714945856,0.8797,0
3188,70119.53,7274.37,1210.45,0.1664,623,24,0,0,-0.0003999999999999837,7.0,0.0,0,0,0.0025169425897306474,0.2071519874350866,0.8336,0
3189,63165.1,11024.8,1539.68,0.1397,686,51,0,0,0.0030333333333333046,-5.0,0.0,0,0,0.0041349123328070754,0.292505829904329,0.8603000000000001,0
3190,47966.52,12100.24,1227.21,0.1014,763,29,0,0,-0.003166666666666651,-6.333333333333371,-0.3333333333333333,1,33,0.0020193508307814636,0.30701664403245854,0.8986,0
3191,39269.27,12107.74,4880.37,0.4031,751,47,0,0,0.07670000000000005,4.333333333333371,0.0,0,0,0.06424480523746649,1.491355453821875,0.5969,0
3192,137982.72,10521.79,2146.27,0.204,659,49,0,0,-0.0028333333333333266,3.0,0.0,0,0,0.003675292883264921,0.18665554641740745,0.796,0
3193,39286.05,15419.45,4964.69,0.322,678,21,0,0,-0.002333333333333354,7.0,0.0,0,0,0.005458250635505841,1.5164741678484426,0.6779999999999999,0
3194,34629.67,10713.76,2645.79,0.247,664,53,0,0,0.04566666666666666,-0.33333333333337123,0.0,0,0,0.0398121526672447,0.9168288346091099,0.753,1
3195,74810.15,4609.83,1790.61,0.3884,614,41,0,0,0.07199999999999995,5.0,0.0,0,0,0.057973883008740325,0.287224661313382,0.6115999999999999,1
3196,46671.02,2165.65,693.96,0.3204,678,32,0,0,0.007266666666666699,5.0,-0.3333333333333333,1,12,0.005221350400040204,0.17843021210718854,0.6796,0
3197,60900.05,5585.93,1067.84,0.1912,653,21,0,0,0.0030999999999999917,-2.0,0.0,0,0,0.004517404613762685,0.210411649866873,0.8088,0
3198,29937.27,13536.5,4340.03,0.3206,702,36,0,0,0.044533333333333314,4.0,-0.3333333333333333,1,48,0.03635583783169415,1.7396496066316067,0.6794,0
3199,46428.77,4941.46,812.76,0.1645,713,35,0,0,-0.009166666666666684,-0.33333333333337123,0.0,0,0,0.009869115687053438,0.21006630150829333,0.8355,0
3200,29744.61,10008.08,3209.98,0.3207,734,30,0,0,-0.005666666666666709,10.666666666666742,0.0,0,0,0.011134518400002753,1.2950164747313817,0.6793,0
3201,66641.64,4750.24,879.15,0.1851,676,37,0,0,0.0006666666666666765,6.333333333333371,0.0,0,0,0.004995942798355928,0.15830642820465285,0.8149,0
3202,44143.42,13515.81,1934.05,0.1431,678,46,0,0,-0.008033333333333309,-3.3333333333333712,0.0,0,0,0.004790905736682543,0.5257544611108733,0.8569,0
3203,46683.15,11233.43,3771.22,0.3357,700,41,0,0,-0.004466666666666619,-2.3333333333333712,-0.3333333333333333,1,55,0.003913047973695754,0.9693998795789743,0.6643,1
3204,83687.22,4758.94,822.97,0.1729,649,37,0,0,0.017566666666666675,-2.0,0.0,0,0,0.016739457710584427,0.11800654865323428,0.8271,1
3205,85568.07,8986.83,2180.11,0.2426,678,29,0,0,0.006199999999999983,-2.6666666666666288,0.0,0,0,0.004009987531152681,0.30573694131854506,0.7574,0
3206,60272.71,12029.34,3548.2,0.295,569,47,0,0,-0.0037666666666666404,-4.0,0.0,0,0,0.009517352573063574,0.7064291615811343,0.7050000000000001,0
3207,63277.87,8164.38,3119.55,0.3821,795,46,0,0,0.034633333333333405,1.6666666666666288,0.0,0,0,0.024659030349504407,0.5915907092463908,0.6179,1
3208,63501.42,5768.7,1649.71,0.286,768,50,0,0,0.02836666666666668,5.333333333333371,0.0,0,0,0.02090902915010641,0.3117492490129986,0.714,1
3209,33586.43,1952.13,421.79,0.2161,750,46,0,0,-0.00990000000000002,4.3333333333332575,0.0,0,0,0.010649269667185837,0.1507001487860305,0.7839,0
3210,35237.14,9181.0,974.34,0.1061,689,21,0,0,-0.0018333333333333396,1.6666666666667425,0.0,0,0,0.0025602734228984208,0.3318112649329164,0.8939,0
3211,73135.35,5814.88,629.29,0.1082,585,56,0,0,-0.0023999999999999994,-1.6666666666666288,0.0,0,0,0.0019339797769826255,0.10325348820728905,0.8918,0
3212,44404.43,10358.54,2620.49,0.253,728,21,0,0,-0.003899999999999959,-2.3333333333333712,0.3333333333333333,1,59,0.006502072319225972,0.7081698828585787,0.747,0
3213,66722.5,5555.29,718.82,0.1294,742,50,0,0,-0.007266666666666699,2.3333333333332575,0.0,0,0,0.004221966366516929,0.12927932853907825,0.8706,0
3214,94258.42,2500.29,520.68,0.2082,614,36,1,55,0.020533333333333348,1.0,0.3333333333333333,1,55,0.015518617850826782,0.06628755287012607,0.7918000000000001,0
3215,96467.2,10945.84,3730.43,0.3408,726,42,1,41,-0.004633333333333378,-1.0,0.3333333333333333,1,41,0.013029102041199937,0.4640453956830037,0.6592,0
3216,55051.31,8304.67,4119.58,0.4961,692,28,0,0,0.05049999999999999,0.33333333333337123,0.0,0,0,0.06374450520981745,0.897979720904448,0.5039,1
3217,38687.37,3310.07,586.89,0.1773,654,29,0,0,0.001366666666666655,-1.0,0.0,0,0,0.0020992723607108237,0.1820408055087619,0.8227,0
3218,59787.72,6639.24,1644.13,0.2476,767,55,0,0,-0.0013333333333332975,0.0,0.0,0,0,0.008664358667039998,0.32999351699713714,0.7524,0
3219,45527.03,12539.29,5048.89,0.4026,577,48,0,0,0.048699999999999966,2.6666666666667425,0.0,0,0,0.03606710566584337,1.3307848103430113,0.5973999999999999,1
3220,107217.65,10006.78,2939.08,0.2937,538,24,0,0,0.03919999999999996,-2.6666666666667425,0.0,0,0,0.03716726083232094,0.32894733279504473,0.7062999999999999,0
3221,54317.69,8671.12,2332.34,0.269,645,41,0,0,-0.00830000000000003,-2.0,-0.3333333333333333,1,48,0.005793962374748382,0.5152663891600839,0.731,0
3222,36154.18,10219.11,2694.76,0.2637,797,51,0,0,0.039666666666666656,6.0,-0.3333333333333333,1,9,0.03472669882253584,0.8944227192890817,0.7363,0
3223,25739.98,16108.0,3984.99,0.2474,672,39,0,0,0.0013666666666666827,1.3333333333333712,0.0,0,0,0.003072367888851272,1.8578056384545105,0.7525999999999999,0
3224,38855.16,6671.8,2030.52,0.3043,529,46,0,0,0.01146666666666668,-4.6666666666667425,0.0,0,0,0.010233156893158624,0.6271043535137868,0.6957,0
3225,69152.9,12481.74,3394.72,0.272,614,44,0,0,0.010700000000000043,-0.33333333333337123,0.0,0,0,0.008138403474337667,0.5890807181322986,0.728,0
3226,43636.29,14628.32,5095.17,0.3483,696,43,0,0,0.006833333333333302,10.666666666666629,0.0,0,0,0.013222056488223694,1.4011741140959948,0.6517,0
3227,67734.46,5458.43,1439.62,0.2637,639,24,0,0,-0.012799999999999978,2.6666666666666288,0.0,0,0,0.010906012612825589,0.255046544948309,0.7363,0
3228,80889.26,12912.69,1380.63,0.1069,815,40,0,0,-0.004500000000000004,-5.3333333333332575,0.3333333333333333,1,9,0.0024723470630152226,0.2048177965473066,0.8931,0
3229,51568.34,5220.7,1313.97,0.2517,694,50,0,0,0.009666666666666629,-0.6666666666667425,-0.3333333333333333,1,21,0.006174027138838217,0.3057620236821828,0.7483,0
3230,27286.1,5431.35,1013.39,0.1866,772,21,0,0,-0.010099999999999998,4.0,0.0,0,0,0.004819751030914364,0.4456730714412072,0.8134,0
3231,93229.2,10236.7,3328.61,0.3252,734,35,0,0,-0.0013999999999999568,11.333333333333371,0.0,0,0,0.002608852451004294,0.4284421618426276,0.6748000000000001,0
3232,60230.46,13338.42,5303.51,0.3976,598,52,0,0,0.03899999999999998,-5.0,0.0,0,0,0.03640663095890335,1.0566434323649574,0.6024,1
3233,47790.6,9518.89,2600.27,0.2732,755,31,0,0,0.0073666666666666325,-3.3333333333333712,0.0,0,0,0.0039442996843546355,0.6529158452115063,0.7268,0
3234,27544.53,6372.4,759.24,0.1191,706,40,0,0,-0.00033333333333333826,6.666666666666629,-0.3333333333333333,1,57,0.002808914381037628,0.33076912171058176,0.8809,0
3235,27026.38,9028.59,2025.97,0.2244,809,49,0,0,0.046699999999999964,-6.0,0.0,0,0,0.034496702740986714,0.8995522148806231,0.7756000000000001,1
3236,38296.26,13503.03,3332.67,0.2468,597,41,0,0,-0.007699999999999957,3.3333333333333712,0.0,0,0,0.01007583743417886,1.0442805638845316,0.7532,0
3237,23498.74,6468.36,819.52,0.1267,760,48,0,0,-0.0005999999999999894,5.6666666666667425,0.0,0,0,0.0037222678272496403,0.41850073642152685,0.8733,0
3238,50660.89,4541.46,765.36,0.1685,750,64,0,0,-0.0018000000000000238,0.33333333333337123,0.0,0,0,0.0033486730373554143,0.18129014310298375,0.8315,0
3239,53244.7,12777.11,3635.4,0.2845,707,34,0,0,-0.0031999999999999806,11.0,0.0,0,0,0.004208061047296948,0.819326618239338,0.7155,0
3240,31558.55,500.0,135.38,0.2708,648,28,0,0,-0.01266666666666666,-1.3333333333333712,0.0,0,0,0.009228217596047444,0.05147765025269755,0.7292000000000001,0
3241,44433.59,4977.02,738.32,0.1483,686,42,0,0,0.0042999999999999705,-0.6666666666666288,0.0,0,0,0.0031068919803845393,0.1993950972137804,0.8517,0
3242,82554.04,2023.62,703.93,0.3479,667,58,0,0,0.011166666666666603,-2.0,0.0,0,0,0.006860656755086281,0.1023227936364123,0.6521,1
3243,85892.71,8254.32,1093.5,0.1325,646,52,0,0,-0.0012333333333333363,8.666666666666629,0.0,0,0,0.002010596926288316,0.15277198726372396,0.8674999999999999,0
3244,95156.39,4555.2,690.22,0.1515,650,32,0,0,0.015399999999999997,4.666666666666629,0.0,0,0,0.01136122792659315,0.087042394094138,0.8485,0
3245,44408.41,12851.72,2388.8,0.1859,648,21,0,0,0.005300000000000027,0.33333333333325754,-0.3333333333333333,1,19,0.005697611585373113,0.6454993545649126,0.8141,0
3246,17509.97,10138.5,6376.33,0.6289,616,21,2,55,0.14343333333333325,-5.3333333333332575,0.6666666666666666,3,55,0.10622191393493158,4.369851001889882,0.3711,1
3247,51848.18,7719.43,1883.32,0.244,736,45,0,0,0.04879999999999998,1.3333333333332575,0.0,0,0,0.03944630668530465,0.435884923921522,0.756,0
3248,55717.95,5278.78,1403.6,0.2659,655,26,0,0,-0.006166666666666654,4.3333333333332575,0.0,0,0,0.0074523113491348665,0.3022939644472288,0.7341,0
3249,34312.89,11201.29,2157.63,0.1926,658,56,0,0,-0.004933333333333317,5.333333333333371,0.0,0,0,0.006452927845387525,0.7545724067819742,0.8074,0
3250,84021.72,7713.94,1503.88,0.195,728,58,0,0,-0.0003666666666666818,4.3333333333332575,0.0,0,0,0.0032875184832602505,0.214784462843924,0.8049999999999999,0
3251,64160.71,9603.44,2282.63,0.2377,727,22,0,0,-0.006399999999999989,1.0,0.0,0,0,0.005938387360592479,0.4269210860490314,0.7623,1
3252,21811.75,10852.88,1775.33,0.1636,667,43,0,0,-0.003300000000000025,-1.6666666666666288,0.0,0,0,0.0025326753531482176,0.9767194282109123,0.8364,0
3253,42960.44,6393.71,3099.88,0.4848,622,22,0,0,0.05943333333333328,1.3333333333333712,0.0,0,0,0.050807086119949864,0.865879399503577,0.5152,1
3254,37646.46,11380.15,3130.45,0.2751,764,44,1,45,0.0015666666666666051,-1.0,0.3333333333333333,1,45,0.004967253880275402,0.9978468091827449,0.7249,0
3255,47502.92,2639.87,747.92,0.2833,825,39,0,0,0.008366666666666633,0.0,-0.6666666666666666,2,52,0.005602901034285717,0.18893659584995537,0.7167,0
3256,76777.3,13309.28,2067.38,0.1553,633,36,0,0,0.004133333333333322,-0.6666666666666288,0.0,0,0,0.0023395749851439097,0.32312363154373125,0.8447,0
3257,26159.08,7155.11,1772.47,0.2477,706,28,0,0,0.013399999999999995,2.3333333333333712,0.0,0,0,0.009348128154876779,0.8130882275004679,0.7523,0
3258,21657.71,6305.68,560.55,0.0889,761,29,0,0,-0.007266666666666657,-5.6666666666667425,0.0,0,0,0.004259988262894624,0.310586853193295,0.9111,0
3259,40185.79,5152.53,1281.88,0.2488,621,38,0,0,-0.0023666666666666836,-4.666666666666629,0.3333333333333333,1,24,0.007007634725386632,0.3827860543591794,0.7512,0
3260,50829.95,10538.87,1495.57,0.1419,759,23,0,0,0.00020000000000000573,-5.0,-0.3333333333333333,1,25,0.002823610769525037,0.3530760898990278,0.8581,0
3261,86975.26,5228.87,1258.23,0.2406,715,36,0,0,0.03176666666666669,2.6666666666667425,0.0,0,0,0.02497003203842558,0.1735983312716377,0.7594,0
3262,41143.86,11483.34,1900.71,0.1655,687,27,0,0,-0.007599999999999996,6.0,0.0,0,0,0.005178802950489629,0.5543602373075273,0.8345,0
3263,54697.58,6445.15,1941.35,0.3012,616,36,0,0,-0.02300000000000002,5.666666666666629,0.0,0,0,0.012963002909991368,0.425909153474232,0.6988,0
3264,45193.59,6059.57,1495.16,0.2467,721,27,0,0,0.01676666666666668,3.6666666666666288,0.0,0,0,0.01465430350139887,0.39700143306243174,0.7533,0
3265,72035.1,6671.58,702.21,0.1053,718,36,0,0,0.0011333333333333334,9.0,0.0,0,0,0.0017919573407620838,0.11697797321855961,0.8947,0
3266,73760.06,10051.12,3104.57,0.3089,674,41,0,0,0.004166666666666652,2.6666666666666288,0.0,0,0,0.005307567972035563,0.50508147626153,0.6911,0
3267,56124.79,1247.91,184.16,0.1476,718,44,0,0,0.0013333333333333253,-1.0,0.0,0,0,0.0037176754983606437,0.03937511391182931,0.8524,0
3268,27315.1,4841.34,1323.17,0.2733,740,33,0,0,0.002433333333333343,-1.3333333333333712,0.0,0,0,0.007617815376544055,0.5812916662587544,0.7267,0
3269,41313.19,6951.37,1973.43,0.2839,577,33,1,8,0.004633333333333378,1.3333333333333712,0.3333333333333333,2,13,0.005875963278003402,0.5732106378888068,0.7161,0
3270,40695.51,6974.8,3825.99,0.5485,738,29,0,0,0.10103333333333336,-1.3333333333333712,0.0,0,0,0.08508703060853501,1.128180479528622,0.4515,0
3271,23333.74,12045.76,1271.65,0.1056,557,27,0,0,-0.0008666666666666684,-1.0,0.0,0,0,0.0014015864027752433,0.653980030297425,0.8944,0
3272,39234.75,8725.73,2783.5,0.319,620,44,0,0,0.0036333333333333773,-4.0,0.0,0,0,0.004439438152639504,0.8513371434706212,0.681,0
3273,33466.01,500.0,113.15,0.2263,643,39,0,0,0.004733333333333339,9.666666666666742,0.0,0,0,0.0040260954340954735,0.04057250922691799,0.7737,0
3274,80980.67,8070.88,960.03,0.119,655,49,0,0,0.002633333333333321,-2.3333333333333712,0.0,0,0,0.0017241745206845432,0.14226061600000187,0.881,0
3275,19843.61,9669.31,1912.19,0.1978,686,47,0,0,0.033866666666666684,0.33333333333325754,0.0,0,0,0.0286750762858619,1.1563561260337067,0.8022,0
3276,36078.51,7365.62,1196.81,0.1625,557,29,0,0,-0.002466666666666645,-2.0,0.0,0,0,0.0038965084085342146,0.3980685453812582,0.8375,0
3277,70545.49,10324.81,3686.94,0.3571,697,53,0,0,0.003933333333333344,-5.3333333333332575,-0.3333333333333333,1,26,0.011596227834947032,0.6271595816043531,0.6429,0
3278,46111.76,12773.6,2845.87,0.2228,725,32,0,0,0.026900000000000007,0.0,-0.3333333333333333,1,23,0.02183957289977174,0.7406015296556189,0.7772,0
3279,66821.17,8032.74,907.97,0.113,689,21,0,0,-0.005299999999999985,4.3333333333332575,0.0,0,0,0.005264451010736494,0.1630567078972625,0.887,0
3280,32366.53,11095.97,2975.63,0.2682,653,21,0,0,-0.0024666666666666726,2.6666666666666288,0.0,1,14,0.004656566450842402,1.1032248432798113,0.7318,0
3281,39593.79,2849.68,464.65,0.1631,717,35,0,0,-0.0017333333333333367,-5.666666666666629,0.0,0,0,0.002596632434519755,0.14082511419871901,0.8369,0
3282,41077.28,2968.0,525.83,0.1772,670,34,0,0,-0.006066666666666665,-3.0,0.0,0,0,0.004920365840057002,0.15361192362679948,0.8228,0
3283,36919.68,8498.8,1343.41,0.1581,672,32,0,0,-0.010633333333333328,4.333333333333371,0.0,0,0,0.006810429094003129,0.43664842151286853,0.8419,0
3284,40064.05,5564.17,1697.01,0.305,655,29,0,0,0.004166666666666652,-1.0,0.0,0,0,0.004829711286517168,0.508289101923059,0.6950000000000001,0
3285,59484.52,5634.8,1435.65,0.2548,727,40,0,0,-0.0045999999999999375,-1.0,0.0,0,0,0.006949280538300372,0.28961820649346387,0.7452,0
3286,58141.64,6470.4,3522.87,0.5445,549,26,0,0,0.07013333333333327,3.0,0.0,0,0,0.05675162503791802,0.727094041228883,0.4555,0
3287,32278.61,14804.64,3585.73,0.2422,662,37,1,41,-0.003533333333333305,5.333333333333371,0.3333333333333333,1,41,0.003988455562968913,1.3330425313854435,0.7578,0
3288,36654.68,6800.39,3407.42,0.5011,704,43,0,0,0.0843666666666667,4.333333333333371,0.0,0,0,0.07007207004220725,1.115520309728901,0.4989,0
3289,35564.82,10480.41,1859.17,0.1774,592,60,0,0,0.008866666666666662,7.666666666666629,0.0,0,0,0.006129731732393434,0.6273064222586343,0.8226,0
3290,46698.25,11264.03,1806.7,0.1604,733,21,0,0,-0.007300000000000029,2.3333333333333712,0.0,0,0,0.006118823416311333,0.46426579142534913,0.8396,0
3291,75309.39,8255.6,2447.72,0.2965,741,21,0,0,-0.00883333333333336,2.0,0.0,0,0,0.0073494897782090925,0.3900262635950136,0.7035,0
3292,89352.73,11762.74,1450.11,0.1233,674,45,0,0,0.003233333333333324,-1.0,0.0,0,0,0.004014072467928024,0.19474861034087057,0.8767,0
3293,74008.54,1312.43,414.76,0.316,738,25,0,0,0.004833333333333356,-4.666666666666629,0.0,0,0,0.0069072425757316655,0.0672506172827216,0.6839999999999999,0
3294,20064.39,9419.83,1813.67,0.1925,706,54,0,0,0.0009000000000000119,-6.333333333333371,0.0,0,0,0.0037841775856849043,1.084709776224619,0.8075,0
3295,25939.48,5051.74,1638.76,0.3244,643,62,0,0,0.005366666666666686,-1.0,-0.3333333333333333,1,24,0.00508702052067591,0.7581154283317405,0.6756,0
3296,36588.9,9419.3,1321.93,0.1403,650,37,0,0,-0.0072666666666666435,6.666666666666629,0.0,0,0,0.004822862220714997,0.4335511588158536,0.8597,0
3297,38450.44,11676.99,2295.21,0.1966,658,32,0,0,-0.008700000000000013,1.6666666666667425,0.0,0,0,0.006191930232165092,0.7163122188303763,0.8034,0
3298,39155.95,2865.87,923.18,0.3221,582,21,0,0,-0.01589999999999997,8.0,0.0,0,0,0.011736457917295355,0.2829240510472843,0.6779,0
3299,31226.23,13856.46,2086.65,0.1506,847,59,0,0,-0.009000000000000008,-1.6666666666666288,0.0,0,0,0.00615740295182237,0.8018835443912825,0.8493999999999999,0
3300,50746.54,7840.5,2401.08,0.3062,702,49,0,0,0.0035666666666666624,3.3333333333333712,0.0,0,0,0.0036175882082465603,0.5677817639032458,0.6938,0
3301,49396.48,7090.03,2111.39,0.2978,660,46,0,0,0.011666666666666714,2.3333333333333712,0.0,0,0,0.007986881605343707,0.5129248074730203,0.7021999999999999,0
3302,34144.56,5270.59,2218.0,0.4208,718,41,0,0,0.0417333333333334,-0.33333333333337123,0.0,0,0,0.035251079573696935,0.7795092392652269,0.5791999999999999,0
3303,56250.01,9964.59,948.64,0.0952,649,37,0,0,-0.002166666666666664,2.0,0.0,0,0,0.0052628678282641405,0.20237649731211568,0.9048,0
3304,58295.09,5512.03,691.62,0.1255,595,42,0,0,-0.005099999999999993,-9.0,-0.3333333333333333,1,13,0.003036079343129519,0.142369451668941,0.8745,0
3305,75224.43,9972.11,2244.84,0.2251,684,39,0,0,-0.0054666666666666475,4.0,0.0,1,8,0.006985162847063768,0.35810281308482855,0.7749,0
3306,42670.74,11773.09,1231.22,0.1046,656,40,0,0,-0.006033333333333335,-6.333333333333371,0.0,0,0,0.003666401505563733,0.3462475690800073,0.8954,0
3307,51698.49,3059.19,981.76,0.3209,652,39,0,0,0.056933333333333336,-0.6666666666666288,0.0,1,50,0.043589613951541754,0.22788131717706697,0.6791,0
3308,36490.4,7621.3,1778.39,0.2333,698,21,0,0,0.0030333333333333323,3.0,0.0,0,0,0.004951711264244348,0.5848299824880527,0.7666999999999999,0
3309,77657.64,9249.8,2992.63,0.3235,626,53,0,0,0.0048000000000000265,1.3333333333333712,0.0,0,0,0.0035487478229808316,0.4624343463753313,0.6765,0
3310,35148.2,500.0,86.39,0.1728,571,63,0,0,0.006833333333333302,2.3333333333333712,0.0,0,0,0.007894935085230271,0.029494540250882426,0.8271999999999999,0
3311,26838.11,11325.18,2880.49,0.2543,642,37,0,0,0.007566666666666638,4.0,0.0,0,0,0.004763693711583248,1.2879401710681087,0.7457,0
3312,69234.64,556.7,161.4,0.2899,707,48,0,0,0.0016999999999999793,4.333333333333371,0.0,1,49,0.004227719374687871,0.027974435913356476,0.7101,0
3313,36075.92,16488.31,2413.32,0.1464,576,28,0,0,0.002833333333333299,-8.0,0.0,0,0,0.003017449253922929,0.8027470953025464,0.8536,0
3314,45682.05,500.0,102.96,0.2059,620,36,0,0,-0.0013999999999999846,1.3333333333333712,0.0,0,0,0.005871778076339204,0.027046071699397184,0.7941,0
3315,47781.58,12821.29,2457.12,0.1916,700,35,0,0,-0.002333333333333326,5.0,0.0,0,0,0.002306933992216608,0.6170880073993983,0.8084,0
3316,48140.34,9903.27,3374.98,0.3408,776,65,0,0,-0.008533333333333393,2.6666666666667425,0.0,0,0,0.0075619295009790866,0.8412852919174352,0.6592,0
3317,48066.4,6481.98,1734.97,0.2677,769,23,0,0,-0.00940000000000002,2.0,0.0,0,0,0.005698464705514979,0.43314331830139724,0.7323,0
3318,54809.39,7223.26,1855.79,0.2569,774,21,0,0,-0.0024666666666666726,-2.0,0.0,0,0,0.008576437359287236,0.4063077511923469,0.7431,0
3319,30025.18,13502.11,2242.44,0.1661,605,33,0,0,-0.005266666666666642,-14.333333333333371,-0.3333333333333333,1,12,0.0030301723456669,0.8962237691579307,0.8339,0
3320,40522.32,6507.7,892.51,0.1371,775,54,0,0,0.0049000000000000155,-4.0,-0.3333333333333333,1,38,0.002572450193881309,0.26430174769925263,0.8629,0
3321,59987.47,8338.05,4271.38,0.5123,610,38,0,0,0.08863333333333334,0.33333333333337123,-0.3333333333333333,1,22,0.07523780816702316,0.8544544383976611,0.4877,1
3322,110158.15,500.0,126.55,0.2531,708,28,0,0,0.032800000000000024,4.333333333333371,0.0,0,0,0.023422413292494962,0.013785634561170212,0.7469,0
3323,41246.14,4316.61,553.43,0.1282,677,42,0,0,0.0022999999999999965,0.6666666666666288,0.0,0,0,0.002732672684387948,0.1610128850376749,0.8718,0
3324,61823.03,6236.31,729.72,0.117,737,35,0,0,-0.0015333333333333171,-1.3333333333333712,0.0,0,0,0.0030590031055884913,0.14164042102595611,0.883,0
3325,49398.71,12029.08,2618.77,0.2177,725,37,0,0,-0.00020000000000000573,1.3333333333332575,0.0,0,0,0.0027698275116773007,0.6361550735305869,0.7823,0
3326,52013.43,3606.29,2147.2,0.5954,622,36,1,18,0.09413333333333335,-2.6666666666667425,0.3333333333333333,2,48,0.07884992778126756,0.4953797508461841,0.40459999999999996,0
3327,46525.72,14997.57,3921.71,0.2615,695,34,0,0,0.00033333333333335213,11.0,0.0,0,0,0.003687516478305922,1.0114947170696567,0.7384999999999999,0
3328,46567.04,15518.13,1981.77,0.1277,564,23,0,0,-6.666666666665932e-05,-5.0,0.0,0,0,0.0014169607537888197,0.5106882463191077,0.8723,0
3329,78678.24,5088.41,811.68,0.1595,574,21,0,0,-0.0034666666666666734,3.6666666666666288,0.0,0,0,0.004795078495476141,0.12379738029872592,0.8405,0
3330,44449.76,4269.49,1708.63,0.4002,678,51,0,0,0.06180000000000002,-0.33333333333337123,0.0,0,0,0.05181772004933359,0.4612749313936611,0.5998,0
3331,86030.07,2238.58,972.32,0.4343,698,53,0,0,0.03856666666666664,11.666666666666629,0.0,0,0,0.04214882692449591,0.13562513663388276,0.5657,0
3332,81349.99,500.0,108.47,0.2169,588,28,0,0,0.0039000000000000146,2.0,0.0,0,0,0.0031088583113419604,0.016000493667030494,0.7831,0
3333,63511.43,17400.52,3795.96,0.2182,554,37,0,0,0.04253333333333334,-1.3333333333333712,0.0,0,0,0.03601012974767579,0.7172176723369854,0.7818,1
3334,85519.38,14128.54,4144.98,0.2934,689,32,0,0,-0.002366666666666628,-1.6666666666666288,0.0,0,0,0.007044639411953223,0.5816197450568579,0.7066,0
3335,45002.52,6304.05,850.1,0.1348,647,48,0,0,0.002433333333333343,0.0,0.0,1,54,0.0034632996469327456,0.2266806391570924,0.8652,0
3336,30125.34,10560.33,2323.43,0.22,780,59,0,0,0.006833333333333358,-2.0,0.0,0,0,0.004691244800453043,0.9255052387423324,0.78,0
3337,68702.94,8800.6,1633.32,0.1856,611,33,0,0,0.007233333333333314,4.666666666666629,0.0,0,0,0.004236481768847557,0.2852838611648438,0.8144,0
3338,37001.06,7647.41,1450.9,0.1897,686,21,0,0,-0.0012999999999999678,-1.6666666666666288,0.0,0,0,0.0036482872693909428,0.4705486814257056,0.8103,0
3339,53715.05,4491.65,941.14,0.2095,624,53,0,0,-0.0058,2.3333333333332575,0.0,1,52,0.005687876971634013,0.2102516891909619,0.7905,0
3340,59526.37,5886.53,1920.6,0.3263,582,40,0,0,-0.012866666666666693,1.3333333333333712,0.0,0,0,0.00982980162566875,0.38717630514600304,0.6737,0
3341,61760.63,9250.18,2103.73,0.2274,663,50,0,0,-0.00853333333333331,-1.0,0.3333333333333333,1,53,0.004646504062195578,0.4087516593515153,0.7726,0
3342,68558.25,500.0,100.42,0.2008,618,49,0,0,-0.0038333333333333275,1.6666666666666288,0.0,0,0,0.0034193485409423287,0.01757687805317489,0.7992,0
3343,25332.57,7938.64,1764.73,0.2223,694,58,0,0,0.0035999999999999643,9.333333333333258,0.0,0,0,0.0069446022204299115,0.8359499249372883,0.7777000000000001,0
3344,150630.21,12187.9,3335.85,0.2737,606,29,0,0,0.03823333333333334,6.0,0.0,0,0,0.028109962646720107,0.26575147174534897,0.7263,0
3345,80629.03,5156.42,779.29,0.1511,729,36,0,0,-0.005900000000000016,3.0,0.0,0,0,0.006491939446558139,0.11598155154053348,0.8489,0
3346,29409.37,7398.17,2046.64,0.2766,696,32,0,0,0.0286666666666667,-1.0,0.0,0,0,0.024269465269025712,0.8350971132662426,0.7234,0
3347,75107.2,6275.83,598.58,0.0954,713,56,0,0,-0.0006333333333333191,6.0,-0.3333333333333333,1,42,0.0015158422667869449,0.09563610411321906,0.9046,0
3348,32481.56,8216.15,1144.06,0.1392,649,44,0,0,0.001899999999999985,-0.33333333333337123,0.0,0,0,0.002060946384552492,0.42266196558687624,0.8608,0
3349,68602.0,9230.75,1392.51,0.1509,612,45,0,0,0.005966666666666676,3.0,0.0,0,0,0.0056311139612375515,0.24358065358265113,0.8491,0
3350,41639.01,2804.26,682.55,0.2434,611,45,0,0,-0.011366666666666692,-7.3333333333332575,0.3333333333333333,1,18,0.007107918119956085,0.19670496483080505,0.7565999999999999,0
3351,71499.19,11125.29,1843.34,0.1657,733,37,0,0,-0.005466666666666675,5.333333333333371,0.0,0,0,0.007160093885169689,0.30937525301038366,0.8343,0
3352,118614.19,3150.17,467.68,0.1485,653,21,0,0,0.003799999999999998,-4.666666666666629,0.0,0,0,0.0028200669810800215,0.047314406475584644,0.8515,0
3353,50655.09,8871.06,2815.94,0.3174,770,57,0,0,0.0033666666666666845,-0.33333333333325754,0.0,0,0,0.0035005158350036075,0.6670855780138772,0.6826,0
3354,29884.54,9790.15,2238.39,0.2286,743,39,0,0,-0.010499999999999954,4.333333333333371,0.0,0,0,0.008652600765087897,0.8988152398937449,0.7714,0
3355,31285.19,6244.59,3111.24,0.4982,657,25,0,0,0.06176666666666669,1.3333333333333712,0.0,0,0,0.05604826045471885,1.1933723268319463,0.5018,0
3356,45323.24,5152.94,1924.24,0.3734,696,23,0,0,0.020833333333333315,3.0,0.0,0,0,0.013784754058177615,0.5094710791612945,0.6266,0
3357,78293.71,6383.42,841.88,0.1319,744,52,0,0,-0.0013333333333333253,2.0,0.0,0,0,0.0024284768889161743,0.12903412034570325,0.8681,0
3358,41892.39,6607.27,1501.17,0.2272,556,33,0,0,0.004766666666666641,5.0,0.0,0,0,0.003056459462260945,0.43000745469141083,0.7727999999999999,0
3359,56888.37,10147.97,5165.81,0.509,850,31,0,0,0.07150000000000001,0.0,0.0,0,0,0.05373255789349488,1.0896729856546061,0.491,0
3360,48463.84,10635.84,1925.03,0.181,652,37,0,0,0.005299999999999999,5.3333333333332575,0.0,0,0,0.005512057490427484,0.4766514579587623,0.819,0
3361,58234.76,10997.55,1559.63,0.1418,622,36,0,0,-0.0021333333333333204,-3.3333333333333712,0.0,0,0,0.0019814416749203414,0.32138125058201367,0.8582,0
3362,46942.29,5638.93,1644.7,0.2917,767,43,0,0,-0.004699999999999982,9.666666666666742,0.0,0,0,0.004948681081302821,0.4204396503654748,0.7082999999999999,0
3363,63076.66,13962.21,4602.15,0.3296,711,44,0,0,-0.00273333333333331,10.666666666666629,0.0,0,0,0.005987695717051765,0.8755346270632208,0.6704,0
3364,80176.77,9747.12,1724.0,0.1769,672,31,0,0,0.01999999999999999,-0.6666666666667425,0.0,0,0,0.01577218895538739,0.2580298507523269,0.8230999999999999,1
3365,25957.58,8561.37,4414.78,0.5157,606,21,0,0,0.10720000000000002,-8.0,-0.3333333333333333,1,29,0.09295787725870491,2.0409206087589427,0.48429999999999995,0
3366,23104.88,11046.0,1371.1,0.1241,609,40,0,0,-0.0051666666666666805,-6.3333333333332575,0.3333333333333333,1,46,0.008634153757671396,0.7121093029461605,0.8759,0
3367,25410.36,12256.96,4025.93,0.3285,615,48,0,0,0.014733333333333376,-8.0,0.0,0,0,0.01046149022739006,1.9012387064640222,0.6715,0
3368,70122.13,9652.03,2131.11,0.2208,678,44,0,0,-0.008233333333333315,2.6666666666666288,0.0,0,0,0.004723463889044898,0.36469685098874827,0.7792,0
3369,77274.45,6120.34,1298.85,0.2122,635,30,0,0,-0.016999999999999987,6.0,0.0,0,0,0.01521359954485169,0.20169926796735024,0.7878000000000001,0
3370,32661.23,7353.28,2663.16,0.3622,676,45,0,0,0.03970000000000001,0.6666666666666288,0.0,0,0,0.03488720316168156,0.9784665178947151,0.6377999999999999,1
3371,66308.64,2570.9,693.25,0.2697,721,32,0,0,-0.006300000000000028,-4.0,0.0,0,0,0.01381032222650869,0.12545876372211062,0.7303,0
3372,58726.04,3202.67,822.93,0.257,634,35,0,0,0.0006666666666667043,10.666666666666742,0.0,0,0,0.009033410208774972,0.1681564089453694,0.743,0
3373,61973.14,14422.25,4880.57,0.3384,767,34,0,0,0.04733333333333328,7.0,0.0,0,0,0.040014834054940746,0.945035865354887,0.6616,0
3374,45678.86,18333.27,8240.67,0.4495,654,34,0,0,0.0662666666666667,-3.6666666666666288,0.0,0,0,0.058208654854755085,2.1648535005913403,0.5505,0
3375,64978.99,8777.21,2803.13,0.3194,663,35,0,0,0.00023333333333330764,-6.333333333333371,0.0,0,0,0.0035885620766231323,0.5176682492877772,0.6806,0
3376,53462.81,4156.35,1335.14,0.3212,599,35,0,0,0.011333333333333306,0.6666666666666288,0.0,0,0,0.006206134957532841,0.2996789730357206,0.6788000000000001,0
3377,19958.14,6844.06,1466.11,0.2142,765,39,0,0,-0.004333333333333328,2.0,0.0,0,0,0.0032401560319082093,0.8815110019982757,0.7858,0
3378,34509.37,2052.11,214.29,0.1044,658,24,0,0,-0.0002333333333333215,-2.0,0.0,0,0,0.0009974968671629982,0.0745154141934731,0.8956,0
3379,88692.9,12644.74,3983.64,0.315,633,27,0,0,-0.004500000000000004,5.6666666666667425,0.0,0,0,0.006659767263200708,0.5389797829762274,0.685,0
3380,42052.13,3779.34,940.34,0.2488,712,45,0,0,0.007666666666666655,1.3333333333333712,-0.3333333333333333,1,11,0.0038171033229109376,0.26833551586518867,0.7512,0
3381,37923.44,10529.98,1963.17,0.1864,713,34,0,0,0.004166666666666707,0.0,0.0,0,0,0.0046341126442933965,0.6211999753330816,0.8136,0
3382,98006.13,10789.89,2350.23,0.2178,635,37,0,0,0.0036666666666666514,1.3333333333333712,0.0,0,0,0.004866210024238569,0.2877652652599058,0.7822,0
3383,65427.14,9987.61,6186.22,0.6194,671,27,1,30,0.1130666666666666,-5.3333333333332575,0.3333333333333333,1,30,0.08461896950447932,1.1346153902858145,0.38060000000000005,1
3384,33438.24,8185.98,928.84,0.1135,649,26,0,0,0.0030000000000000027,-1.0,0.0,0,0,0.0027915547241237773,0.33333333321370984,0.8865,0
3385,46226.84,9767.67,2565.35,0.2626,592,31,0,0,0.0064333333333333464,0.0,0.0,0,0,0.006140439723668012,0.6659377970029695,0.7374,0
3386,36160.74,7670.78,2377.56,0.3099,622,39,0,0,-0.008799999999999975,3.6666666666667425,0.0,0,0,0.007519160709665512,0.7889971275624347,0.6900999999999999,0
3387,70357.96,10539.62,3916.75,0.3716,740,26,0,0,0.010000000000000009,-1.6666666666666288,0.0,0,0,0.008836257377670987,0.6680267590473583,0.6284000000000001,0
3388,28852.3,6855.51,840.59,0.1226,728,41,0,0,-0.0005333333333333162,7.333333333333371,0.0,0,0,0.0010883218478209662,0.3496109494149399,0.8774,0
3389,39474.4,8938.2,3111.78,0.3481,617,31,0,0,0.06420000000000003,-5.0,0.0,0,0,0.05716905728723461,0.945963966232506,0.6518999999999999,1
3390,47197.6,3805.92,1091.02,0.2867,617,23,0,0,0.0031666666666667065,0.0,0.0,0,0,0.003054413928144726,0.2773920707127332,0.7133,0
3391,27686.11,12994.8,4038.51,0.3108,731,47,0,0,0.010866666666666636,1.0,0.0,0,0,0.007545712542747552,1.7504127513397532,0.6892,0
3392,63100.0,6751.87,1081.81,0.1602,647,41,0,0,-0.0032666666666666677,3.6666666666666288,0.0,0,0,0.0025680732076792515,0.20573248807497954,0.8398,0
3393,51205.84,9242.02,1696.71,0.1836,756,30,0,0,-0.015199999999999991,2.0,0.0,0,0,0.008170492301229133,0.39762105250550617,0.8164,0
3394,54478.39,4849.4,3310.49,0.6827,651,38,0,0,0.15206666666666663,1.3333333333333712,0.3333333333333333,1,30,0.11149959018360163,0.7292043687643769,0.3173,1
3395,50666.55,7627.33,2191.85,0.2874,681,39,0,0,-0.0005333333333333301,1.6666666666666288,0.0,0,0,0.004356891093428893,0.5191235636484132,0.7126,0
3396,88920.45,8762.61,1361.11,0.1553,702,66,0,0,0.002433333333333315,3.3333333333333712,0.0,0,0,0.0022670342839146433,0.18368463045110303,0.8447,0
3397,50969.2,6802.64,1456.88,0.2142,737,37,0,0,0.009266666666666645,-7.333333333333371,0.0,0,0,0.006784008975360931,0.34300244060891616,0.7858,0
3398,26519.8,1696.94,275.98,0.1626,636,52,0,0,-0.0053666666666666585,4.6666666666667425,0.0,0,0,0.0038395963329495913,0.12487876976830352,0.8374,0
3399,91178.31,14373.62,1664.96,0.1158,741,68,0,0,0.0012999999999999956,5.0,0.0,0,0,0.002029778313018444,0.21912579863972573,0.8842,0
3400,66343.19,5243.88,752.79,0.1436,813,53,0,0,6.666666666665932e-05,-1.0,0.0,0,0,0.0016560495161679226,0.13616288270681653,0.8564,0
3401,89528.47,14073.31,2220.24,0.1578,582,40,0,0,-0.011300000000000032,3.3333333333333712,0.0,0,0,0.006070923415026035,0.29759114610613696,0.8422000000000001,0
3402,57224.51,13970.19,5716.89,0.4092,690,36,0,0,0.06706666666666661,5.0,0.0,0,0,0.053680282951729844,1.1988338560804452,0.5908,0
3403,67625.64,1203.6,229.9,0.191,662,37,0,0,-0.013400000000000023,1.6666666666666288,0.0,0,0,0.010128356782376455,0.04079517767980396,0.8089999999999999,0
3404,24029.31,1844.37,571.16,0.3097,807,25,0,0,-0.005699999999999983,0.0,0.0,0,0,0.007740334474541651,0.2852316606917643,0.6903,0
3405,42928.16,1209.66,328.17,0.2713,653,53,0,0,0.03516666666666668,1.0,0.0,0,0,0.02856170707627804,0.09173558798930989,0.7287,0
3406,55229.94,5397.6,1197.46,0.2218,618,33,0,0,-0.007933333333333348,-4.666666666666629,0.3333333333333333,1,14,0.006782882867925712,0.2601762738992272,0.7782,0
3407,58774.92,4353.71,1391.57,0.3196,656,41,0,0,0.0076666666666667105,9.0,0.0,1,7,0.0052203927055347365,0.28411506126406666,0.6804,0
3408,42390.11,6877.02,1913.52,0.2782,703,30,0,0,-0.013833333333333364,4.3333333333332575,0.0,0,0,0.008118155236532762,0.5416886154223175,0.7218,0
3409,47461.84,1059.52,560.27,0.5288,700,25,0,0,0.08216666666666667,10.333333333333371,-0.3333333333333333,1,11,0.06001220709155761,0.1416556964142168,0.47119999999999995,0
3410,70534.38,7059.32,1191.8,0.1688,661,47,0,0,0.007266666666666671,5.333333333333371,0.0,0,0,0.0055396299515401036,0.20276069623872597,0.8311999999999999,0
3411,67720.37,4020.65,1141.55,0.2839,704,63,0,0,0.010633333333333328,1.6666666666667425,0.0,0,0,0.00741666666666664,0.2022818244727933,0.7161,0
3412,65600.26,8425.2,1828.43,0.217,767,21,0,0,0.03730000000000003,6.666666666666629,0.0,0,0,0.034259017466614215,0.334467576744153,0.783,0
3413,41591.37,3339.55,734.95,0.2201,675,23,0,0,0.008366666666666689,2.0,0.0,0,0,0.0061525288387061575,0.21204879756198017,0.7799,0
3414,106868.5,9845.62,1947.3,0.1978,810,44,0,0,-0.008033333333333337,0.6666666666667425,0.0,0,0,0.00799319154725514,0.21865750897014655,0.8022,0
3415,43837.09,1708.99,423.94,0.2481,586,49,0,0,0.0010000000000000009,4.333333333333371,0.0,0,0,0.0057338904768054295,0.11604967388591268,0.7519,0
3416,43798.0,3245.9,470.06,0.1448,731,48,0,0,0.0030666666666666897,6.666666666666629,0.0,0,0,0.004158425182686347,0.1287894424050077,0.8552,0
3417,50251.91,5362.85,1048.27,0.1955,720,39,0,0,-0.009099999999999997,4.0,0.0,0,0,0.0076027590021284135,0.25032361948025683,0.8045,0
3418,49615.22,12862.42,3338.8,0.2596,684,28,0,0,0.006366666666666743,-1.0,0.0,0,0,0.005121306256979535,0.8075263999698012,0.7404,0
3419,61324.32,11495.27,3101.66,0.2698,742,21,0,0,0.015566666666666645,0.0,0.0,0,0,0.008663348723854481,0.6069357147819457,0.7302,0
3420,68065.0,12608.4,2551.34,0.2024,667,42,0,0,0.02773333333333336,2.0,0.0,0,0,0.02269591250521654,0.44980650840523506,0.7976,0
3421,26066.12,9845.88,3252.41,0.3303,633,40,0,0,-0.008366666666666633,2.6666666666666288,0.0,0,0,0.008227393268830653,1.4973045463625712,0.6697,0
3422,23587.46,8446.73,2182.75,0.2584,652,30,0,0,0.008366666666666661,2.3333333333332575,0.0,0,0,0.007673077030182286,1.1104629318576245,0.7416,0
3423,22833.78,2459.77,845.35,0.3437,727,30,0,0,0.010533333333333339,1.0,0.0,0,0,0.01741350050966204,0.4442628419240637,0.6563,0
3424,119370.42,14648.19,4289.25,0.2928,626,32,0,0,0.003200000000000036,3.0,0.0,0,0,0.011402679996874056,0.4311872237261606,0.7072,0
3425,41615.47,10125.26,2366.66,0.2337,748,21,0,0,-0.008266666666666672,1.6666666666667425,0.0,0,0,0.005445972007925769,0.6824366033066732,0.7663,0
3426,46972.35,9193.4,3068.32,0.3338,729,50,1,37,0.00023333333333341866,1.0,0.3333333333333333,1,37,0.0064158224552880025,0.7838619952076842,0.6662,0
3427,53373.17,10707.07,2553.93,0.2385,519,43,0,0,0.001366666666666655,1.0,0.0,0,0,0.004070933553866959,0.5742053543589323,0.7615000000000001,0
3428,43030.35,4815.82,610.48,0.1268,527,26,0,0,-0.0012333333333333363,4.6666666666667425,0.0,0,0,0.004302905994790029,0.17024634933150776,0.8732,0
3429,71274.52,7192.75,1207.11,0.1678,623,21,0,0,-0.005333333333333357,3.0,0.0,0,0,0.004310194633398555,0.2032327962020818,0.8322,0
3430,33572.5,8692.93,1360.15,0.1565,601,56,0,0,-0.005899999999999989,-12.333333333333371,0.6666666666666666,2,48,0.0042333333333333355,0.4861657604934399,0.8435,0
3431,107597.72,13836.66,5128.48,0.3706,715,21,0,0,0.0013333333333332975,0.33333333333337123,0.0,1,19,0.012770963158665839,0.5719615619470045,0.6294,0
3432,83402.7,5615.34,1030.49,0.1835,569,43,0,0,-0.003133333333333349,-4.0,0.0,0,0,0.005571604596323919,0.14826714240930802,0.8165,0
3433,69333.42,4496.07,481.33,0.1071,782,50,0,0,-0.000899999999999998,2.3333333333333712,0.0,0,0,0.0024949949899749305,0.08330701123643282,0.8929,0
3434,39677.38,3495.54,642.81,0.1839,737,23,0,0,-0.013866666666666694,9.0,0.0,0,0,0.009102899415998044,0.19441102203993982,0.8161,0
3435,36503.79,5304.88,1378.12,0.2598,679,32,0,0,0.028833333333333322,-7.333333333333371,0.0,1,53,0.023046064981057216,0.4530335067828189,0.7402,0
3436,41225.37,15571.91,2020.32,0.1297,698,36,0,0,-0.0009666666666666712,5.0,0.0,0,0,0.0018731286958217975,0.5880805919496425,0.8703,1
3437,54132.1,3577.09,576.4,0.1611,636,44,0,0,0.02516666666666667,-4.0,-0.6666666666666666,2,47,0.019455147847749137,0.127776310146229,0.8389,0
3438,68827.78,2673.96,1087.46,0.4067,717,30,0,0,0.03529999999999994,5.333333333333371,0.0,0,0,0.030215434797467338,0.18959670060148445,0.5932999999999999,0
3439,30542.88,9063.83,2171.89,0.2396,734,42,0,0,-0.0004666666666666708,-10.0,0.0,0,0,0.00399106641276628,0.8533144218803277,0.7604,0
3440,47523.83,10240.22,1065.4,0.104,637,34,0,0,-0.002966666666666673,-4.0,0.0,1,57,0.002249320885166106,0.2690187216975521,0.896,0
3441,28026.89,7469.23,1420.51,0.1902,716,21,0,0,0.0031666666666666787,3.6666666666667425,0.0,0,0,0.006037590579030682,0.6082059048542856,0.8098,0
3442,28611.58,11644.79,3186.12,0.2736,706,38,0,0,0.0069666666666666766,-6.0,0.3333333333333333,1,48,0.003964775459524099,1.3362925075778578,0.7263999999999999,0
3443,58244.5,6911.72,1135.94,0.1643,635,21,0,0,0.00036666666666665404,-1.6666666666666288,-0.3333333333333333,1,49,0.004072161588149448,0.23403548828115228,0.8357,0
3444,63013.24,9456.05,1786.58,0.1889,764,51,0,0,0.0007666666666666933,-6.0,0.0,0,0,0.003511686837467786,0.34022945012694544,0.8110999999999999,0
3445,72765.22,14863.25,2603.77,0.1752,682,27,0,0,0.023366666666666674,5.3333333333332575,0.0,0,0,0.02054808047266487,0.4293980007872885,0.8248,0
3446,32317.88,6090.51,1050.02,0.1724,695,39,0,0,0.0071666666666666545,-3.0,0.0,1,20,0.004249836598165991,0.38988448485239086,0.8276,0
3447,71568.47,10068.21,4563.35,0.4532,731,60,0,0,0.0507333333333333,5.3333333333332575,-0.3333333333333333,1,35,0.0375741932714463,0.7651442037369008,0.5468,0
3448,42050.47,10012.41,2118.51,0.2116,597,22,0,0,0.0009333333333333416,7.3333333333332575,0.0,0,0,0.002529218148844508,0.6045620891453831,0.7884,0
3449,54694.49,3166.31,673.07,0.2126,650,21,0,0,0.0053666666666666585,0.0,0.0,0,0,0.005549499476929829,0.1476719135369566,0.7874,0
3450,29440.62,8240.05,4102.42,0.4979,671,42,0,0,0.06506666666666666,0.6666666666666288,0.0,1,44,0.0608249537607716,1.67214684948667,0.5021,0
3451,53786.51,500.0,64.49,0.129,581,36,0,0,0.004366666666666658,1.0,0.0,0,0,0.0027632006401594853,0.014387994309862156,0.871,0
3452,73991.85,13407.44,2033.06,0.1516,667,43,0,0,-0.008699999999999986,0.33333333333337123,0.0,0,0,0.010304381484484058,0.3297217192980489,0.8484,0
3453,104043.16,8725.81,2379.21,0.2727,676,51,0,0,-0.007533333333333281,9.333333333333371,0.0,0,0,0.005723805066950165,0.2744103504421345,0.7273000000000001,0
3454,30002.78,8690.66,2687.81,0.3093,713,42,0,0,-0.008733333333333315,1.0,0.0,0,0,0.011079485547623558,1.0750243806440507,0.6907,0
3455,50318.59,4798.17,736.56,0.1535,625,34,0,0,-0.007166666666666682,9.0,0.0,0,0,0.006006246748178097,0.17565516040676293,0.8465,0
3456,32639.92,10024.58,3441.7,0.3433,543,36,0,0,-0.00500000000000006,-11.666666666666742,-0.3333333333333333,1,27,0.004323321768167526,1.2653339831965271,0.6567000000000001,0
3457,63513.08,5118.53,1501.8,0.2934,671,39,0,0,-0.015333333333333365,-0.33333333333337123,0.0,0,0,0.010954907576059207,0.28374627709119193,0.7066,0
3458,29550.81,2246.3,857.08,0.3816,689,21,0,0,0.015099999999999947,-0.6666666666666288,-0.3333333333333333,1,18,0.0146404500537988,0.3480432514649677,0.6184000000000001,1
3459,38242.49,3595.8,722.52,0.2009,648,44,0,0,0.0008999999999999841,-8.333333333333258,0.6666666666666666,2,44,0.004637018917844131,0.22671745478077895,0.7991,0
3460,31626.37,3274.45,745.23,0.2276,665,37,0,0,0.031399999999999983,7.6666666666667425,0.0,0,0,0.0283770055581001,0.2827627703276363,0.7724,0
3461,25912.82,8171.42,3110.92,0.3807,658,21,0,0,0.04246666666666665,7.666666666666629,0.0,0,0,0.04778807673235847,1.4406398061929317,0.6193,0
3462,52488.78,1587.67,452.08,0.2847,683,21,0,0,-0.0010333333333333306,1.0,0.0,0,0,0.0034285565475867504,0.10335465977223597,0.7153,0
3463,93388.43,13099.71,2632.48,0.201,655,38,0,0,-0.0011666666666666492,4.666666666666629,0.0,0,0,0.002446482736047356,0.3382620309169011,0.7989999999999999,0
3464,81883.19,13543.87,4230.17,0.3123,795,46,0,0,0.048433333333333356,4.333333333333371,0.0,1,20,0.04192848077381292,0.6199323694223541,0.6877,1
3465,47887.39,5295.52,1711.2,0.3231,683,21,0,0,0.0008333333333332971,8.666666666666629,0.0,0,0,0.005448343275202498,0.4288059966278039,0.6769000000000001,0
3466,45170.17,9516.53,1666.29,0.1751,701,52,0,0,0.0020333333333333314,-1.0,-0.3333333333333333,2,22,0.003761353184397568,0.4426700186137878,0.8249,0
3467,29985.48,8993.19,2971.89,0.3305,753,53,0,0,0.042800000000000005,2.6666666666667425,0.0,0,0,0.029155821793330476,1.1893316360361088,0.6695,0
3468,53083.31,8339.62,2729.46,0.3273,714,36,0,0,-0.005766666666666698,2.6666666666667425,0.0,0,0,0.004495553358597802,0.6170210560079195,0.6727000000000001,0
3469,82305.38,2454.29,440.39,0.1794,634,51,0,0,-0.004233333333333367,0.0,0.0,0,0,0.005325358621205186,0.06420819634426694,0.8206,0
3470,48142.14,11134.44,2766.0,0.2484,611,32,0,0,-0.015666666666666662,4.333333333333371,0.0,0,0,0.007467094481791395,0.6894583413144182,0.7516,0
3471,64516.93,18818.92,3765.36,0.2001,849,21,0,0,-0.0016333333333333477,-0.33333333333337123,0.0,0,0,0.004534589286804259,0.7003482650460247,0.7999,0
3472,44912.59,9503.85,2177.22,0.2291,735,28,0,0,0.005100000000000021,8.666666666666629,0.0,0,0,0.005145143341054734,0.5817219624390252,0.7709,0
3473,48607.07,13922.98,5000.31,0.3591,606,55,0,0,0.07043333333333329,0.6666666666666288,0.0,0,0,0.05621525099512092,1.2344648625228065,0.6409,1
3474,30613.19,7343.47,2438.29,0.332,687,21,0,0,0.005966666666666676,-5.3333333333332575,0.3333333333333333,1,6,0.00896327383146233,0.955780171505506,0.6679999999999999,0
3475,36525.57,2915.84,1392.13,0.4774,746,28,0,0,0.07136666666666663,6.0,0.0,0,0,0.05691916295160274,0.45736616826271587,0.5226,0
3476,51638.98,10232.31,1859.54,0.1817,739,44,0,0,0.00023333333333330764,4.666666666666629,0.0,0,0,0.006583691973353564,0.4321247242841454,0.8183,0
3477,39369.04,3953.2,709.43,0.1795,713,51,0,0,-0.002799999999999997,-1.0,0.0,0,0,0.001915796904104861,0.21623996920943767,0.8205,0
3478,33277.92,4611.13,778.29,0.1688,707,24,0,0,-0.0027666666666666395,-1.6666666666667425,0.0,0,0,0.003973977856002717,0.28065095404497004,0.8311999999999999,0
3479,62089.4,5174.66,1922.73,0.3716,619,40,0,0,0.03653333333333331,2.6666666666667425,0.0,0,0,0.04056405428455098,0.37160545915310395,0.6284000000000001,1
3480,77013.71,16811.6,4249.59,0.2528,666,21,0,0,-0.015666666666666662,-5.666666666666629,0.0,0,0,0.009904390160148399,0.6621558679883637,0.7472,0
3481,37893.7,9350.32,1486.24,0.159,711,33,0,0,0.007266666666666671,-4.6666666666667425,0.0,0,0,0.004012099755046539,0.4706555441762651,0.841,0
3482,77373.07,9961.82,2375.88,0.2385,733,37,0,0,0.0038333333333333552,2.3333333333333712,0.0,0,0,0.00799749960925289,0.3684816951890137,0.7615000000000001,0
3483,74533.82,17928.79,4807.97,0.2682,778,44,0,0,-0.021633333333333338,6.6666666666667425,-0.3333333333333333,1,37,0.013943706266428754,0.7740867164826779,0.7318,0
3484,76098.41,7927.95,1725.65,0.2177,585,35,0,0,0.0012666666666666937,4.333333333333371,-0.3333333333333333,1,57,0.003641771546926028,0.27211869468408834,0.7823,0
3485,48275.69,8833.53,3176.31,0.3596,716,40,0,0,0.07330000000000003,-0.33333333333337123,0.0,1,15,0.06006036546675353,0.7895427282453236,0.6404000000000001,0
3486,36694.11,8824.73,2851.61,0.3231,622,29,0,0,0.0275333333333333,-2.6666666666667425,0.0,0,0,0.029968390755001236,0.9325562055820219,0.6769000000000001,0
3487,36684.36,9682.77,1438.88,0.1486,712,27,0,0,-0.001366666666666655,-5.6666666666667425,0.0,0,0,0.0025498910652113063,0.47067905762433504,0.8513999999999999,0
3488,46703.97,14593.86,6624.17,0.4539,636,47,0,0,0.061500000000000055,0.6666666666666288,0.0,1,47,0.042743609008963075,1.7019974957070252,0.5461,1
3489,24796.22,7042.06,1403.61,0.1993,606,48,0,0,0.0002666666666666928,8.0,0.0,0,0,0.0016006075235498723,0.679269662547306,0.8007,0
3490,82333.17,6473.64,1786.92,0.276,650,29,0,0,-0.0016666666666666496,1.0,0.0,0,0,0.003762350033925305,0.260442298005466,0.724,0
3491,63915.03,7214.52,1353.35,0.1876,654,45,0,0,0.008233333333333315,-5.3333333333332575,0.0,0,0,0.007146463771995513,0.2540904697525905,0.8124,0
3492,61680.51,6678.7,1423.79,0.2132,646,38,0,0,0.003066666666666662,-0.33333333333337123,0.0,0,0,0.003927714913845501,0.2769996551046027,0.7867999999999999,0
3493,37110.71,1246.08,415.44,0.3334,561,39,0,0,0.007433333333333292,-0.6666666666666288,0.0,0,0,0.007998402618301008,0.13433534412001216,0.6666000000000001,0
3494,33092.52,11708.14,3290.37,0.281,756,54,0,0,0.007333333333333358,-9.333333333333371,0.0,0,0,0.004594229472332049,1.1931530142062972,0.719,0
3495,55879.6,9330.87,1970.97,0.2112,662,31,0,0,0.003633333333333294,-8.333333333333371,0.0,0,0,0.005778504227835352,0.423260724753235,0.7888,0
3496,80611.73,7156.73,2398.47,0.3351,622,41,2,53,-0.002666666666666706,-8.666666666666742,0.3333333333333333,3,53,0.005795688052336837,0.3570403463083538,0.6649,0
3497,56483.54,7597.22,2587.86,0.3406,611,26,0,0,0.0040000000000000036,-5.333333333333371,-0.3333333333333333,1,44,0.003950351601791636,0.5497941523035289,0.6594,0
3498,59933.37,8028.04,2065.57,0.2573,548,31,0,0,-0.006099999999999994,-3.6666666666666288,0.0,0,0,0.0046596673701027125,0.4135732730369929,0.7427,0
3499,40817.92,8272.5,2340.57,0.2829,673,46,1,52,0.011133333333333328,7.0,0.3333333333333333,2,52,0.014047103299652603,0.6881007163457323,0.7171000000000001,0
3500,69872.73,7607.74,1599.9,0.2103,761,21,0,0,0.04076666666666667,4.0,-0.3333333333333333,1,8,0.03196323843278573,0.27476813911096337,0.7897000000000001,0
3501,53651.75,9757.53,2658.99,0.2725,658,51,0,0,0.01046666666666668,7.6666666666667425,0.0,0,0,0.007284305808456399,0.5947220732383068,0.7275,0
3502,28650.83,13729.34,6665.47,0.4855,703,51,0,0,0.10733333333333334,1.6666666666666288,0.0,0,0,0.08589779456488454,2.7917390165136275,0.5145,0
3503,49009.7,4432.14,1456.99,0.3287,716,28,0,0,-0.00933333333333336,0.0,0.0,0,0,0.007428735498798634,0.3567432568597458,0.6713,0
3504,25958.06,7413.4,2863.21,0.3862,702,47,0,0,0.018299999999999983,-0.6666666666666288,0.0,0,0,0.017285832349065517,1.3236166332968105,0.6138,0
3505,68401.47,5079.66,1490.23,0.2934,695,48,0,0,-0.009833333333333305,7.0,0.0,0,0,0.005160937683965769,0.2614382409743934,0.7066,0
3506,72193.66,11207.35,1834.67,0.1637,685,73,0,0,-0.0008999999999999841,2.0,0.0,0,0,0.006659204156654153,0.30495808075585173,0.8363,0
3507,75204.63,3084.96,850.4,0.2757,623,57,0,0,0.010000000000000009,-1.3333333333333712,0.0,1,53,0.005670856294344889,0.13569377308779623,0.7242999999999999,0
3508,65999.3,7254.62,2121.69,0.2925,693,38,0,0,-0.014433333333333354,-2.3333333333333712,0.0,0,0,0.010845275469069457,0.38576590956829554,0.7075,0
3509,33063.2,4574.7,1139.48,0.2491,735,48,0,0,-0.006199999999999983,0.6666666666666288,-0.3333333333333333,1,26,0.0038533895612967877,0.4135643251420682,0.7509,0
3510,38833.21,8998.63,1365.83,0.1518,619,57,0,0,-0.0009333333333333416,1.0,0.0,0,0,0.002071499725105253,0.42206039611289603,0.8482000000000001,0
3511,44776.86,5971.24,1369.29,0.2293,624,57,0,0,-0.0041999999999999815,-3.3333333333333712,0.0,1,37,0.0025223996511258904,0.36696365032287737,0.7706999999999999,0
3512,74267.91,8316.35,1216.79,0.1463,743,28,0,0,0.006900000000000017,4.333333333333371,0.0,0,0,0.003934074788872789,0.19660550563009963,0.8537,0
3513,80093.9,9547.53,3185.08,0.3336,743,51,0,0,0.00030000000000002247,3.0,0.0,0,0,0.011589626587791535,0.47720188421682025,0.6664,0
3514,53961.02,5823.27,1315.32,0.2259,623,34,0,0,-0.00796666666666665,-0.33333333333337123,0.0,0,0,0.008050897120473254,0.2925044781675726,0.7741,0
3515,35423.91,10275.72,2042.15,0.1987,791,48,0,0,0.007633333333333353,-7.0,0.0,0,0,0.0041148444010004,0.6917869877068499,0.8013,0
3516,73842.33,8093.81,990.93,0.1224,690,75,0,0,-0.001066666666666674,-5.3333333333332575,-0.3333333333333333,1,32,0.0014858592725348462,0.16103446353964704,0.8776,0
3517,74748.69,8621.93,1431.1,0.166,632,21,0,0,-0.002433333333333343,0.33333333333325754,-0.3333333333333333,2,29,0.004834252786108718,0.22974583229810513,0.834,0
3518,44109.86,9576.0,2295.28,0.2397,616,31,0,0,0.00470000000000001,-2.6666666666666288,0.0,0,0,0.0029850088404856975,0.6244263752482299,0.7603,0
3519,95702.8,4619.44,1522.45,0.3296,606,30,0,0,0.0007333333333333081,-0.33333333333337123,0.0,0,0,0.006697346074710816,0.19089723600259587,0.6704,0
3520,75963.32,7729.21,3417.06,0.4421,644,36,0,0,0.08079999999999998,-4.333333333333371,0.0,0,0,0.05930728829110672,0.5397963121348888,0.5579000000000001,1
3521,29092.18,20126.98,3127.87,0.1554,647,40,0,0,0.0034999999999999754,-2.0,0.0,0,0,0.002534758371127311,1.2901900092917657,0.8446,0
3522,104342.72,8694.48,1767.18,0.2033,686,55,0,0,-0.0017000000000000348,-1.0,0.0,0,0,0.0018152134860671405,0.2032356449741886,0.7967,0
3523,46364.0,2718.23,1286.17,0.4732,624,39,0,0,0.06763333333333332,0.33333333333337123,0.0,0,0,0.056062824382809844,0.33288844784758304,0.5267999999999999,0
3524,42215.33,12569.56,1218.33,0.0969,579,29,0,0,-0.0012333333333333502,3.0,0.0,0,0,0.0020899229119223013,0.34631874240576055,0.9031,0
3525,44515.52,11148.26,2551.46,0.2289,678,43,0,0,-0.0063,-5.666666666666629,0.0,1,56,0.007873390488079321,0.6877942792029942,0.7711,0
3526,56188.47,1973.14,378.73,0.1919,682,48,0,0,0.0030333333333333323,0.33333333333337123,0.0,0,0,0.005111017511220251,0.08088420985710038,0.8081,0
3527,40909.74,8590.81,2706.57,0.3151,698,41,0,0,0.006633333333333269,7.0,0.0,0,0,0.005508881717533764,0.793914602988751,0.6849000000000001,0
3528,35887.81,14137.95,3644.42,0.2578,684,21,0,0,-0.005033333333333334,-0.33333333333325754,0.0,0,0,0.006068726756449369,1.2186043111958282,0.7422,0
3529,88846.54,7551.03,1673.1,0.2216,754,37,0,0,0.0005000000000000282,5.0,0.0,0,0,0.0016748134224444148,0.2259761606618365,0.7784,0
3530,52404.1,7996.08,2551.67,0.3191,706,21,0,0,0.015833333333333366,12.666666666666629,0.0,0,0,0.011566330446602352,0.5843061896490603,0.6809000000000001,0
3531,51076.07,2285.44,676.11,0.2958,658,23,0,0,-0.0031333333333333213,3.3333333333333712,0.0,0,0,0.005890906363012211,0.1588477734894996,0.7041999999999999,0
3532,70286.47,11913.86,3793.99,0.3185,677,31,0,0,-0.009566666666666668,1.3333333333333712,0.0,0,0,0.008551461863330747,0.6477474255319271,0.6815,0
3533,48867.77,8357.64,2046.71,0.2449,731,40,0,0,0.008600000000000024,-5.333333333333371,0.0,0,0,0.0052064863391734755,0.5025913806578223,0.7551,0
3534,27200.1,6847.5,1847.45,0.2698,687,46,0,0,0.0071666666666666545,1.6666666666666288,0.0,0,0,0.008413085046521272,0.8150484737269136,0.7302,0
3535,50459.44,13588.15,2180.96,0.1605,753,56,0,0,0.005766666666666642,6.666666666666629,0.0,0,0,0.0031775689519575236,0.5186644955587304,0.8395,0
3536,32824.45,8895.55,4692.68,0.5275,719,29,0,0,0.08876666666666666,5.666666666666629,0.0,0,0,0.08120837395244411,1.7155553247476607,0.47250000000000003,0
3537,34901.08,3349.7,946.61,0.2826,719,58,0,0,-0.008533333333333393,0.33333333333337123,0.0,0,0,0.014346583023300172,0.32547187640308944,0.7174,0
3538,21601.56,3915.23,520.41,0.1329,712,34,0,0,-0.011300000000000004,5.0,0.0,0,0,0.009541022540121735,0.2890957873658592,0.8671,0
3539,56987.81,7644.71,937.16,0.1226,771,54,0,0,-0.0030000000000000027,3.6666666666666288,0.0,0,0,0.002706217121945526,0.19733904492262347,0.8774,0
3540,20204.84,5237.92,1090.2,0.2081,655,21,0,0,0.011600000000000027,-11.333333333333371,0.0,2,52,0.006960802954959864,0.6474884231812842,0.7919,0
3541,38215.85,11982.71,2432.12,0.203,622,54,0,0,-0.00250000000000003,0.6666666666666288,0.0,0,0,0.0036583618070266124,0.7636998782137674,0.7969999999999999,0
3542,25148.63,2881.74,1707.71,0.5926,574,41,0,0,0.08633333333333343,-2.6666666666666288,-0.3333333333333333,1,29,0.08053325055183383,0.8148563158399375,0.4074,1
3543,56336.53,8653.64,1818.58,0.2102,776,36,0,0,-0.004366666666666713,-3.6666666666666288,0.0,0,0,0.0038418745424597133,0.38736784099680227,0.7898000000000001,0
3544,58409.98,13368.27,5362.46,0.4011,616,44,0,0,0.02246666666666669,2.6666666666666288,0.0,0,0,0.015703263991922185,1.1016870744824727,0.5989,0
3545,84068.43,5743.95,915.93,0.1595,729,41,0,0,-0.004933333333333317,1.6666666666666288,0.0,0,0,0.0045004012166818,0.13074063591328056,0.8405,0
3546,21813.64,11715.55,3033.73,0.2589,663,36,0,0,-0.008199999999999985,-3.0,0.0,0,0,0.005101470376273866,1.6688989082048302,0.7411,0
3547,36765.6,13949.31,4280.52,0.3069,634,45,0,0,0.018366666666666698,-8.666666666666629,0.0,0,0,0.01166940444067309,1.3971277493971126,0.6931,0
3548,55485.12,19430.66,2716.95,0.1398,623,28,0,0,-0.006666666666666682,8.333333333333371,0.0,0,0,0.0038700057421720184,0.5876061905056477,0.8602,0
3549,60876.82,2398.05,1597.51,0.6662,772,34,0,0,0.14106666666666662,4.333333333333371,0.0,0,0,0.11002623550771883,0.31490015405241595,0.3338,1
3550,44899.07,6690.2,1090.62,0.163,806,21,0,0,0.0033666666666666567,-1.0,0.0,0,0,0.002905359033081995,0.29148577011733584,0.837,0
3551,38165.42,2077.01,894.89,0.4309,691,43,0,0,0.059699999999999975,-1.3333333333333712,0.0,0,0,0.04748465541625001,0.28137198533708097,0.5690999999999999,0
3552,34787.88,7661.63,1841.75,0.2404,747,21,0,0,0.0018666666666666276,7.0,0.0,0,0,0.0039092127653076675,0.6353074689339021,0.7596,0
3553,50109.35,7485.23,1374.15,0.1836,662,36,0,0,0.00019999999999997797,4.0,0.0,0,0,0.004772345102544215,0.329076310030984,0.8164,0
3554,61521.7,4915.08,583.14,0.1186,657,54,0,0,0.00029999999999998084,7.0,0.0,0,0,0.0024126978905596847,0.11374328080392902,0.8814,0
3555,31359.29,12413.06,1331.37,0.1073,703,37,0,0,0.001433333333333342,-5.666666666666629,0.3333333333333333,1,33,0.0030244834269673236,0.509464340356125,0.8927,0
3556,41174.41,9389.93,1286.34,0.137,692,47,0,0,0.01050000000000001,-2.6666666666666288,0.0,0,0,0.01003967130936068,0.37489498927856546,0.863,0
3557,58850.69,9534.16,5071.25,0.5319,703,25,1,53,0.08696666666666664,0.0,0.3333333333333333,1,53,0.07247358139349812,1.0340575443990767,0.46809999999999996,1
3558,45024.14,2102.6,427.3,0.2032,658,47,0,0,-0.007233333333333369,5.3333333333332575,0.0,0,0,0.011085024933565904,0.11388557335316951,0.7968,0
3559,79552.61,9126.46,2493.93,0.2733,634,30,0,0,0.004333333333333356,-0.33333333333337123,0.0,1,6,0.003960148706523256,0.3761933140281089,0.7267,0
3560,38030.78,10545.45,1757.52,0.1667,549,26,0,0,0.007833333333333331,-1.6666666666666288,0.0,0,0,0.005069790703547599,0.554557124343632,0.8333,0
3561,30180.09,4132.69,429.6,0.104,705,49,0,0,0.002166666666666664,0.33333333333337123,0.0,0,0,0.0019429359227725413,0.17081459988854325,0.896,0
3562,39433.4,7417.35,1441.8,0.1944,638,29,0,0,-0.013800000000000034,2.3333333333333712,0.0,0,0,0.010391703421480039,0.43875496393247704,0.8056,0
3563,141555.37,3866.99,687.06,0.1777,739,36,0,0,-0.007233333333333342,-1.0,0.0,0,0,0.00472302280795301,0.05824378120943822,0.8223,0
3564,34630.98,4758.29,906.21,0.1904,682,28,0,0,0.003433333333333344,2.3333333333333712,0.0,0,0,0.005623116968767798,0.3140113273211403,0.8096,0
3565,32061.51,10866.61,2486.82,0.2288,704,49,0,0,-0.005966666666666676,-3.3333333333333712,-0.3333333333333333,1,12,0.008098525242975477,0.9307683882895965,0.7712,0
3566,35633.72,8000.27,2156.98,0.2696,616,21,0,0,-0.0042999999999999705,0.6666666666666288,0.3333333333333333,1,45,0.011679362140117038,0.7263838855803827,0.7303999999999999,0
3567,56337.85,5286.96,1168.7,0.2211,768,44,0,0,0.0077666666666666995,7.333333333333371,0.0,0,0,0.0060365783170416906,0.24893388720039536,0.7789,0
3568,47233.62,13656.28,4428.82,0.3243,578,47,0,0,-0.007866666666666688,6.3333333333332575,0.0,0,0,0.008473701145963986,1.1251697410975054,0.6757,0
3569,45073.65,10843.31,1778.11,0.164,737,48,0,0,0.004299999999999998,3.3333333333333712,0.0,0,0,0.0021794494717703333,0.47338788836314216,0.836,0
3570,80535.53,2610.29,787.63,0.3017,734,21,0,0,0.01473333333333332,3.3333333333332575,0.0,0,0,0.008064238615296825,0.11735888493676881,0.6982999999999999,0
3571,48690.5,8640.08,3070.8,0.3554,721,41,0,0,0.05589999999999995,1.0,0.0,0,0,0.049179314757324545,0.7568129304673037,0.6446000000000001,0
3572,39667.8,9720.89,2666.86,0.2743,648,33,0,0,-0.010033333333333339,-14.666666666666629,0.0,0,0,0.009741891214976917,0.8067581259943557,0.7257,0
3573,46724.75,4094.3,1447.5,0.3535,638,21,0,0,0.012999999999999956,13.333333333333258,0.0,0,0,0.00982587287612543,0.37175158766047933,0.6465000000000001,0
3574,52950.53,5053.4,1478.7,0.2926,707,38,0,0,-0.003166666666666651,3.3333333333333712,0.0,0,0,0.0024960524389078375,0.33511279294047946,0.7074,0
3575,59039.98,13829.7,1670.52,0.1208,633,71,1,47,-0.010300000000000017,-0.33333333333337123,0.3333333333333333,1,47,0.007547350528496736,0.3395367003160495,0.8792,0
3576,48417.91,10455.94,1958.8,0.1873,767,37,0,0,0.009199999999999986,-1.6666666666667425,0.3333333333333333,1,33,0.004401641108091903,0.48547324727924684,0.8127,0
3577,59673.1,6152.85,1033.69,0.168,741,43,0,0,-0.003933333333333344,-1.3333333333333712,0.0,1,51,0.0032446109165815296,0.2078705479940803,0.832,0
3578,49236.65,6760.03,963.07,0.1425,768,45,0,0,-0.006000000000000005,3.3333333333332575,0.0,0,0,0.003920388302763462,0.23472027437251228,0.8575,0
3579,16923.9,2154.46,404.91,0.1879,757,21,0,0,0.00326666666666664,4.666666666666629,0.0,0,0,0.0036578682316343813,0.28710403610011587,0.8121,0
3580,27230.06,500.0,65.79,0.1316,735,34,0,0,0.007733333333333356,-8.333333333333258,0.0,0,0,0.006375343128020646,0.028992958504391275,0.8684000000000001,0
3581,48607.78,3347.48,784.59,0.2344,549,23,0,0,-0.0038333333333333552,2.0,0.0,0,0,0.0041477236059206165,0.19369491874913156,0.7656000000000001,0
3582,80874.03,7618.2,950.27,0.1247,703,36,0,0,0.0027333333333333237,2.6666666666666288,0.0,0,0,0.0026410751177840005,0.14100002186496702,0.8753,0
3583,35606.77,3467.59,735.25,0.212,691,39,0,0,0.009099999999999997,1.3333333333332575,0.0,0,0,0.006000416652200078,0.2477899567140328,0.788,0
3584,19257.22,9374.95,2279.19,0.2431,686,42,0,0,0.03836666666666669,4.0,0.0,0,0,0.030683021001488408,1.4202610752204556,0.7569,1
3585,72869.5,9406.21,1049.93,0.1116,724,30,0,0,0.0025666666666666615,4.3333333333332575,0.0,0,0,0.003376306331547011,0.17290032177969106,0.8884,1
3586,93165.73,6135.12,1912.85,0.3118,593,37,0,0,0.061166666666666675,-5.0,0.0,0,0,0.051608453764862984,0.24638029452507307,0.6881999999999999,0
3587,26350.49,1326.9,403.15,0.3038,646,37,0,0,-0.004766666666666641,6.666666666666629,0.0,0,0,0.00513614641535852,0.18359430878882585,0.6961999999999999,0
3588,36345.61,12081.53,1982.41,0.1641,643,32,0,0,-0.006199999999999983,-1.6666666666666288,-0.3333333333333333,1,26,0.004662468349609572,0.6545197615928241,0.8359,0
3589,42139.31,1334.23,380.86,0.2855,703,39,0,0,-0.00986666666666669,-0.33333333333325754,0.0,0,0,0.006787938649627809,0.10845739995976468,0.7145,0
3590,59741.91,6016.09,1194.91,0.1986,653,53,0,0,0.00686666666666666,3.6666666666666288,0.0,0,0,0.005203230833925301,0.24001442198817927,0.8014,0
3591,44330.51,4904.71,1529.16,0.3118,629,40,0,0,0.0036333333333333218,-2.0,0.0,0,0,0.004820212074633702,0.41393433089384235,0.6881999999999999,0
3592,50420.39,500.0,181.43,0.3629,805,22,0,0,0.008633333333333326,-4.0,0.0,0,0,0.013180077558362268,0.04318014992509654,0.6371,0
3593,84200.42,10211.45,4520.16,0.4427,745,48,0,0,0.05826666666666663,2.0,0.0,0,0,0.04758778146167824,0.6442001119741397,0.5573,0
3594,64579.33,2714.78,452.14,0.1665,637,48,0,0,-0.004766666666666641,7.666666666666629,0.0,1,13,0.007114500060518038,0.08401573690826168,0.8335,0
3595,38507.56,12886.94,4294.01,0.3332,636,38,0,0,0.02196666666666669,-5.666666666666629,0.0,0,0,0.014676180626367953,1.3381299667894422,0.6668000000000001,0
3596,51498.56,2108.52,649.57,0.3081,627,36,0,0,-0.006900000000000017,3.6666666666666288,0.0,0,0,0.005783261286775061,0.15136034868127723,0.6919,0
3597,72358.57,500.0,165.37,0.3307,751,21,0,0,0.005266666666666642,-0.33333333333337123,0.0,0,0,0.013044634912484152,0.027425085925148862,0.6693,0
3598,24639.74,12523.97,3071.27,0.2452,720,48,0,0,0.02190000000000003,1.6666666666667425,0.0,1,41,0.013032214359467512,1.495764159120625,0.7548,0
3599,42983.29,7656.81,1220.22,0.1594,690,38,0,0,9.999999999998899e-05,3.3333333333333712,0.0,0,0,0.0027762384623803483,0.34065889316318254,0.8406,0
3600,28086.04,8807.13,1515.47,0.1721,596,42,0,0,0.004033333333333333,5.3333333333332575,0.0,0,0,0.0026881426880117666,0.6474974753375708,0.8279,0
3601,31748.36,8623.22,3738.95,0.4336,749,34,0,0,0.0654333333333334,1.6666666666666288,0.0,0,0,0.050184061214692426,1.4132194539510503,0.5664,0
3602,69975.63,10446.92,3316.3,0.3174,554,22,0,0,0.010000000000000009,-6.0,0.3333333333333333,1,11,0.011653051579355145,0.5687065624586091,0.6826,0
3603,42031.55,3325.17,690.66,0.2077,747,32,0,0,0.005899999999999989,7.0,0.0,0,0,0.004407978876739065,0.19718330629333916,0.7923,0
3604,62211.56,1723.74,206.17,0.1196,761,29,0,0,-0.0038000000000000117,-2.0,0.0,1,28,0.003361836469021726,0.039768171695465954,0.8804,0
3605,33041.66,8757.76,2088.12,0.2384,672,21,0,0,-0.003899999999999987,2.3333333333333712,0.0,0,0,0.0052666666666666695,0.7583589925838984,0.7616,0
3606,24164.85,8037.57,3632.62,0.452,707,37,0,0,0.0616666666666667,0.0,0.0,0,0,0.04803326972005966,1.8039193282123813,0.548,1
3607,38929.6,4593.32,1478.16,0.3218,696,40,0,0,-0.0004999999999999449,3.3333333333333712,0.0,0,0,0.0070091012262628715,0.45564095173164665,0.6782,0
3608,31547.87,500.0,259.78,0.5196,601,60,0,0,0.08050000000000002,-2.3333333333333712,0.0,0,0,0.06740014836778922,0.09881364411651994,0.48040000000000005,0
3609,26891.97,500.0,138.53,0.2771,730,21,0,0,0.005599999999999938,2.0,0.0,0,0,0.004834195325433646,0.06181622243585001,0.7229,0
3610,42801.09,6695.11,1029.4,0.1538,633,42,0,0,0.0019333333333333425,0.0,0.0,0,0,0.002609331544881014,0.2886094722479425,0.8462000000000001,0
3611,45998.9,6689.13,813.94,0.1217,686,33,0,0,-0.0025666666666666615,-9.0,0.3333333333333333,1,13,0.003037451417078315,0.21233725148757804,0.8783,0
3612,68946.07,7564.45,940.06,0.1243,705,33,0,0,-0.0038333333333333275,2.0,0.0,0,0,0.006509373583106457,0.1636165773921066,0.8757,0
3613,50691.76,8159.41,2154.14,0.264,684,24,0,0,-0.0012333333333333085,-1.0,0.0,0,0,0.003024896692450829,0.5099384987595762,0.736,0
3614,52625.74,3020.48,873.61,0.2892,665,44,0,0,0.007500000000000007,-4.666666666666629,0.0,0,0,0.0070191009237492545,0.19920517977722568,0.7108,0
3615,109351.81,1300.15,244.86,0.1883,674,34,0,0,0.005566666666666664,2.6666666666666288,0.0,0,0,0.0034908610844763158,0.026870337122701086,0.8117,0
3616,82028.24,7429.81,1295.16,0.1743,646,72,0,0,-0.006533333333333308,0.0,0.0,0,0,0.006765537672646569,0.18947035798557124,0.8257,0
3617,54030.7,11460.6,1910.12,0.1667,731,35,0,0,-0.003766666666666696,3.3333333333332575,0.0,0,0,0.0033989377425568913,0.42422992844640617,0.8333,0
3618,87167.76,4191.38,408.72,0.0975,673,41,0,0,-0.0027333333333333515,2.3333333333333712,0.0,0,0,0.0025611412386755362,0.05626667473530122,0.9025,0
3619,50584.05,9023.14,1646.78,0.1825,716,21,1,35,0.029600000000000015,-3.0,0.6666666666666666,2,35,0.026097365767448633,0.39066385541118254,0.8175,1
3620,30547.11,6700.75,870.58,0.1299,690,36,0,0,0.006066666666666665,2.3333333333333712,0.0,0,0,0.003419957764521525,0.34199503638465506,0.8701,1
3621,41855.18,717.7,89.59,0.1248,677,50,0,0,-0.0036333333333333218,-1.0,0.0,0,0,0.004527355126831167,0.0256857096228417,0.8752,0
3622,61325.74,7583.28,952.66,0.1256,735,50,1,5,0.0042666666666666825,12.0,0.3333333333333333,1,5,0.0038483040997879074,0.18641307871316418,0.8744000000000001,0
3623,50285.62,5085.52,921.95,0.1813,737,22,0,0,-0.025833333333333347,2.3333333333332575,-0.3333333333333333,1,30,0.01600935490406921,0.22001120792305764,0.8187,0
3624,29766.46,13281.73,3915.1,0.2948,724,62,0,0,0.010533333333333283,2.3333333333333712,0.0,0,0,0.00604781870686538,1.5783267469850322,0.7052,0
3625,61278.37,3449.29,927.06,0.2688,666,41,0,0,-0.011099999999999999,1.3333333333333712,0.0,0,0,0.016903697820299535,0.18154399338333366,0.7312000000000001,0
3626,31144.33,11437.65,1238.33,0.1083,690,41,0,0,-0.004833333333333328,-0.33333333333337123,0.0,0,0,0.002760887538455706,0.4771321134304194,0.8917,0
3627,37067.16,6996.37,2300.12,0.3288,675,21,0,0,-0.00880000000000003,-4.0,0.0,0,0,0.007534771249200456,0.7446332546400749,0.6712,0
3628,34603.62,2121.21,333.09,0.157,752,37,0,0,-0.007166666666666682,8.333333333333371,0.0,0,0,0.0043279453683140595,0.11551045811432081,0.843,0
3629,60895.55,8525.66,1751.0,0.2054,714,29,0,0,0.01069999999999996,1.6666666666666288,0.0,0,0,0.006834105647412844,0.34504984347558076,0.7946,0
3630,34455.34,13140.54,2367.42,0.1802,529,29,0,0,-0.0017666666666666664,-2.6666666666667425,0.0,0,0,0.004123105625617661,0.8245177667701376,0.8198,0
3631,76823.08,4242.45,827.65,0.1951,758,35,0,0,0.007033333333333336,5.6666666666667425,0.0,0,0,0.0034415758664374002,0.1292814607074934,0.8049,0
3632,42108.54,10116.38,2985.19,0.2951,721,33,0,0,0.002066666666666661,2.3333333333332575,0.0,0,0,0.004249738554049869,0.8507129430227561,0.7049000000000001,0
3633,59035.82,7525.28,1191.89,0.1584,724,41,0,0,-0.006166666666666654,-1.3333333333332575,-0.3333333333333333,1,23,0.0069466018870939904,0.24227121766230647,0.8416,0
3634,67193.09,7857.6,2543.38,0.3237,671,33,0,0,-0.001966666666666672,-0.6666666666667425,0.0,0,0,0.004702068102914334,0.4542217063473244,0.6763,0
3635,80939.11,13622.45,5247.26,0.3852,661,42,0,0,0.016199999999999992,9.666666666666629,0.0,0,0,0.009172573854219494,0.7779566638509432,0.6148,0
3636,45801.47,10300.55,2249.65,0.2184,709,25,0,0,0.006199999999999983,0.0,0.0,0,0,0.005925744210176862,0.5894090297304233,0.7816,0
3637,42411.51,4934.25,1207.28,0.2447,752,43,0,0,0.011366666666666636,9.0,0.0,0,0,0.006959126701278291,0.34159028989774043,0.7553,0
3638,43442.11,9969.87,1812.69,0.1818,617,39,0,0,-0.0017333333333333645,1.0,0.0,0,0,0.001672655905372588,0.5007187724995719,0.8182,0
3639,57731.56,10661.68,5400.62,0.5065,768,34,0,0,0.09876666666666667,7.666666666666629,0.0,0,0,0.07570848330566689,1.1225651963419871,0.49350000000000005,1
3640,31917.78,8879.93,1590.09,0.1791,792,26,0,0,-0.012166666666666714,4.333333333333371,0.0,0,0,0.007812009984632626,0.5978197729549537,0.8209,0
3641,80349.6,10378.22,2838.26,0.2735,747,56,0,0,0.009033333333333338,7.3333333333332575,-0.3333333333333333,1,27,0.008549090269990404,0.423886615427001,0.7264999999999999,0
3642,33082.02,4182.92,612.18,0.1464,648,21,0,0,0.002866666666666684,-1.6666666666667425,0.0,0,0,0.002067472960994747,0.22205899148042632,0.8536,0
3643,61115.59,632.51,87.45,0.1383,608,27,0,0,-0.009166666666666656,3.0,0.0,0,0,0.009612636359385385,0.017170741537371255,0.8617,0
3644,19072.54,5717.71,1966.92,0.344,699,36,0,0,-0.005600000000000049,0.6666666666666288,0.0,0,0,0.005071927093762741,1.2375404631553801,0.656,0
3645,52001.0,8756.16,1674.84,0.1913,666,21,0,0,0.0003333333333333244,0.0,0.3333333333333333,1,24,0.006147989734683823,0.3864941057933899,0.8087,0
3646,83882.79,10961.56,3325.49,0.3034,631,51,1,44,-0.00040000000000001146,2.0,0.3333333333333333,1,44,0.0062778269417937335,0.4757338185138,0.6966,0
3647,42632.38,9217.67,2529.22,0.2744,633,29,0,0,-0.0003333333333332966,5.666666666666629,0.0,0,0,0.007924645102463589,0.7119152154174132,0.7256,0
3648,42889.17,6886.83,1392.31,0.2022,785,46,0,0,-0.011133333333333328,4.6666666666667425,0.0,0,0,0.009384532191028194,0.389555684927578,0.7978000000000001,0
3649,40145.03,4874.29,2706.39,0.5552,666,31,0,0,0.09689999999999999,1.3333333333333712,0.0,0,0,0.08092361796437701,0.8089838266478365,0.4448,0
3650,57976.2,11873.89,8293.67,0.6985,618,46,0,0,0.1494333333333333,-3.6666666666666288,0.3333333333333333,1,18,0.12057741289312857,1.7166361365422427,0.3015,1
3651,56583.63,2243.31,694.1,0.3094,800,34,0,0,-0.008933333333333349,7.666666666666629,0.0,1,51,0.006514790863872784,0.14720158459670368,0.6906,0
3652,53433.52,11620.73,6771.21,0.5827,727,51,1,41,0.11643333333333333,2.6666666666666288,0.3333333333333333,1,41,0.09793409064830849,1.5206656791795115,0.4173,1
3653,17353.33,5410.36,2272.68,0.4201,689,45,0,0,0.04346666666666671,-2.6666666666666288,0.3333333333333333,1,55,0.03900306967976292,1.5715807848488461,0.5799000000000001,1
3654,52318.78,14161.66,1901.33,0.1343,623,42,0,0,0.004366666666666658,0.33333333333337123,0.0,0,0,0.0027855779372411072,0.43609503116790677,0.8657,0
3655,101731.89,7874.71,1072.62,0.1362,695,38,1,46,0.005666666666666681,-1.0,0.3333333333333333,1,46,0.005715986354077486,0.12652315806264605,0.8638,0
3656,79748.25,2685.01,1197.21,0.4459,627,39,0,0,0.05083333333333334,-2.0,0.0,0,0,0.03874145425481312,0.18014840448333624,0.5541,1
3657,41714.32,14476.91,2183.08,0.1508,644,42,0,0,0.0002999999999999947,-2.0,0.0,0,0,0.0010301024760241662,0.6280087987162177,0.8492,0
3658,44688.1,6753.42,1875.87,0.2778,681,27,0,0,0.016566666666666674,4.333333333333371,0.0,0,0,0.011761318425717019,0.5037233624601476,0.7222,0
3659,60110.88,5776.41,802.17,0.1389,644,21,0,0,0.0009666666666666712,0.0,0.0,0,0,0.0014973124070962725,0.1601380648241773,0.8611,0
3660,148929.06,7072.67,1227.75,0.1736,713,59,0,0,-0.007099999999999995,4.3333333333332575,0.0,0,0,0.004120106525052192,0.09892629416188409,0.8264,0
3661,63037.09,8208.74,2459.12,0.2996,664,39,0,0,0.006366666666666632,0.33333333333337123,0.0,0,0,0.006495340210061715,0.4681282082402989,0.7004,0
3662,33440.86,12238.16,2535.65,0.2072,637,35,0,0,-0.01150000000000001,2.3333333333333712,0.0,1,31,0.008385105843100612,0.9098988479686592,0.7928,0
3663,88322.31,2543.41,654.04,0.2571,754,43,0,0,0.006000000000000005,-4.3333333333332575,0.0,0,0,0.005339813771201306,0.08886180625182535,0.7429,0
3664,40682.93,11850.25,3120.35,0.2633,731,50,1,59,-0.002266666666666639,-3.3333333333332575,0.3333333333333333,1,59,0.006604817265535149,0.9203909351896559,0.7367,0
3665,183090.67,10491.0,3592.64,0.3424,649,30,0,0,0.009500000000000008,-1.3333333333332575,0.0,0,0,0.006415605972938178,0.23546628562326197,0.6576,0
3666,55362.61,9594.25,3748.97,0.3908,614,60,0,0,0.052800000000000014,-3.3333333333333712,0.0,0,0,0.0443883461933172,0.8125996948165701,0.6092,0
3667,41570.55,1566.27,346.66,0.2213,626,47,0,0,-0.004366666666666685,4.3333333333332575,0.0,0,0,0.004806448215100675,0.10006891895342192,0.7787,0
3668,65373.02,7408.91,4829.09,0.6518,738,28,3,45,0.12786666666666674,-7.0,1.0,3,58,0.10280229812606335,0.8864372487206917,0.34819999999999995,1
3669,47221.66,9693.17,1533.53,0.1582,553,51,0,0,-0.00379999999999997,0.0,0.0,0,0,0.0022496913368529143,0.38970167493738206,0.8418,0
3670,48586.81,9579.1,1123.02,0.1172,774,46,0,0,0.002366666666666656,4.666666666666629,0.0,0,0,0.004048765243873743,0.27736416522656315,0.8828,0
3671,47850.04,3037.29,967.71,0.3186,705,62,0,0,0.012799999999999978,-1.3333333333333712,0.0,0,0,0.01368287656566087,0.24268569048401573,0.6814,0
3672,100412.1,9977.43,2195.12,0.22,688,46,0,0,0.04563333333333336,0.0,0.0,0,0,0.03592526192589894,0.26233332433891926,0.78,0
3673,42134.97,11483.99,1252.64,0.1091,692,36,0,0,0.0007000000000000062,1.3333333333333712,0.0,0,0,0.002472740270316403,0.3567506989020995,0.8909,0
3674,64738.81,5634.21,1691.85,0.3003,681,31,0,0,-0.006700000000000039,3.0,0.0,0,0,0.007945561304555197,0.31360168647271675,0.6997,0
3675,59046.34,1820.31,427.35,0.2348,549,41,0,0,-0.001600000000000018,-2.3333333333333712,0.0,0,0,0.0033181738618971966,0.08685042966181808,0.7652,0
3676,41798.63,13436.08,3650.05,0.2717,707,39,0,0,0.04613333333333333,4.3333333333332575,0.0,0,0,0.03793588157814593,1.047895588621571,0.7283,0
3677,19516.01,13116.73,1495.06,0.114,737,35,0,0,0.0022333333333333233,3.6666666666666288,0.0,0,0,0.001762889042956976,0.9192821682797157,0.886,0
3678,63402.3,13629.5,1655.64,0.1215,818,40,0,0,0.001899999999999999,3.6666666666666288,0.0,0,0,0.001836966097793975,0.3133589790313552,0.8785000000000001,0
3679,51389.32,8143.14,1445.06,0.1775,666,46,0,0,0.008633333333333354,2.0,0.0,0,0,0.005930383161689005,0.33743820692608384,0.8225,0
3680,42469.75,4351.81,1344.44,0.3089,572,36,0,0,0.0,-5.0,0.0,0,0,0.009715337244675423,0.37987697114867586,0.6911,0
3681,48067.07,14626.31,5084.04,0.3476,689,44,1,52,0.006433333333333402,1.6666666666667425,0.3333333333333333,1,52,0.007378647873726197,1.2692365060897026,0.6524,0
3682,101172.58,11342.22,2455.89,0.2165,708,30,0,0,0.003666666666666679,-2.6666666666666288,0.0,0,0,0.0021788758569500914,0.29129117787155867,0.7835,0
3683,61479.0,10497.08,1940.71,0.1849,786,55,0,0,0.00303333333333336,-1.6666666666666288,0.3333333333333333,1,58,0.010787505632803994,0.37880446974502424,0.8150999999999999,0
3684,98091.46,9116.08,5069.45,0.5561,616,28,2,57,0.08720000000000006,-8.333333333333258,0.6666666666666666,2,57,0.07626876453991138,0.6201701961879041,0.44389999999999996,1
3685,41810.13,13542.92,8862.16,0.6544,710,21,2,26,0.1269,-6.6666666666667425,0.6666666666666666,2,55,0.10671958322840494,2.5435443508421876,0.3456,0
3686,107705.86,4325.52,1393.86,0.3222,637,21,1,37,0.0020333333333333314,-4.666666666666629,0.3333333333333333,1,37,0.004364185045470792,0.1552962856258373,0.6778,0
3687,72060.65,10933.53,3187.86,0.2916,685,67,0,0,0.007033333333333336,11.333333333333371,0.0,0,0,0.004766142162285045,0.5308628217151754,0.7083999999999999,0
3688,115648.35,4005.07,1080.03,0.2697,578,41,0,0,0.0016666666666665941,-3.0,-0.3333333333333333,1,55,0.004353191677123557,0.1120669685184025,0.7303,0
3689,36165.72,500.0,134.18,0.2684,627,56,1,22,-0.009633333333333327,-2.0,0.3333333333333333,1,22,0.008398131405920658,0.04452171834172635,0.7316,0
3690,32481.04,1927.17,664.98,0.3451,663,33,1,13,0.006266666666666698,4.6666666666667425,0.3333333333333333,1,13,0.00612433669877809,0.24567439949742703,0.6549,0
3691,77278.77,4392.87,1125.46,0.2562,690,39,0,0,0.0040000000000000036,0.6666666666666288,0.0,0,0,0.0055286626874056265,0.17476365110240286,0.7438,0
3692,45764.54,10647.89,3934.87,0.3695,768,44,0,0,0.000933333333333286,3.0,0.0,1,23,0.01261368304659667,1.0317691380186225,0.6305000000000001,0
3693,50047.69,4137.56,1003.52,0.2425,701,39,0,0,-0.003666666666666679,6.333333333333371,0.0,0,0,0.0057729974883070825,0.24061530106809353,0.7575000000000001,0
3694,26647.86,9228.67,3550.41,0.3847,518,52,0,0,0.04159999999999997,1.0,0.0,0,0,0.03148579044585035,1.5988120614868981,0.6153,0
3695,47124.36,9145.59,1138.87,0.1245,685,44,0,0,-0.010233333333333344,6.666666666666629,0.0,0,0,0.00754648556908742,0.2900079703261732,0.8755,0
3696,38110.8,7555.47,2808.97,0.3718,724,43,0,0,0.002899999999999958,3.0,0.0,0,0,0.01163884778566065,0.8844642460768714,0.6282,0
3697,40711.89,6096.86,1383.38,0.2269,742,47,0,0,-0.0019333333333333425,-0.6666666666666288,0.0,0,0,0.0031569148089726894,0.4077570457944084,0.7731,0
3698,29895.27,1019.51,226.45,0.2221,678,21,0,0,0.00849999999999998,-3.3333333333333712,-0.3333333333333333,1,12,0.004593685279211503,0.09089732251654634,0.7779,0
3699,69933.26,10962.53,2334.95,0.213,709,58,0,0,0.011300000000000004,1.6666666666667425,0.0,0,0,0.008028387135658073,0.4006591426624769,0.787,0
3700,59466.76,6359.75,1075.48,0.1691,760,44,0,0,0.0014000000000000123,-3.0,0.3333333333333333,1,55,0.0029750816982246236,0.21702477144199048,0.8309,0
3701,37547.59,10641.22,2650.96,0.2491,673,21,0,0,0.002600000000000019,-3.0,0.0,0,0,0.009639502061828715,0.8472320058313522,0.7509,0
3702,61954.85,2985.18,1189.07,0.3983,659,39,0,0,0.03876666666666667,3.6666666666666288,0.0,0,0,0.02267542722861026,0.2303102985034469,0.6017,0
3703,24631.04,14453.06,3896.07,0.2696,775,38,0,0,-0.011433333333333351,-3.0,0.0,0,0,0.007874766310465619,1.8981269153564966,0.7303999999999999,1
3704,66570.22,11166.74,2939.32,0.2632,793,24,0,0,-0.008333333333333304,-0.6666666666666288,0.0,0,0,0.005948972833840988,0.5298441254008455,0.7368,0
3705,54595.54,10862.91,2606.69,0.24,671,40,0,0,-0.0015666666666666884,-0.33333333333337123,0.0,0,0,0.004499444410146661,0.572945702032156,0.76,0
3706,76657.05,5812.07,1169.71,0.2013,630,41,0,0,0.0017666666666666941,-3.6666666666667425,0.3333333333333333,1,21,0.003178049716414135,0.18310801156322482,0.7987,1
3707,96072.85,5356.04,1322.39,0.2469,657,22,0,0,-0.006766666666666671,-0.6666666666666288,0.0,0,0,0.00437686468198921,0.16517340745088668,0.7531,0
3708,39333.98,6249.47,1725.17,0.2761,674,30,0,0,-0.018400000000000027,-4.666666666666629,-0.3333333333333333,1,25,0.014498572726689743,0.5263143977213652,0.7239,0
3709,87502.65,8735.21,917.39,0.105,606,43,0,0,-0.0003000000000000086,0.33333333333325754,0.0,1,45,0.0016556301250916822,0.1258096754611464,0.895,0
3710,47949.64,983.99,373.56,0.3796,777,38,0,0,0.011466666666666625,4.0,0.0,0,0,0.019689259621540993,0.09348808455867746,0.6204000000000001,0
3711,31296.94,8294.33,2436.09,0.2937,724,27,0,0,-0.009733333333333372,-3.0,0.0,0,0,0.013191948301899918,0.9340555335055547,0.7062999999999999,0
3712,71743.63,4690.93,1430.64,0.305,769,22,0,0,0.0021333333333333204,6.333333333333371,0.0,0,0,0.006351662074694403,0.23929204581826283,0.6950000000000001,0
3713,45067.58,6635.69,1629.05,0.2455,667,24,0,0,0.010266666666666646,-6.3333333333332575,0.0,1,12,0.0065654609722225685,0.4337619192065528,0.7545,0
3714,33346.21,4656.45,1393.17,0.2992,702,32,0,0,-0.006899999999999962,1.6666666666667425,0.0,0,0,0.004683481610938605,0.5013475292689583,0.7008,0
3715,36251.94,9150.62,1514.7,0.1655,652,30,0,0,-0.006633333333333297,-7.0,0.0,0,0,0.007767900474245132,0.5013910978000986,0.8345,0
3716,26809.12,11529.85,2193.08,0.1902,618,38,0,0,6.666666666665932e-05,1.6666666666667425,0.0,0,0,0.0029321967494998925,0.9816420676329658,0.8098,0
3717,50461.09,2727.61,1195.75,0.4384,725,35,0,0,0.10773333333333335,10.333333333333258,0.0,0,0,0.08251317234909293,0.2843577100016608,0.5616,0
3718,52963.55,5229.14,769.22,0.1471,560,41,0,0,-0.011099999999999999,2.3333333333333712,0.0,0,0,0.008513486033608351,0.17428287941251305,0.8529,0
3719,32134.08,7603.75,744.93,0.098,677,29,0,0,-0.0034000000000000002,1.3333333333333712,0.0,0,0,0.0020886598574205426,0.2781831624450366,0.902,0
3720,43112.77,6942.15,1297.82,0.1869,702,35,0,0,-0.006299999999999972,1.3333333333333712,-0.3333333333333333,1,52,0.005101960407529642,0.3612349657807926,0.8130999999999999,0
3721,43135.44,9443.15,2060.92,0.2182,747,26,0,0,0.005566666666666664,6.666666666666629,0.0,0,0,0.007841077732046802,0.5733345943178042,0.7818,0
3722,86964.74,6300.38,3568.7,0.5664,609,51,1,40,0.07803333333333323,2.3333333333332575,0.0,2,46,0.07213585754979589,0.49243405998903444,0.4336,0
3723,45771.59,12086.56,2454.8,0.2031,633,39,0,0,-0.00883333333333336,-6.0,-0.3333333333333333,2,35,0.005264292713914923,0.6435782543773784,0.7968999999999999,0
3724,64134.56,953.49,116.29,0.122,662,31,0,0,0.000533333333333344,1.3333333333333712,0.0,0,0,0.0009151502608861553,0.021758627481640112,0.878,0
3725,29453.03,6376.42,851.54,0.1335,789,40,0,0,0.0025666666666666615,2.3333333333333712,0.0,0,0,0.002743072081525468,0.3469415539194678,0.8665,0
3726,34844.34,12036.99,4221.99,0.3508,656,36,0,0,-0.006300000000000028,-1.6666666666666288,0.0,0,0,0.006102139879674287,1.4540060159713724,0.6492,0
3727,68167.6,16013.49,2615.67,0.1633,575,41,0,0,0.002700000000000008,-4.0,0.0,0,0,0.0040805773012052024,0.4604539399138967,0.8367,0
3728,53213.92,12283.02,3732.55,0.3039,624,35,0,0,-0.007900000000000018,-0.33333333333337123,0.0,0,0,0.00963739821966719,0.8417083347721706,0.6960999999999999,0
3729,70052.79,9591.44,2273.03,0.237,768,36,0,0,0.0022666666666666946,0.0,0.0,0,0,0.00416196401287234,0.3893686460643121,0.763,0
3730,53456.96,6041.28,1298.29,0.2149,735,27,0,0,0.0035666666666666347,-1.6666666666666288,0.0,0,0,0.004629254799641074,0.2914396927266856,0.7851,0
3731,33028.94,10588.16,1742.36,0.1646,675,35,0,0,-0.004433333333333345,-5.0,0.0,0,0,0.003768215020993942,0.6330303059197067,0.8354,0
3732,21401.41,7215.75,1254.87,0.1739,630,27,0,0,-0.0039333333333333165,-1.3333333333333712,0.0,0,0,0.0031056400306539076,0.7036190602187692,0.8261000000000001,0
3733,69279.8,11322.79,3422.16,0.3022,686,47,0,0,-0.004933333333333345,0.33333333333337123,0.0,1,26,0.007863364419890518,0.5927545979186855,0.6978,0
3734,76724.98,13665.74,4744.14,0.3472,616,70,0,0,0.007033333333333336,-1.0,0.3333333333333333,1,24,0.005232112384114071,0.7419966742395507,0.6528,0
3735,64188.38,8044.41,1471.42,0.1829,814,30,0,0,0.01103333333333334,2.3333333333333712,0.0,0,0,0.006361800059731517,0.2750815645557501,0.8170999999999999,0
3736,37573.25,8745.21,1971.53,0.2254,713,45,0,0,-0.0040000000000000036,4.0,-0.3333333333333333,1,50,0.006114622728436418,0.6296596645870156,0.7746,0
3737,64596.29,5155.59,480.93,0.0933,670,30,0,0,-0.006733333333333327,-5.333333333333371,0.0,0,0,0.0052778099414224665,0.08934197302860421,0.9067000000000001,0
3738,32054.3,7949.82,2610.77,0.3284,592,21,0,0,0.011966666666666625,-7.6666666666667425,0.0,0,0,0.007223995508796445,0.9773802575090218,0.6716,0
3739,229710.22,605.89,213.02,0.3516,721,40,0,0,-0.011666666666666603,12.0,0.0,0,0,0.006850141928781069,0.011128107403608175,0.6484,0
3740,28427.19,4337.68,623.95,0.1438,674,41,0,0,0.005600000000000022,1.3333333333332575,0.0,0,0,0.0033158709263178573,0.26338867812257694,0.8562,0
3741,48721.1,6222.69,1375.84,0.2211,699,22,0,0,-0.005933333333333318,-2.6666666666667425,0.0,1,48,0.0047959473632548455,0.3388691962195757,0.7789,0
3742,61013.36,5724.21,1776.98,0.3104,569,36,0,0,-0.007266666666666588,3.6666666666667425,0.0,0,0,0.008776547030454378,0.3494932912366419,0.6896,0
3743,32072.26,10622.5,1530.2,0.1441,685,39,0,0,0.002333333333333326,2.0,0.0,0,0,0.0026842648486648563,0.5725321506226757,0.8559,0
3744,77139.56,3757.9,919.46,0.2447,693,21,0,0,0.0020000000000000018,2.0,0.0,0,0,0.0038887658710701502,0.14303322443482439,0.7553,0
3745,43332.03,13004.2,1593.54,0.1225,735,29,0,0,-0.002799999999999983,0.33333333333337123,0.0,0,0,0.003422880528314007,0.44130127286223114,0.8775,0
3746,42640.62,4394.07,1055.3,0.2402,627,54,0,0,-0.0020000000000000018,-4.666666666666629,0.0,0,0,0.005019821820653704,0.2969844246269446,0.7598,0
3747,83648.79,4307.36,773.05,0.1795,702,29,0,0,0.008199999999999985,5.333333333333371,0.0,0,0,0.005091605291501346,0.11089939255151458,0.8205,0
3748,64872.87,9693.7,2337.6,0.2411,633,32,0,0,-0.017199999999999993,7.333333333333371,0.0,0,0,0.00877040477971229,0.4324026360296864,0.7589,0
3749,48406.96,12597.17,6600.83,0.524,693,51,0,0,0.0657666666666667,-1.3333333333333712,0.0,0,0,0.05783957218990394,1.6363341135316902,0.476,0
3750,56656.37,13039.76,4387.68,0.3365,608,46,0,0,0.04296666666666665,3.3333333333333712,0.0,0,0,0.037691577308465105,0.9293246282606545,0.6635,1
3751,48400.0,4400.04,1632.02,0.3709,619,31,0,0,0.049266666666666625,1.3333333333333712,0.0,0,0,0.04547084230581175,0.4046330577509174,0.6291,0
3752,23458.34,13325.15,3220.61,0.2417,616,24,0,0,0.03926666666666667,-3.3333333333332575,0.0,0,0,0.031120571974178116,1.6474874172780405,0.7583,1
3753,60852.79,10786.69,3427.92,0.3178,775,29,0,0,-0.004733333333333312,3.3333333333332575,0.0,0,0,0.008228169770840756,0.6759762369463796,0.6821999999999999,0
3754,46513.16,3704.88,1060.07,0.2861,719,40,0,0,-0.005500000000000005,4.0,0.0,0,0,0.004755464692797607,0.27348905120009326,0.7139,0
3755,56958.78,5571.87,707.46,0.127,625,24,0,0,0.0008333333333333248,-0.33333333333337123,0.0,0,0,0.004645995886543345,0.1490467316577258,0.873,0
3756,59823.87,12292.96,3757.18,0.3056,569,21,0,0,0.0031999999999999806,4.3333333333332575,0.3333333333333333,2,44,0.003092104641035145,0.7536483345352986,0.6944,0
3757,40378.31,5135.97,1474.2,0.287,675,28,0,0,-0.0030333333333333323,2.6666666666666288,0.0,0,0,0.007023492325363815,0.4381164044444308,0.7130000000000001,0
3758,33491.53,8870.79,2682.39,0.3024,646,21,0,0,0.03566666666666665,-0.33333333333337123,0.3333333333333333,1,58,0.03013414914087412,0.961099119343512,0.6976,0
3759,68007.18,8770.36,1334.1,0.1521,739,34,0,0,0.006233333333333341,4.333333333333371,-0.3333333333333333,1,36,0.006726894611268351,0.2354045557715398,0.8479,0
3760,42681.19,5837.26,991.41,0.1698,672,34,0,0,-0.010533333333333339,-1.3333333333333712,0.0,0,0,0.009383999384294765,0.2787391822171577,0.8302,0
3761,33631.25,1661.17,216.11,0.1301,656,35,0,0,0.002366666666666656,-10.333333333333258,0.3333333333333333,1,56,0.0015248861523988572,0.07711042554394128,0.8699,0
3762,47554.28,7763.77,2363.4,0.3044,629,38,0,0,0.007233333333333314,6.333333333333371,0.0,0,0,0.0065394529162953975,0.5963879590405605,0.6956,0
3763,92781.27,8265.04,2509.86,0.3037,665,21,0,0,-0.0009333333333333971,0.33333333333337123,0.0,0,0,0.006046716280575599,0.3246163799666097,0.6962999999999999,0
3764,105474.7,8104.55,1783.98,0.2201,681,41,0,0,0.0072666666666666435,0.33333333333337123,0.0,0,0,0.004265689992382357,0.20296582969721091,0.7799,0
3765,58179.13,9007.42,2496.32,0.2771,665,24,0,0,0.03626666666666664,3.3333333333332575,0.0,0,0,0.03204568787077461,0.5148897894111054,0.7229,1
3766,39333.6,12814.65,2734.72,0.2134,736,32,0,0,0.00036666666666665404,6.0,0.0,0,0,0.009290691279148411,0.834315699300044,0.7866,0
3767,104025.84,18046.91,7107.32,0.3938,672,23,0,0,0.0484,0.0,0.0,0,0,0.04536381022111987,0.8198716779423414,0.6062000000000001,0
3768,64435.26,5656.9,1701.92,0.3009,687,33,0,0,0.02143333333333336,1.6666666666667425,0.0,0,0,0.014153533127809462,0.3169544127888449,0.6991,0
3769,68207.77,7008.07,1645.15,0.2348,688,49,0,0,-0.009166666666666712,-1.3333333333332575,0.0,0,0,0.008380947307898907,0.28943623280055575,0.7652,0
3770,68682.92,11264.1,2273.41,0.2018,744,21,0,0,0.00470000000000001,1.0,0.0,0,0,0.0032634337744161363,0.3972009343113773,0.7982,0
3771,26201.21,9392.76,1510.15,0.1608,644,43,0,0,-0.005300000000000027,-2.0,0.0,0,0,0.004874280573696089,0.6916398132643616,0.8392,0
3772,25660.19,5837.65,1263.86,0.2165,680,21,0,0,0.006366666666666659,2.6666666666666288,0.0,0,0,0.005392304186935708,0.591044726983996,0.7835,0
3773,49337.54,10941.56,3534.44,0.323,669,53,0,0,0.016133333333333333,-3.0,0.0,0,0,0.01067599852212638,0.8596553453959019,0.677,0
3774,45477.85,5141.85,1359.75,0.2644,700,60,0,0,0.0048000000000000265,3.3333333333332575,0.0,0,0,0.004091895784488053,0.35879004824754296,0.7356,0
3775,60599.14,8516.71,980.02,0.1151,694,33,0,0,-0.004299999999999998,6.6666666666667425,0.0,0,0,0.00471860972933531,0.19406612037186016,0.8849,0
3776,65694.65,5441.39,1751.96,0.322,740,21,0,0,0.011300000000000032,-1.6666666666666288,0.0,0,0,0.013356843855409006,0.32001875337123764,0.6779999999999999,0
3777,95874.31,7736.29,1820.01,0.2353,601,26,0,0,0.0030333333333333323,4.333333333333371,0.0,0,0,0.002548528987474931,0.22779950121431283,0.7646999999999999,0
3778,26090.84,8435.0,1396.95,0.1656,735,23,0,0,-0.007499999999999979,3.6666666666666288,0.0,0,0,0.004723375676121657,0.6425013526697486,0.8344,0
3779,47822.13,8006.95,1622.47,0.2026,666,21,0,0,0.02943333333333334,-7.0,0.0,0,0,0.025648732912173275,0.40712615676287295,0.7974,0
3780,60718.79,5176.28,1313.84,0.2538,681,38,0,0,0.03463333333333332,3.3333333333333712,0.0,0,0,0.03127851143801087,0.25965734819294173,0.7462,0
3781,71102.29,4988.38,874.19,0.1752,636,34,0,0,0.0020999999999999908,-0.6666666666666288,0.0,0,0,0.004759726882920927,0.14753786408608704,0.8248,0
3782,62139.82,11376.07,3014.66,0.265,751,57,0,0,0.009533333333333338,2.6666666666666288,0.0,0,0,0.008350748469448705,0.5821696939742336,0.735,0
3783,24232.93,4443.41,1088.87,0.2451,746,59,0,0,0.007766666666666644,4.333333333333371,0.0,0,0,0.0066370383287862504,0.5392018213864183,0.7549,0
3784,40696.31,5810.31,1968.73,0.3388,715,55,0,0,0.03809999999999997,4.0,0.0,0,0,0.031643026263477245,0.5805135648178874,0.6612,0
3785,67592.82,6423.68,1100.31,0.1713,603,21,0,0,0.021133333333333337,-0.33333333333337123,0.0,0,0,0.01943566309648322,0.19534204960905452,0.8287,0
3786,21712.52,5577.77,1099.76,0.1972,650,32,0,0,-0.009333333333333388,-4.333333333333371,0.3333333333333333,1,33,0.005421023888528827,0.6078115296016428,0.8028,0
3787,99048.67,8293.16,5460.7,0.6585,660,53,1,13,0.1279333333333334,-5.333333333333371,0.3333333333333333,1,13,0.10318759749978569,0.6615777878901459,0.3415,1
3788,37287.44,4144.76,915.27,0.2208,622,55,0,0,0.034833333333333355,-0.33333333333337123,0.0,0,0,0.028911536528597792,0.29455602198663483,0.7792,1
3789,73372.84,3632.71,1228.11,0.3381,681,23,0,0,-0.008800000000000086,10.0,0.0,1,55,0.0070677279077351225,0.200855248312451,0.6618999999999999,0
3790,38754.11,18316.87,4507.92,0.2461,663,61,0,0,-0.0010999999999999899,5.3333333333332575,0.0,0,0,0.004562619861439229,1.3958529813547458,0.7539,0
3791,50783.13,5460.57,2131.73,0.3904,740,21,0,0,0.02426666666666666,2.0,0.0,0,0,0.022037020619352726,0.5037255481092893,0.6095999999999999,0
3792,49306.97,9174.39,1135.87,0.1238,737,55,0,0,0.0005333333333333301,1.6666666666666288,0.0,0,0,0.0017029386365926388,0.276440430159929,0.8762,0
3793,63813.26,6567.21,2615.96,0.3983,689,43,0,0,0.06500000000000006,-2.3333333333332575,0.0,0,0,0.05079434297023421,0.49192785314677334,0.6017,0
3794,64228.54,8264.77,951.48,0.1151,683,32,0,0,0.000733333333333322,3.6666666666666288,0.0,0,0,0.0015036991424853274,0.17776770261112565,0.8849,0
3795,50595.45,9175.96,2378.38,0.2592,504,26,0,0,0.02836666666666665,1.0,0.0,0,0,0.02349553149005147,0.5640934114279225,0.7408,0
3796,39957.0,2807.59,754.67,0.2688,691,46,0,0,0.001733333333333309,2.6666666666666288,0.0,0,0,0.0041325268030319865,0.22664464292314898,0.7312000000000001,0
3797,46647.94,4709.82,1233.3,0.2619,703,23,0,0,0.0032333333333333103,-3.6666666666667425,0.0,1,44,0.0036937259117469693,0.31726159817974514,0.7381,0
3798,33304.22,500.0,134.8,0.2696,677,48,0,0,0.018100000000000005,8.333333333333371,0.0,0,0,0.008862906470854304,0.04857042138855541,0.7303999999999999,0
3799,85238.95,11443.27,2409.08,0.2105,767,32,0,0,0.0037333333333333385,0.33333333333325754,0.0,1,48,0.004057537567430643,0.33915199560682263,0.7895,0
3800,67181.62,4732.22,1027.47,0.2171,655,64,0,0,-0.003066666666666662,4.3333333333332575,0.0,0,0,0.005987997253766162,0.18352698249607075,0.7829,0
3801,29221.36,6919.03,1464.63,0.2117,624,26,0,0,0.004299999999999998,5.333333333333371,0.0,0,0,0.005675605694549258,0.6014627653463922,0.7883,0
3802,49950.87,6662.68,2200.93,0.3303,726,57,0,0,0.008033333333333337,1.3333333333332575,0.0,0,0,0.008632609364754344,0.5287427424918741,0.6697,0
3803,48443.05,14003.81,5442.4,0.3886,723,23,0,0,0.07266666666666666,0.6666666666666288,0.0,1,34,0.057388391683336114,1.3481562367320414,0.6113999999999999,0
3804,79930.27,6355.75,825.39,0.1299,696,63,0,0,-0.001700000000000007,3.0,0.0,0,0,0.002358730826336719,0.12391650870831539,0.8701,0
3805,62136.2,8789.54,1086.55,0.1236,660,41,0,0,0.0009333333333333416,-1.6666666666666288,0.0,0,0,0.0047352695570345065,0.20983903099130508,0.8764,0
3806,43637.08,12711.69,4058.76,0.3193,655,36,0,0,0.008133333333333326,3.6666666666666288,0.0,0,0,0.00892703447088923,1.1161406763836241,0.6807000000000001,0
3807,63471.1,6153.27,1114.91,0.1812,547,23,0,0,3.333333333332966e-05,-1.6666666666666288,0.3333333333333333,1,50,0.0017253824052784474,0.21078758675161688,0.8188,0
3808,70569.21,5776.59,921.04,0.1594,673,50,0,0,0.005033333333333334,4.6666666666667425,0.0,0,0,0.0031398425296678602,0.15661901271277615,0.8406,0
3809,28064.49,10483.08,1805.75,0.1723,669,32,0,0,-6.666666666665932e-05,2.3333333333333712,0.0,0,0,0.00505840884073243,0.7721145116385377,0.8277,0
3810,56335.9,11163.63,2113.72,0.1893,711,44,0,0,0.010133333333333328,8.0,0.0,0,0,0.006713502149482873,0.45023936769621364,0.8107,0
3811,37276.77,8137.37,1323.56,0.1627,656,46,0,0,-0.009366666666666662,4.666666666666629,0.0,0,0,0.009567886101142948,0.4260755423521699,0.8372999999999999,0
3812,42269.51,13725.14,6668.72,0.4859,722,47,0,0,0.08496666666666669,5.666666666666629,0.0,0,0,0.07428844122742105,1.8932000862390312,0.5141,0
3813,16889.31,5907.4,1256.71,0.2127,679,47,0,0,0.009000000000000008,-2.6666666666666288,0.0,0,0,0.008237077421297218,0.8929032618434477,0.7873,0
3814,51068.99,2221.54,347.43,0.1564,762,29,0,0,0.0035333333333333328,-2.0,0.0,0,0,0.0027708302004994926,0.08163780014095337,0.8436,0
3815,45325.64,16698.52,6773.18,0.4056,710,29,0,0,0.059266666666666634,1.6666666666666288,0.0,0,0,0.04994417995233393,1.7932049051812957,0.5944,1
3816,48967.68,7381.95,2154.73,0.2919,670,41,0,0,0.0688,-5.0,-0.3333333333333333,2,45,0.05325533880383368,0.5280372685343384,0.7081,0
3817,48716.18,1587.86,462.34,0.2912,650,27,0,0,-0.003899999999999959,4.3333333333332575,0.0,0,0,0.00793280810586294,0.11388577673030542,0.7088,0
3818,39932.1,12966.23,4545.33,0.3506,620,60,0,0,0.022399999999999975,1.6666666666666288,0.0,0,0,0.012199897540553364,1.3659176447922596,0.6494,0
3819,85245.22,2654.49,480.28,0.1809,684,35,0,0,-0.009266666666666645,-7.333333333333371,0.0,0,0,0.00889425532452143,0.06760918675778758,0.8190999999999999,0
3820,26145.58,10021.43,4933.27,0.4923,594,44,0,0,0.0776,4.3333333333332575,0.0,1,7,0.07391166649754587,2.2642159773403154,0.5077,1
3821,77130.31,1215.48,358.2,0.2947,726,39,0,0,0.01206666666666667,6.3333333333332575,0.0,0,0,0.008096827224975917,0.055729064220424514,0.7053,0
3822,46940.33,10400.63,3524.76,0.3389,560,41,0,0,0.0075666666666666105,3.3333333333333712,0.0,0,0,0.006922567763802991,0.9010827147825125,0.6611,0
3823,87769.34,11139.8,4486.12,0.4027,665,39,0,0,0.03866666666666668,-0.6666666666666288,0.3333333333333333,1,33,0.032181572539438014,0.6133513137120523,0.5972999999999999,1
3824,57277.22,11224.59,1451.77,0.1293,621,41,0,0,-0.006133333333333324,-11.0,-0.3333333333333333,1,44,0.003976423574576083,0.3041565214992997,0.8707,0
3825,40477.67,8956.47,1331.07,0.1486,551,44,0,0,-0.0033666666666666845,1.6666666666667425,-0.3333333333333333,1,26,0.0024717290394467815,0.39460868165743473,0.8513999999999999,0
3826,79278.72,2780.77,824.97,0.2967,672,31,0,0,0.008033333333333392,1.0,0.0,0,0,0.0053691505638953675,0.12487133998255198,0.7033,0
3827,47636.79,12905.92,7550.02,0.585,683,34,1,53,0.0971999999999999,-13.0,0.0,2,53,0.08409391740455693,1.9018964119365989,0.41500000000000004,1
3828,18948.71,4688.29,1504.23,0.3208,647,37,0,0,-0.006866666666666688,4.666666666666629,0.0,0,0,0.013028814220795382,0.9526115492067091,0.6792,0
3829,93812.3,5512.5,3675.96,0.6668,639,28,1,12,0.1481666666666666,-9.666666666666629,0.6666666666666666,2,35,0.11994432504754494,0.47021040944905385,0.33320000000000005,0
3830,59917.3,3718.2,1298.73,0.3493,770,42,0,0,0.03529999999999994,-1.6666666666667425,0.0,0,0,0.038085652737539444,0.26010451066517926,0.6507000000000001,1
3831,59883.4,6672.09,1213.72,0.1819,638,41,0,0,0.009000000000000008,-0.6666666666666288,0.0,1,20,0.006663415874092752,0.2432166509764208,0.8181,0
3832,47708.16,6497.66,2466.03,0.3795,796,26,0,0,0.057533333333333325,-5.6666666666667425,-0.3333333333333333,1,9,0.04448752009771331,0.620278794918032,0.6205,0
3833,35919.66,9200.6,1895.57,0.206,646,37,0,0,0.010266666666666702,-2.6666666666667425,0.3333333333333333,1,46,0.006135552134893815,0.6332699138132365,0.794,0
3834,32141.59,9672.48,4304.72,0.445,669,30,0,0,0.061799999999999966,-2.3333333333332575,0.0,1,18,0.049652567909424364,1.6071588238389607,0.5549999999999999,0
3835,32630.98,9808.59,2377.63,0.2424,701,44,0,0,-0.004466666666666647,6.666666666666629,0.0,0,0,0.0034540234188230054,0.874370306668925,0.7576,0
3836,35264.16,7280.87,799.99,0.1099,796,43,0,0,0.0013666666666666688,-1.0,0.0,0,0,0.0011872002545672067,0.2722276667509808,0.8901,0
3837,34025.36,7235.11,1937.81,0.2678,690,45,0,0,-0.005800000000000027,0.0,0.0,0,0,0.005340672034283464,0.6834231876400109,0.7322,0
3838,68991.28,8997.48,1563.18,0.1737,679,23,0,0,-0.01426666666666665,5.0,0.0,0,0,0.010323651378159663,0.2718917520697876,0.8263,0
3839,63733.98,5436.38,1295.49,0.2383,679,51,0,0,-0.00903333333333331,2.3333333333333712,0.0,0,0,0.005762040533622698,0.2439182363485378,0.7617,0
3840,67940.63,9267.57,1307.35,0.1411,712,21,2,36,0.013233333333333333,3.0,0.6666666666666666,2,36,0.007329866604819245,0.23091042866733902,0.8589,0
3841,34008.29,7167.4,2140.42,0.2986,679,21,0,0,0.0019333333333333425,9.666666666666742,0.0,1,49,0.005569510251758611,0.7552582029539534,0.7014,0
3842,31101.2,6705.17,2622.71,0.3911,753,34,0,0,0.012699999999999989,6.0,0.0,0,0,0.014134276698076141,1.0119390887765336,0.6089,0
3843,65419.5,3277.64,424.58,0.1295,624,42,0,0,0.005000000000000018,-2.0,0.0,0,0,0.003409463952653621,0.07788136563357138,0.8705,0
3844,41477.53,6007.99,2107.59,0.3508,749,36,0,0,-0.0035999999999999366,4.3333333333332575,0.0,1,55,0.0052343682628480685,0.6097537628851805,0.6492,0
3845,45477.11,2930.15,1070.2,0.3652,648,38,0,0,0.008266666666666644,-7.666666666666629,0.0,0,0,0.011577900404554264,0.28239261458371673,0.6348,0
3846,82207.16,11709.57,1760.8,0.1504,692,35,0,0,0.004499999999999976,1.6666666666666288,0.3333333333333333,1,57,0.0035234137486881067,0.25702870646444487,0.8496,0
3847,42244.32,8834.59,2870.21,0.3249,697,39,0,0,-0.004633333333333323,7.0,0.0,0,0,0.004406529246470514,0.8153171832382718,0.6751,0
3848,27842.9,7421.1,2042.63,0.2752,756,22,0,0,-0.00986666666666669,-6.3333333333332575,0.0,0,0,0.013005426217971908,0.8803522617771774,0.7248,0
3849,76332.35,8924.86,1414.61,0.1585,653,22,0,0,-0.002700000000000008,-2.3333333333332575,0.0,0,0,0.008587507075850221,0.2223869695788398,0.8415,0
3850,59947.97,4978.59,1094.38,0.2198,757,30,0,0,-0.0015999999999999903,6.0,0.0,1,48,0.005191847241375448,0.21906596666027572,0.7802,0
3851,41344.82,7377.77,1033.55,0.1401,699,36,0,0,-0.004333333333333328,3.6666666666667425,0.0,0,0,0.0040179112871131266,0.2999795378574691,0.8599,0
3852,57114.72,6170.17,986.69,0.1599,630,42,0,0,-0.0016666666666666496,1.0,0.0,0,0,0.0022110203778145294,0.20730697791238958,0.8401000000000001,0
3853,46686.91,4493.61,1375.62,0.3061,731,44,0,0,0.0005999999999999894,10.333333333333371,0.0,0,0,0.00403674098472738,0.3535774801921367,0.6939,0
3854,48512.37,13486.25,3507.41,0.2601,709,45,0,0,-0.014133333333333331,-8.333333333333258,0.3333333333333333,1,52,0.007841839353394348,0.8675915027360835,0.7399,0
3855,49012.09,7167.06,1799.47,0.2511,527,35,0,0,-0.009133333333333327,3.6666666666666288,0.0,0,0,0.013889994400446835,0.44057782466964923,0.7489,0
3856,51528.07,13428.7,8590.51,0.6397,702,45,0,0,0.1238333333333333,9.333333333333371,0.0,0,0,0.10963847408642646,2.0005818183369377,0.36029999999999995,1
3857,63667.8,6543.93,670.49,0.1025,670,42,0,0,-0.007900000000000018,-2.3333333333333712,0.0,0,0,0.007405422187679632,0.1263728289415297,0.8975,0
3858,46050.22,12310.81,2648.71,0.2152,737,26,0,0,-0.0006333333333333191,1.0,0.0,0,0,0.003755329546125069,0.6902142919559869,0.7847999999999999,0
3859,57084.38,8904.05,1562.93,0.1755,653,21,0,0,0.0002666666666666373,-1.0,0.0,0,0,0.0031874754901018492,0.3285515231322015,0.8245,0
3860,58398.32,3869.25,873.66,0.2258,635,36,0,0,-0.02020000000000005,7.666666666666629,0.0,0,0,0.010051865498503261,0.17952434244419543,0.7742,0
3861,23946.24,9490.89,2740.72,0.2888,648,56,0,0,-0.01539999999999997,1.3333333333333712,0.0,0,0,0.009704509261163051,1.3734364970667108,0.7112,0
3862,58441.47,7282.6,1144.38,0.1571,728,54,0,0,-0.006900000000000017,-0.33333333333337123,0.0,0,0,0.004178649436254631,0.23497971555438701,0.8429,0
3863,49396.34,1072.82,280.15,0.2611,771,47,0,0,0.0004999999999999449,-1.0,0.3333333333333333,1,27,0.004782984888586253,0.06805767389210025,0.7389,0
3864,63796.3,4646.59,1219.85,0.2625,600,21,0,0,0.010566666666666669,4.333333333333371,0.0,1,44,0.0062413940750444446,0.22945217821796204,0.7375,0
3865,61131.37,6907.82,1371.65,0.1986,720,32,0,0,0.001333333333333353,4.6666666666667425,0.0,0,0,0.005649065802807083,0.26925292197392214,0.8014,0
3866,55398.02,11078.98,5930.86,0.5353,563,21,0,0,0.08926666666666666,5.0,0.0,0,0,0.06804465445573224,1.2847087311890117,0.4647,1
3867,64430.52,16464.59,12329.34,0.7488,636,39,1,55,0.16369999999999996,-6.0,0.0,2,55,0.1349788224129993,2.2963042975975414,0.2512,1
3868,42713.5,8926.09,3204.68,0.359,687,46,0,0,0.009933333333333239,-2.0,-0.3333333333333333,1,58,0.01207053345042286,0.9003279990915298,0.641,0
3869,145344.02,8055.07,4977.34,0.6179,640,43,1,20,0.11396666666666672,3.3333333333333712,0.3333333333333333,1,20,0.09752129254680746,0.4109428099970587,0.3821,1
3870,35552.1,10761.05,2343.81,0.2178,732,33,0,0,-0.004933333333333317,3.3333333333333712,0.0,0,0,0.004315121988748147,0.7911127610044596,0.7822,0
3871,35890.63,10061.34,3120.73,0.3102,707,39,0,0,0.009399999999999964,0.33333333333337123,0.3333333333333333,1,29,0.010413092720224854,1.0434132804990897,0.6898,0
3872,71150.95,7131.21,979.89,0.1374,740,29,0,0,0.005333333333333301,14.666666666666629,0.0,0,0,0.004062566238776214,0.16526385098184682,0.8626,0
3873,48282.38,12067.52,2055.54,0.1703,744,26,0,0,0.004433333333333345,2.6666666666666288,0.0,0,0,0.005171100248281584,0.5108795381227986,0.8297,0
3874,100267.68,5587.62,1007.39,0.1803,717,50,0,0,-0.002599999999999991,-5.3333333333332575,0.0,0,0,0.001878829422805594,0.12056407407205623,0.8197,0
3875,38576.33,3132.8,555.23,0.1772,767,37,0,0,-0.010300000000000031,11.666666666666629,0.0,0,0,0.006491105024912517,0.17271627440784038,0.8228,0
3876,57354.73,13056.72,2386.01,0.1827,577,21,0,0,0.005766666666666698,1.3333333333333712,0.0,0,0,0.004562345887808148,0.49921113732048716,0.8173,0
3877,42112.69,9227.14,1614.77,0.175,653,52,0,0,-0.005966666666666676,8.666666666666629,0.0,1,57,0.003940530139178978,0.4601282889902892,0.825,0
3878,52953.16,5162.76,1491.48,0.2889,814,21,0,0,0.03563333333333332,-4.333333333333371,0.0,0,0,0.028914764586818114,0.33799229349002197,0.7111000000000001,1
3879,35970.59,6336.02,1452.36,0.2292,544,55,0,0,-0.004466666666666647,-2.6666666666666288,0.0,0,0,0.00823677390999926,0.48451582234780727,0.7708,0
3880,105766.03,7268.22,1953.05,0.2687,678,21,0,0,-0.0006666666666666488,4.666666666666629,0.0,1,7,0.005838045715629305,0.22158910566408638,0.7313000000000001,0
3881,67827.79,12134.4,2892.65,0.2384,737,30,0,0,-0.009733333333333344,4.333333333333371,0.0,0,0,0.00555855196971297,0.511763688509663,0.7616,0
3882,47937.79,18942.09,2747.4,0.145,711,43,0,0,-0.007333333333333358,-0.6666666666666288,0.0,0,0,0.004634142615174637,0.6877413412622297,0.855,0
3883,29317.35,5525.0,1419.18,0.2569,828,51,0,0,-0.003699999999999981,-5.0,0.0,0,0,0.007381414348062169,0.5808901552503661,0.7431,0
3884,48663.14,5470.15,2474.41,0.4523,615,27,0,0,0.03753333333333336,1.0,0.0,0,0,0.029311791332347993,0.6101727096253535,0.5477000000000001,1
3885,52555.13,1668.14,412.5,0.2473,758,33,0,0,-0.00863333333333327,-1.3333333333332575,0.0,0,0,0.009238837108159852,0.09418680914441194,0.7527,0
3886,60359.68,10116.93,3164.34,0.3128,780,21,0,0,0.05206666666666668,0.0,0.0,0,0,0.03752741590416858,0.6290967744105144,0.6872,0
3887,30238.61,3887.53,909.16,0.2339,647,55,0,0,0.005266666666666642,-2.0,0.0,0,0,0.005371478174374148,0.360794361766975,0.7661,0
3888,17974.95,12601.91,3169.53,0.2515,701,46,0,0,0.049766666666666654,-3.6666666666667425,0.3333333333333333,2,56,0.0397573403425218,2.115964716152669,0.7484999999999999,1
3889,44660.72,2654.8,657.41,0.2476,649,45,0,0,0.04036666666666666,-4.3333333333332575,0.0,0,0,0.0324103164302836,0.176641128890898,0.7524,0
3890,24573.54,2746.08,677.16,0.2466,681,33,0,0,0.001333333333333353,-0.33333333333325754,0.0,0,0,0.0026352313834736405,0.33067763114438814,0.7534,0
3891,73919.73,5831.57,943.44,0.1618,671,37,0,0,-0.013433333333333353,3.6666666666666288,0.0,0,0,0.0077482256033236455,0.1531564035496629,0.8382000000000001,0
3892,77582.39,12464.48,2337.79,0.1876,607,28,0,0,0.009600000000000025,6.0,0.0,0,0,0.005136497942286262,0.36159597552564243,0.8124,0
3893,48579.74,6916.8,2224.17,0.3216,693,39,0,0,0.01579999999999998,0.33333333333337123,0.0,0,0,0.011567495167254006,0.5494068101930377,0.6784,0
3894,75378.56,8897.11,1268.02,0.1425,627,39,0,0,0.001799999999999996,-6.0,0.3333333333333333,1,8,0.0015425447949555496,0.20186429665912467,0.8575,0
3895,43746.38,4648.76,1129.41,0.2429,645,61,0,0,-0.006900000000000017,5.0,0.0,0,0,0.004955300192722952,0.309806662774893,0.7571,0
3896,31662.94,7264.32,820.36,0.1129,786,44,0,0,-0.0021666666666666917,-1.3333333333333712,-0.3333333333333333,1,34,0.0020583839399986687,0.3109098522205797,0.8871,0
3897,25348.74,5140.23,1583.94,0.3081,688,43,0,0,0.015199999999999991,2.0,0.0,0,0,0.0069342347170478075,0.7498313522093022,0.6919,0
3898,37819.11,4414.0,653.65,0.1481,779,45,0,0,-0.009533333333333338,4.666666666666629,0.0,0,0,0.007604603868710057,0.2074030826614154,0.8519,0
3899,51377.69,8826.22,3801.13,0.4307,719,28,0,0,0.07303333333333334,-3.3333333333332575,0.0,0,0,0.06880847412282234,0.8878086965246256,0.5692999999999999,0
3900,62218.08,4647.73,1843.89,0.3967,606,38,0,0,0.08213333333333334,3.6666666666666288,0.0,0,0,0.06366527267234819,0.35563103194011175,0.6033,1
3901,54640.83,8415.99,3244.89,0.3856,689,29,0,0,0.06119999999999998,8.333333333333371,0.0,0,0,0.05682660028542973,0.7126297311268595,0.6144000000000001,0
3902,41155.11,10772.08,3059.02,0.284,745,38,0,0,0.0039000000000000146,0.0,0.0,0,0,0.004931643854853167,0.8919485329840356,0.716,0
3903,33065.23,8657.61,1064.4,0.1229,646,42,0,0,-0.005300000000000013,6.666666666666629,0.0,0,0,0.00264564631884998,0.3862909768165686,0.8771,0
3904,43306.17,7874.17,999.59,0.1269,617,41,0,0,-0.006933333333333319,4.333333333333371,0.0,0,0,0.0046318942609308725,0.2769831642160044,0.8731,0
3905,41924.44,4627.22,1539.56,0.3327,645,21,0,0,0.006366666666666687,-1.3333333333333712,0.0,0,0,0.005383075329214698,0.4406670666253859,0.6673,0
3906,43985.6,9444.51,2863.34,0.3032,717,62,0,0,0.0054333333333333456,1.0,-0.3333333333333333,1,24,0.008065513002903162,0.7811665633895185,0.6968,0
3907,43552.46,10507.73,3340.68,0.3179,626,26,0,0,-0.002533333333333332,4.0,0.0,1,18,0.006765907182337033,0.9204568465008526,0.6820999999999999,0
3908,51196.21,17459.3,3047.15,0.1745,676,53,0,0,-0.009366666666666662,-8.666666666666742,0.0,0,0,0.011527081638954027,0.7142286507424916,0.8255,0
3909,56043.33,4740.54,1358.37,0.2865,715,44,0,0,0.0048000000000000265,4.666666666666629,0.0,0,0,0.0052671149598238175,0.2908542371859371,0.7135,0
3910,53548.93,6950.69,1624.2,0.2337,559,42,0,0,-0.014499999999999985,8.0,0.0,0,0,0.008371379814582533,0.36397365914934837,0.7663,0
3911,67410.69,7024.5,1893.29,0.2695,618,21,0,0,0.05703333333333335,-8.666666666666629,0.0,0,0,0.04590826299383491,0.33703081804911994,0.7304999999999999,1
3912,64256.99,7950.33,1167.43,0.1468,615,25,0,0,0.003400000000000014,-16.0,0.3333333333333333,1,45,0.0029295904150580566,0.2180176817710227,0.8532,0
3913,81666.54,7081.91,2037.92,0.2878,828,31,0,0,-0.012299999999999978,3.0,0.0,0,0,0.008826302233161441,0.29944993379671286,0.7121999999999999,0
3914,30838.48,12078.27,1662.49,0.1376,744,44,0,0,-0.00489999999999996,-6.0,0.0,0,0,0.005484700943938917,0.6469151525054743,0.8624,0
3915,18303.16,7263.41,1746.96,0.2405,713,21,0,0,-0.016666666666666663,0.0,0.0,0,0,0.011275637454263935,1.1453497639891583,0.7595000000000001,0
3916,25643.13,7386.52,2088.65,0.2828,672,54,0,0,0.02206666666666668,-1.6666666666667425,0.0,0,0,0.02172499200869308,0.9774079836693533,0.7172000000000001,0
3917,88643.84,9427.67,1903.01,0.2019,689,31,1,36,-0.009566666666666668,-8.666666666666629,0.0,2,47,0.005504543577809158,0.2576165472627156,0.7981,0
3918,71942.16,3541.06,347.79,0.0982,687,21,0,0,6.666666666665932e-05,-3.0,0.0,0,0,0.00408404755658457,0.058011602644455776,0.9018,0
3919,69651.57,7945.09,1072.85,0.135,789,55,0,0,-0.003899999999999987,1.0,0.0,0,0,0.002980259123707944,0.1848371831070276,0.865,0
3920,42973.92,7890.12,1883.97,0.2388,649,34,0,0,0.005099999999999993,-11.0,0.0,2,48,0.004269660408041836,0.5260781421310196,0.7612,0
3921,65900.88,12150.77,4147.33,0.3413,640,30,0,0,0.03916666666666663,-8.666666666666742,0.0,0,0,0.03158904521788808,0.7551941641892742,0.6587000000000001,1
3922,58035.77,9613.83,3017.19,0.3138,697,32,0,0,0.004866666666666686,-7.666666666666629,0.0,0,0,0.008091816854081656,0.623861456348622,0.6861999999999999,0
3923,87284.92,2859.13,621.31,0.2173,635,48,0,0,0.006200000000000011,1.6666666666666288,0.0,0,0,0.00561881759012615,0.08541819135510442,0.7827,0
3924,36560.94,11573.46,1456.27,0.1258,687,60,0,0,0.0007333333333333358,-5.666666666666629,0.3333333333333333,1,34,0.003893406106625805,0.4779756755232303,0.8742,0
3925,61307.23,8323.54,1201.41,0.1443,758,37,1,44,-0.00033333333333335213,1.0,0.3333333333333333,1,44,0.0013181426326464023,0.2351585611872873,0.8557,0
3926,23937.36,11371.7,3744.28,0.3293,651,22,0,0,-0.0011000000000000454,4.0,0.0,0,0,0.006199014258555794,1.8770390710368867,0.6707000000000001,0
3927,68418.78,3229.83,1208.17,0.3741,691,36,0,0,0.010899999999999965,1.0,0.0,0,0,0.010461715920440597,0.21190146912086394,0.6259,0
3928,37812.49,8753.89,2900.47,0.3313,712,21,0,0,0.038433333333333375,0.0,0.0,0,0,0.035974659291105326,0.9204799786777925,0.6687000000000001,0
3929,27689.74,8696.41,2258.46,0.2597,654,41,0,0,0.010666666666666685,7.666666666666629,0.0,1,46,0.007169049991301334,0.9787567520769397,0.7403,0
3930,46944.69,5010.91,784.94,0.1566,629,35,0,0,0.0012333333333333363,2.0,0.0,0,0,0.004872741642146747,0.20064633502941961,0.8434,0
3931,68961.34,7128.3,2133.59,0.2993,682,42,0,0,0.006866666666666688,-1.0,0.0,0,0,0.004786961457960571,0.3712671475865289,0.7007,0
3932,59568.86,10101.84,1818.74,0.18,702,21,0,0,0.0077333333333332865,-6.666666666666629,0.3333333333333333,1,47,0.00467065305926269,0.3663806894341008,0.8200000000000001,0
3933,87682.97,14829.33,5647.18,0.3808,528,21,0,0,0.01799999999999996,-5.3333333333332575,0.3333333333333333,1,40,0.014089160530153837,0.7728542953178451,0.6192,0
3934,42765.87,3619.94,1133.46,0.3131,723,37,0,0,0.006033333333333335,4.0,0.0,0,0,0.006619248027113383,0.3180461427812283,0.6869000000000001,0
3935,66026.04,11167.49,4211.56,0.3771,588,42,0,0,0.06059999999999999,1.6666666666666288,0.0,0,0,0.04125054881789788,0.7654361823125357,0.6229,0
3936,201254.84,12296.75,2488.45,0.2024,742,60,0,0,-0.012899999999999967,3.0,0.0,0,0,0.008973015100845442,0.1483760589222077,0.7976,0
3937,48959.07,8011.21,2838.1,0.3543,646,69,0,0,0.010833333333333306,0.6666666666667425,0.0,0,0,0.006287112037953331,0.6956259584108213,0.6456999999999999,0
3938,26436.22,11462.89,7403.05,0.6458,729,43,0,0,0.12403333333333338,-7.333333333333371,0.3333333333333333,1,49,0.09618391815221045,3.360412341842936,0.35419999999999996,1
3939,46137.35,13450.32,3878.48,0.2884,635,48,0,0,-0.00830000000000003,2.3333333333333712,0.0,0,0,0.008951675820761165,1.0087653492863118,0.7116,0
3940,82606.32,3795.6,891.15,0.2348,663,37,0,0,-0.012933333333333352,1.0,0.0,0,0,0.013753191548792473,0.12945498599195,0.7652,0
3941,60732.77,12458.87,3800.15,0.305,757,22,0,0,0.03256666666666663,7.0,0.0,0,0,0.026671150664674712,0.7508598733597971,0.6950000000000001,0
3942,58380.37,708.46,98.63,0.1392,724,39,0,0,0.0057333333333333125,1.0,0.0,0,0,0.005101089208307483,0.020273252803240556,0.8608,0
3943,97213.45,11859.76,8005.73,0.675,666,40,0,0,0.1484999999999999,-11.333333333333258,0.6666666666666666,2,49,0.10607322942194226,0.9882249831493615,0.32499999999999996,1
3944,56026.98,5953.44,1468.48,0.2467,700,44,0,0,0.0035333333333333883,0.0,0.0,0,0,0.0091046691318246,0.31452275307763733,0.7533,0
3945,78970.58,7875.76,1644.53,0.2088,623,55,0,0,-0.0004666666666666708,1.0,-0.3333333333333333,1,29,0.00641872261435249,0.24989508747436395,0.7912,0
3946,58890.09,5739.61,1815.45,0.3163,563,24,0,0,0.011933333333333351,7.0,0.0,0,0,0.00884978028603601,0.36993320940010116,0.6837,0
3947,22305.35,6683.35,2614.98,0.3913,816,23,0,0,0.0426333333333333,1.6666666666666288,0.0,0,0,0.03532895806244186,1.4068266125892703,0.6087,0
3948,53702.82,6062.8,645.69,0.1065,598,36,0,0,3.333333333334354e-05,0.33333333333325754,0.0,0,0,0.0010747092630102332,0.14428069137279256,0.8935,0
3949,104960.19,13163.95,4033.28,0.3064,653,28,0,0,0.001733333333333309,3.3333333333333712,0.0,0,0,0.005243911813819072,0.46112111643916176,0.6936,0
3950,100416.43,18844.28,2974.91,0.1579,640,64,0,0,-0.008733333333333315,-2.6666666666667425,0.0,1,24,0.0074925147832872255,0.35550875484951905,0.8421,0
3951,22497.22,15065.41,4794.16,0.3182,716,32,0,0,-0.009799999999999975,-3.6666666666666288,0.0,0,0,0.009114746903294202,2.557201288395347,0.6818,1
3952,53849.22,6069.44,1777.7,0.2929,668,45,0,0,0.02046666666666669,2.6666666666666288,0.0,0,0,0.025616840164235707,0.3961505848226992,0.7071000000000001,0
3953,20978.57,7334.18,1995.71,0.2721,656,38,0,0,-0.0021333333333333204,-8.0,0.3333333333333333,1,11,0.007512397161433286,1.1415706593109611,0.7279,0
3954,71014.84,5030.49,622.2,0.1237,645,21,0,0,0.004533333333333334,-2.6666666666666288,0.0,0,0,0.002381059521398919,0.105138587916812,0.8763,0
3955,69752.75,14055.86,3421.21,0.2434,675,34,0,0,-0.005933333333333318,8.0,0.0,0,0,0.00772325133030842,0.5885720633657759,0.7565999999999999,0
3956,63397.17,508.82,56.65,0.1113,668,34,0,0,-0.0022000000000000075,5.666666666666629,0.0,0,0,0.005320479301717097,0.010722876113733869,0.8887,0
3957,54699.25,4397.38,1448.02,0.3293,602,29,0,0,0.016566666666666674,-4.666666666666629,0.0,0,0,0.014316928596750222,0.3176687065396322,0.6707000000000001,0
3958,36180.37,13805.62,2394.63,0.1735,699,34,0,0,0.001600000000000018,2.0,0.0,1,18,0.0038017905138383306,0.7942306833918291,0.8265,0
3959,36620.73,12307.66,3491.02,0.2836,655,48,0,0,0.04403333333333337,-4.0,-0.3333333333333333,1,35,0.04170324061482247,1.14394879583975,0.7163999999999999,1
3960,48860.66,7390.92,1992.66,0.2696,652,35,0,0,-0.0006666666666666488,3.0,0.0,0,0,0.007447445497916998,0.48939003267920084,0.7303999999999999,0
3961,34308.96,3904.49,403.31,0.1033,783,39,0,0,-0.002266666666666667,-10.0,0.3333333333333333,1,12,0.002294013949390891,0.1410628593320009,0.8967,0
3962,40550.3,5454.7,1591.43,0.2918,661,33,0,0,0.054466666666666635,-0.33333333333337123,0.0,0,0,0.04120505969470795,0.47094990651976926,0.7081999999999999,0
3963,57799.68,9391.88,1023.82,0.109,661,25,0,0,-0.0005666666666666598,-4.0,0.0,0,0,0.003256702490420502,0.2125589622200208,0.891,0
3964,38215.9,4045.68,778.05,0.1923,764,35,0,0,0.02416666666666667,-0.6666666666667425,-0.3333333333333333,1,26,0.018662715355607946,0.24431192244767902,0.8077,0
3965,44747.26,500.0,79.16,0.1583,606,46,0,0,-0.007333333333333331,7.0,0.0,0,0,0.004278369367462837,0.021228562368852465,0.8417,0
3966,56076.77,8607.81,1667.88,0.1938,655,27,0,0,-0.00576666666666667,2.6666666666666288,0.0,0,0,0.00594645085557576,0.3569135668070226,0.8062,0
3967,65732.93,5379.59,921.86,0.1714,723,25,0,0,0.0013333333333333253,-2.0,0.0,0,0,0.002250246900033657,0.16829190480297315,0.8286,0
3968,48007.1,12183.59,3682.34,0.3022,567,35,0,0,-0.005033333333333334,2.6666666666666288,0.0,0,0,0.005445512933701582,0.9204488500441521,0.6978,0
3969,47328.98,10831.8,3591.49,0.3316,726,21,0,0,0.05453333333333332,5.333333333333371,0.0,0,0,0.04646272699702419,0.9106023410830483,0.6684,0
3970,33873.99,3427.9,917.72,0.2677,773,33,0,0,0.007500000000000007,-3.3333333333333712,0.0,0,0,0.006527442071745999,0.3251060768483054,0.7323,0
3971,40038.29,7679.54,2515.37,0.3275,588,26,0,0,-0.0037666666666666404,3.6666666666667425,0.0,0,0,0.006660789075711024,0.7538893392038803,0.6725,0
3972,34274.59,3501.76,833.83,0.2381,706,21,0,0,0.033866666666666684,2.6666666666666288,0.0,0,0,0.031068155364903427,0.29193522071297656,0.7619,1
3973,56101.14,7474.37,2315.11,0.3097,731,30,0,0,0.005333333333333357,-5.0,0.3333333333333333,1,9,0.004364916952245482,0.4952006321806935,0.6903,0
3974,87044.57,8918.78,989.54,0.111,643,35,0,0,0.003699999999999995,0.0,0.3333333333333333,1,16,0.0037583240945932204,0.13641838885944266,0.889,0
3975,48347.14,14745.72,2804.22,0.1902,692,59,0,0,0.02843333333333331,0.33333333333337123,0.3333333333333333,1,20,0.02441591580187901,0.696021315669298,0.8098,1
3976,47555.4,5748.81,1448.11,0.2519,632,40,0,0,0.0010666666666666602,-0.33333333333337123,0.0,0,0,0.0030356676000145057,0.36541212976055404,0.7481,1
3977,22551.36,4870.81,1095.21,0.2249,785,38,0,0,0.005133333333333323,10.333333333333371,0.0,0,0,0.0035070563788517006,0.5827817033210688,0.7751,0
3978,114537.09,11212.6,3002.88,0.2678,603,35,0,0,0.0015000000000000013,0.0,0.0,0,0,0.0040870051518332095,0.31461040258858225,0.7322,0
3979,57454.73,6568.26,2102.5,0.3201,663,43,0,0,-0.013966666666666683,2.3333333333333712,0.0,0,0,0.008984724691262241,0.4391283362523931,0.6799,0
3980,38327.49,8830.8,1879.98,0.2129,742,51,0,0,-0.003066666666666662,6.333333333333371,0.0,0,0,0.004106701839676209,0.5886052019826171,0.7871,0
3981,70662.91,500.0,50.48,0.101,656,35,0,0,0.0016666666666666635,5.0,0.0,0,0,0.0018580904176062033,0.008572531189235337,0.899,0
3982,88285.31,5447.49,1408.56,0.2586,706,35,0,0,0.02636666666666665,2.3333333333333712,0.0,1,44,0.024320059164767205,0.1914556339860225,0.7414000000000001,0
3983,86534.35,7703.42,761.2,0.0988,613,42,0,0,-0.004266666666666669,6.666666666666629,0.0,0,0,0.0029275036768171216,0.10555808183378396,0.9012,0
3984,46188.43,2950.17,587.0,0.199,723,47,0,0,0.009466666666666651,6.666666666666629,0.0,0,0,0.008072484128197487,0.15250572487893466,0.8009999999999999,0
3985,95624.65,6409.37,1245.15,0.1943,706,21,0,0,-0.004766666666666641,-0.33333333333337123,0.0,0,0,0.0055408583370368724,0.15625468954003957,0.8057,0
3986,82527.97,16935.04,3599.36,0.2125,632,58,0,0,0.014033333333333342,3.3333333333333712,0.0,0,0,0.008930954285206266,0.5233658357732489,0.7875,0
3987,53348.35,7148.9,2195.33,0.3071,723,38,0,0,-0.008066666666666666,-9.333333333333371,0.0,0,0,0.006916425698613722,0.49381021145123094,0.6929000000000001,0
3988,36474.56,500.0,164.59,0.3292,751,30,0,0,-0.0033666666666666845,-6.0,0.0,0,0,0.007301559955090296,0.05414952227936967,0.6708000000000001,0
3989,48194.43,5904.6,1558.43,0.2639,663,21,1,55,0.014466666666666655,-6.3333333333332575,0.3333333333333333,1,55,0.007933788502348682,0.38803571274405724,0.7361,0
3990,22655.53,4090.07,1413.37,0.3456,742,33,0,0,0.011133333333333328,-0.6666666666667425,0.0,0,0,0.006232464288795484,0.7486225213454079,0.6544,0
3991,46671.53,6521.01,870.02,0.1334,651,34,0,0,-0.0010333333333333583,-3.3333333333333712,0.0,0,0,0.0022104549556847173,0.22369611618294166,0.8666,1
3992,60195.61,9525.37,4867.09,0.511,704,21,0,0,0.09093333333333342,3.3333333333333712,0.0,0,0,0.07718706173964653,0.9702548074246101,0.489,0
3993,51550.61,12105.22,2634.59,0.2176,812,42,0,0,0.004899999999999988,6.666666666666629,0.0,0,0,0.0055629228927885615,0.6132823645082107,0.7824,0
3994,65485.33,8375.49,2738.28,0.3269,716,38,0,0,0.005266666666666697,0.0,0.0,1,53,0.008289149534180192,0.5017820020755582,0.6731,0
3995,35888.08,17315.16,6251.81,0.3611,668,26,0,0,0.05803333333333338,-4.0,0.0,0,0,0.049547950961108825,2.090435597973332,0.6389,0
3996,45050.68,8315.3,3118.02,0.375,735,33,0,0,0.024466666666666748,0.6666666666666288,0.0,1,52,0.016565383920828538,0.8305366309683574,0.625,0
3997,48584.17,6920.22,1187.94,0.1717,631,32,0,0,-0.002799999999999969,5.0,0.0,0,0,0.0032343640968683605,0.2934140893315463,0.8283,0
3998,39334.14,3442.52,1050.31,0.3051,725,47,0,0,0.006033333333333335,6.0,0.0,1,39,0.00819457815333475,0.32042698775554457,0.6949000000000001,0
3999,42337.78,13037.45,3553.51,0.2726,598,38,0,0,0.0030666666666667175,1.3333333333332575,0.0,0,0,0.003979565861302501,1.007188378510015,0.7274,0
